# Created by Metasequoia

mtllib Express 1000_’†ŠÔÔÔ‘Ì.mtl

v 0.000000 283.000000 -1473.000000
v 0.000000 0.000000 -1473.000000
v 0.000000 0.000000 83.470001
v 0.000000 283.000000 83.470001
v -140.000000 251.000000 -1473.000000
v -140.000000 0.000000 -1473.000000
v -140.000000 0.000000 83.470001
v -140.000000 251.000000 83.470001
v -46.119999 281.500000 -1473.000000
v -46.119999 281.500000 83.470001
v -66.449997 278.600006 -1473.000000
v -66.449997 278.600006 83.470001
v -112.400002 272.000000 -1473.000000
v -112.400002 272.000000 83.470001
v -129.399994 261.299988 -1473.000000
v -129.399994 261.299988 83.470001
v -140.000000 97.020782 -1473.000000
v -140.000000 97.020782 83.470001
v -140.000000 211.049988 -1473.000000
v -140.000000 211.049988 83.470001
v -140.000000 211.049988 53.474060
v -140.000000 97.020782 53.474060
v -140.000000 211.050003 -98.970909
v -140.000000 97.020782 -98.970909
v -140.000000 14.061504 -1473.000000
v -140.000000 14.060000 83.470001
v -140.000000 211.050003 -161.800003
v -140.000000 97.020782 -161.779373
v -140.000000 211.050003 -275.200012
v -140.000000 97.020782 -275.150146
v -140.000000 211.050018 -218.290024
v -140.000000 14.060143 -161.779373
v -140.000000 14.060261 -275.150146
v -140.000000 14.060202 -218.290024
v -140.000000 102.410797 -161.779373
v -140.000000 102.410797 -275.150146
v -140.000000 202.144775 -161.779358
v -140.000000 202.144775 -275.150146
v -140.000000 211.049988 -337.689636
v -140.000000 97.020782 -337.689636
v -140.000000 97.020782 -574.936096
v -140.000000 211.049988 -574.936096
v -140.000000 105.041512 -574.936096
v -140.000000 105.041512 -337.689636
v -140.000000 202.194519 -337.689636
v -140.000000 202.194519 -574.936096
v -140.000000 155.676147 -567.986023
v -140.000000 105.041519 -462.139465
v -140.000000 160.286316 -567.986023
v -140.000000 202.194519 -462.139465
v -140.000000 202.194519 -451.036163
v -140.000000 105.041519 -451.036163
v -140.000000 211.049988 -639.591431
v -140.000000 97.020782 -639.382263
v -140.000000 211.049988 -751.700012
v -140.000000 97.020782 -751.686890
v -140.000000 14.060755 -751.686890
v -140.000000 14.060638 -639.382263
v -140.000000 14.060696 -695.171326
v -140.000000 211.049988 -695.171326
v -140.000000 102.662788 -639.382263
v -140.000000 202.123871 -639.382263
v -140.000000 102.662788 -751.686890
v -140.000000 202.123871 -751.686890
v -140.000000 211.049988 -814.458984
v -140.000000 97.020782 -814.458984
v -140.000000 97.020782 -1051.765137
v -140.000000 211.049988 -1051.765137
v -140.000000 104.875626 -1051.765137
v -140.000000 104.875626 -814.458984
v -140.000000 202.272003 -1051.765137
v -140.000000 202.272003 -814.458984
v -140.000000 160.177475 -1044.523193
v -140.000000 202.272003 -938.808472
v -140.000000 155.635590 -1044.523193
v -140.000000 104.875626 -938.808472
v -140.000000 202.272003 -928.325073
v -140.000000 104.875626 -928.325073
v -140.000000 14.061133 -1116.230957
v -140.000000 97.020790 -1116.230957
v -140.000000 14.061251 -1229.262817
v -140.000000 97.020790 -1229.262817
v -140.000000 211.049988 -1229.000000
v -140.000000 211.049988 -1116.114014
v -140.000000 211.049988 -1172.435059
v -140.000000 14.061192 -1172.435059
v -140.000000 102.720207 -1116.230957
v -140.000000 102.720207 -1229.262817
v -140.000000 202.161896 -1116.230957
v -140.000000 202.161896 -1229.262817
v -140.000000 202.157867 -98.970909
v -140.000000 202.157867 53.474060
v -140.000000 104.826393 53.474060
v -140.000000 104.826393 -98.970909
v -140.000000 97.020790 -1291.440674
v -140.000000 211.049988 -1291.440674
v -140.000000 211.049988 -1443.183838
v -140.000000 97.020782 -1443.183838
v -140.000000 104.873367 -1443.183838
v -140.000000 104.873367 -1291.440674
v -140.000000 202.269806 -1291.440674
v -140.000000 202.269806 -1443.183838
v -129.000000 14.060000 -1466.649170
v -129.000000 14.060000 77.470001
v -129.000000 211.049988 53.474060
v -129.000000 211.050003 -98.970909
v -129.000000 14.061504 -1468.080688
v -129.000000 14.060000 77.470001
v -129.000000 211.050003 -161.779373
v -129.000000 97.020782 -161.779373
v -129.000000 211.050003 -275.150146
v -129.000000 97.020782 -275.150146
v -129.000000 211.050018 -218.290024
v -129.000000 14.060143 -161.779373
v -129.000000 14.060261 -275.150146
v -129.000000 14.060202 -218.290024
v -129.000000 102.410797 -161.779373
v -129.000000 102.410797 -275.150146
v -129.000000 202.144775 -161.779358
v -129.000000 202.144775 -275.150146
v -129.000000 105.041519 -567.986023
v -129.000000 155.676147 -567.986023
v -129.000000 105.041519 -462.139465
v -129.000000 160.286316 -567.986023
v -129.000000 202.194519 -462.139465
v -129.000000 202.194519 -451.036163
v -129.000000 105.041519 -451.036163
v -129.000000 211.049988 -639.382263
v -129.000000 97.020782 -639.382263
v -129.000000 211.049988 -751.686890
v -129.000000 97.020782 -751.686890
v -129.000000 14.060755 -751.686890
v -129.000000 14.060638 -639.382263
v -129.000000 14.060696 -695.171326
v -129.000000 211.049988 -695.171326
v -129.000000 102.662788 -639.382263
v -129.000000 202.123871 -639.382263
v -129.000000 102.662788 -751.686890
v -129.000000 202.123871 -751.686890
v -129.000000 160.177475 -1044.523193
v -129.000000 202.272003 -938.808472
v -129.000000 155.635590 -1044.523193
v -129.000000 104.875626 -938.808472
v -129.000000 202.272003 -928.325073
v -129.000000 104.875626 -928.325073
v -129.000000 14.061133 -1116.230957
v -129.000000 97.020790 -1116.230957
v -129.000000 14.061251 -1229.262817
v -129.000000 97.020790 -1229.262817
v -129.000000 211.049988 -1229.262817
v -129.000000 211.049988 -1116.230957
v -129.000000 211.049988 -1172.435059
v -129.000000 14.061192 -1172.435059
v -129.000000 102.720207 -1116.230957
v -129.000000 102.720207 -1229.262817
v -129.000000 202.161896 -1116.230957
v -129.000000 202.161896 -1229.262817
v -129.000000 202.157867 -98.970909
v -129.000000 202.157867 53.474060
v -129.000000 202.157883 45.411438
v -129.000000 202.157883 -91.585129
v -136.000000 211.050003 -161.779373
v -136.000000 97.020782 -161.779373
v -136.000000 211.050003 -275.150146
v -136.000000 97.020782 -275.150146
v -136.000000 211.050018 -218.290024
v -136.000000 14.060143 -161.779373
v -136.000000 14.060261 -275.150146
v -136.000000 14.060202 -218.290024
v -136.000000 102.410797 -161.779373
v -136.000000 102.410797 -275.150146
v -136.000000 202.144775 -161.779358
v -136.000000 202.144775 -275.150146
v -136.000000 211.049988 -639.382263
v -136.000000 97.020782 -639.382263
v -136.000000 211.049988 -751.686890
v -136.000000 97.020782 -751.686890
v -136.000000 14.060755 -751.686890
v -136.000000 14.060638 -639.382263
v -136.000000 14.060696 -695.171326
v -136.000000 211.049988 -695.171326
v -136.000000 102.662788 -639.382263
v -136.000000 202.123871 -639.382263
v -136.000000 102.662788 -751.686890
v -136.000000 202.123871 -751.686890
v -136.000000 14.061133 -1116.230957
v -136.000000 97.020790 -1116.230957
v -136.000000 14.061251 -1229.262817
v -136.000000 97.020790 -1229.262817
v -136.000000 211.049988 -1229.262817
v -136.000000 211.049988 -1116.230957
v -136.000000 211.049988 -1172.435059
v -136.000000 14.061192 -1172.435059
v -136.000000 102.720207 -1116.230957
v -136.000000 102.720207 -1229.262817
v -136.000000 202.161896 -1116.230957
v -136.000000 202.161896 -1229.262817
v -133.000000 211.050003 -161.779373
v -133.000000 97.020782 -161.779373
v -133.000000 211.050003 -275.150146
v -133.000000 97.020782 -275.150146
v -133.000000 211.050018 -218.290024
v -133.000000 14.060143 -161.779373
v -133.000000 14.060261 -275.150146
v -133.000000 14.060202 -218.290024
v -133.000000 102.410797 -161.779373
v -133.000000 102.410797 -275.150146
v -133.000000 202.144775 -161.779358
v -133.000000 202.144775 -275.150146
v -133.000000 211.049988 -639.382263
v -133.000000 97.020782 -639.382263
v -133.000000 211.049988 -751.686890
v -133.000000 97.020782 -751.686890
v -133.000000 14.060755 -751.686890
v -133.000000 14.060638 -639.382263
v -133.000000 14.060696 -695.171326
v -133.000000 211.049988 -695.171326
v -133.000000 102.662788 -639.382263
v -133.000000 202.123871 -639.382263
v -133.000000 102.662788 -751.686890
v -133.000000 202.123871 -751.686890
v -133.000000 14.061133 -1116.230957
v -133.000000 97.020790 -1116.230957
v -133.000000 14.061251 -1229.262817
v -133.000000 97.020790 -1229.262817
v -133.000000 211.049988 -1229.262817
v -133.000000 211.049988 -1116.230957
v -133.000000 211.049988 -1172.435059
v -133.000000 14.061192 -1172.435059
v -133.000000 102.720207 -1116.230957
v -133.000000 102.720207 -1229.262817
v -133.000000 202.161896 -1116.230957
v -133.000000 202.161896 -1229.262817
v -142.000000 105.041512 -574.936096
v -142.000000 105.041512 -337.689636
v -142.000000 202.194519 -337.689636
v -142.000000 202.194519 -574.936096
v -142.000000 202.194519 -345.271240
v -142.000000 105.041512 -345.271240
v -142.000000 105.041519 -567.986023
v -142.000000 202.194519 -567.986023
v -142.000000 155.676147 -567.986023
v -142.000000 105.041519 -462.139465
v -142.000000 160.286316 -567.986023
v -142.000000 202.194519 -462.139465
v -142.000000 202.194519 -451.036163
v -142.000000 105.041519 -451.036163
v -142.000000 104.875626 -1051.765137
v -142.000000 104.875626 -814.458984
v -142.000000 202.272003 -1051.765137
v -142.000000 202.272003 -814.458984
v -142.000000 104.875626 -1044.523193
v -142.000000 202.272003 -1044.523193
v -142.000000 104.875626 -821.917419
v -142.000000 202.272003 -821.917419
v -142.000000 160.177475 -1044.523193
v -142.000000 202.272003 -938.808472
v -142.000000 155.635590 -1044.523193
v -142.000000 104.875626 -938.808472
v -142.000000 202.272003 -928.325073
v -142.000000 104.875626 -928.325073
v -142.000000 202.157867 -98.970909
v -142.000000 202.157867 53.474060
v -142.000000 104.826393 53.474060
v -142.000000 104.826393 -98.970909
v -142.000000 104.826401 45.411438
v -142.000000 202.157883 45.411438
v -142.000000 202.157883 -91.585129
v -142.000000 104.826385 -91.585129
v -142.000000 104.873367 -1443.183838
v -142.000000 104.873367 -1291.440674
v -142.000000 202.269806 -1291.440674
v -142.000000 202.269806 -1443.183838
v -142.000000 104.873367 -1298.517090
v -142.000000 202.269806 -1298.517090
v -142.000000 202.269806 -1435.781006
v -142.000000 104.873367 -1435.911133
v -140.000000 104.826401 40.411438
v -129.000000 104.826401 40.411438
v -129.000000 104.826385 -86.585129
v -140.000000 104.826385 -86.585129
v -140.000000 197.157883 45.411438
v -129.000000 197.157883 45.411438
v -129.000000 109.826401 45.411438
v -140.000000 109.826401 45.411438
v -140.000000 202.157883 40.411438
v -140.000000 202.157883 -86.585129
v -129.000000 202.157883 -86.585129
v -129.000000 202.157883 40.411438
v -140.000000 109.826385 -91.585129
v -129.000000 109.826385 -91.585129
v -129.000000 197.157883 -91.585129
v -140.000000 197.157883 -91.585129
v -142.000000 109.826401 45.411438
v -142.000000 197.157883 45.411438
v -142.000000 197.157883 -91.585129
v -142.000000 109.826385 -91.585129
v -142.000000 206.049988 53.474060
v -140.000000 206.049988 53.474060
v -142.000000 211.050003 -93.970909
v -142.000000 211.049988 48.474060
v -140.000000 211.049988 48.474060
v -140.000000 211.050003 -93.970909
v -142.000000 206.050003 -98.970909
v -140.000000 206.050003 -98.970909
v -142.000000 202.157883 40.411438
v -142.000000 202.157883 -86.585129
v -142.000000 102.020782 -98.970909
v -140.000000 102.020782 -98.970909
v -142.000000 97.020782 48.474060
v -142.000000 97.020782 -93.970909
v -140.000000 97.020782 -93.970909
v -140.000000 97.020782 48.474060
v -142.000000 102.020782 53.474060
v -140.000000 102.020782 53.474060
v -142.000000 104.826385 -86.585129
v -142.000000 104.826401 40.411438
v -129.000000 108.532303 45.241066
v -140.000000 108.532303 45.241066
v -129.000000 107.326401 44.741566
v -140.000000 107.326401 44.741566
v -129.000000 106.290863 43.946972
v -140.000000 106.290863 43.946972
v -129.000000 105.496277 42.911438
v -140.000000 105.496277 42.911438
v -129.000000 104.996773 41.705532
v -140.000000 104.996773 41.705532
v -129.000000 201.987518 41.705532
v -140.000000 201.987518 41.705532
v -129.000000 201.488007 42.911438
v -140.000000 201.488007 42.911438
v -129.000000 200.693420 43.946972
v -140.000000 200.693420 43.946972
v -129.000000 199.657883 44.741566
v -140.000000 199.657883 44.741566
v -129.000000 198.451981 45.241066
v -140.000000 198.451981 45.241066
v -140.000000 108.532288 -91.414757
v -129.000000 108.532288 -91.414757
v -140.000000 107.326385 -90.915253
v -129.000000 107.326385 -90.915253
v -140.000000 106.290848 -90.120667
v -129.000000 106.290848 -90.120667
v -140.000000 105.496262 -89.085129
v -129.000000 105.496262 -89.085129
v -140.000000 104.996758 -87.879227
v -129.000000 104.996758 -87.879227
v -129.000000 198.451981 -91.414757
v -140.000000 198.451981 -91.414757
v -129.000000 199.657883 -90.915253
v -140.000000 199.657883 -90.915253
v -129.000000 200.693420 -90.120667
v -140.000000 200.693420 -90.120667
v -129.000000 201.488007 -89.085129
v -140.000000 201.488007 -89.085129
v -129.000000 201.987518 -87.879227
v -140.000000 201.987518 -87.879227
v -142.000000 210.879623 49.768154
v -140.000000 210.879623 49.768154
v -142.000000 210.380112 50.974060
v -140.000000 210.380112 50.974060
v -142.000000 209.585526 52.009594
v -140.000000 209.585526 52.009594
v -142.000000 208.549988 52.804188
v -140.000000 208.549988 52.804188
v -142.000000 207.344086 53.303688
v -140.000000 207.344086 53.303688
v -142.000000 207.344101 -98.800537
v -140.000000 207.344101 -98.800537
v -142.000000 208.550003 -98.301033
v -140.000000 208.550003 -98.301033
v -142.000000 209.585541 -97.506439
v -140.000000 209.585541 -97.506439
v -142.000000 210.380127 -96.470909
v -140.000000 210.380127 -96.470909
v -142.000000 210.879639 -95.265007
v -140.000000 210.879639 -95.265007
v -142.000000 201.987518 -87.879227
v -142.000000 201.488007 -89.085129
v -142.000000 200.693420 -90.120667
v -142.000000 199.657883 -90.915253
v -142.000000 198.451981 -91.414757
v -142.000000 201.987518 41.705532
v -142.000000 201.488007 42.911438
v -142.000000 200.693420 43.946972
v -142.000000 199.657883 44.741566
v -142.000000 198.451981 45.241066
v -142.000000 97.191154 -95.265007
v -140.000000 97.191154 -95.265007
v -142.000000 97.690659 -96.470909
v -140.000000 97.690659 -96.470909
v -142.000000 98.485245 -97.506439
v -140.000000 98.485245 -97.506439
v -142.000000 99.520782 -98.301033
v -140.000000 99.520782 -98.301033
v -142.000000 100.726685 -98.800537
v -140.000000 100.726685 -98.800537
v -142.000000 100.726685 53.303688
v -140.000000 100.726685 53.303688
v -142.000000 99.520782 52.804188
v -140.000000 99.520782 52.804188
v -142.000000 98.485245 52.009594
v -140.000000 98.485245 52.009594
v -142.000000 97.690659 50.974060
v -140.000000 97.690659 50.974060
v -142.000000 97.191154 49.768154
v -140.000000 97.191154 49.768154
v -142.000000 104.996773 41.705532
v -142.000000 105.496277 42.911438
v -142.000000 106.290863 43.946972
v -142.000000 107.326401 44.741566
v -142.000000 108.532303 45.241066
v -142.000000 104.996758 -87.879227
v -142.000000 105.496262 -89.085129
v -142.000000 106.290848 -90.120667
v -142.000000 107.326385 -90.915253
v -142.000000 108.532288 -91.414757
v -140.000000 110.041512 -345.271240
v -140.000000 197.194519 -345.271240
v -129.000000 197.194519 -345.271240
v -129.000000 110.041512 -345.271240
v -140.000000 110.041519 -567.986023
v -129.000000 110.041519 -567.986023
v -140.000000 197.194519 -567.986023
v -129.000000 197.194519 -567.986023
v -140.000000 202.194519 -562.986023
v -129.000000 202.194519 -562.986023
v -140.000000 202.194519 -350.271240
v -129.000000 202.194519 -350.271240
v -140.000000 105.041512 -350.271240
v -129.000000 105.041512 -350.271240
v -140.000000 105.041519 -562.986023
v -129.000000 105.041519 -562.986023
v -142.000000 110.041512 -345.271240
v -142.000000 197.194519 -345.271240
v -142.000000 110.041519 -567.986023
v -142.000000 197.194519 -567.986023
v -142.000000 206.049988 -337.689636
v -140.000000 206.049988 -337.689636
v -142.000000 211.049988 -569.936096
v -142.000000 211.049988 -342.689636
v -140.000000 211.049988 -342.689636
v -140.000000 211.049988 -569.936096
v -142.000000 206.049988 -574.936096
v -140.000000 206.049988 -574.936096
v -142.000000 202.194519 -562.986023
v -142.000000 202.194519 -350.271240
v -142.000000 102.020782 -574.936096
v -140.000000 102.020782 -574.936096
v -142.000000 97.020782 -342.689636
v -142.000000 97.020782 -569.936096
v -140.000000 97.020782 -569.936096
v -140.000000 97.020782 -342.689636
v -142.000000 102.020782 -337.689636
v -140.000000 102.020782 -337.689636
v -142.000000 105.041512 -350.271240
v -142.000000 105.041519 -562.986023
v -140.000000 202.024155 -564.280090
v -129.000000 202.024155 -564.280090
v -140.000000 201.524643 -565.486023
v -129.000000 201.524643 -565.486023
v -140.000000 200.730057 -566.521545
v -129.000000 200.730057 -566.521545
v -140.000000 199.694519 -567.316162
v -129.000000 199.694519 -567.316162
v -140.000000 198.488617 -567.815674
v -129.000000 198.488617 -567.815674
v -129.000000 202.024155 -348.977142
v -140.000000 202.024155 -348.977142
v -129.000000 201.524643 -347.771240
v -140.000000 201.524643 -347.771240
v -129.000000 200.730057 -346.735718
v -140.000000 200.730057 -346.735718
v -129.000000 199.694519 -345.941101
v -140.000000 199.694519 -345.941101
v -129.000000 198.488617 -345.441620
v -140.000000 198.488617 -345.441620
v -140.000000 105.211884 -348.977142
v -129.000000 105.211884 -348.977142
v -140.000000 105.711388 -347.771240
v -129.000000 105.711388 -347.771240
v -140.000000 106.505981 -346.735718
v -129.000000 106.505981 -346.735718
v -140.000000 107.541512 -345.941101
v -129.000000 107.541512 -345.941101
v -140.000000 108.747414 -345.441620
v -129.000000 108.747414 -345.441620
v -129.000000 105.211891 -564.280090
v -140.000000 105.211891 -564.280090
v -129.000000 105.711395 -565.486023
v -140.000000 105.711395 -565.486023
v -129.000000 106.505981 -566.521545
v -140.000000 106.505981 -566.521545
v -129.000000 107.541519 -567.316162
v -140.000000 107.541519 -567.316162
v -129.000000 108.747421 -567.815674
v -140.000000 108.747421 -567.815674
v -142.000000 210.879623 -341.395538
v -140.000000 210.879623 -341.395538
v -142.000000 210.380112 -340.189636
v -140.000000 210.380112 -340.189636
v -142.000000 209.585526 -339.154114
v -140.000000 209.585526 -339.154114
v -142.000000 208.549988 -338.359497
v -140.000000 208.549988 -338.359497
v -142.000000 207.344086 -337.860016
v -140.000000 207.344086 -337.860016
v -142.000000 207.344086 -574.765747
v -140.000000 207.344086 -574.765747
v -142.000000 208.549988 -574.266235
v -140.000000 208.549988 -574.266235
v -142.000000 209.585526 -573.471619
v -140.000000 209.585526 -573.471619
v -142.000000 210.380112 -572.436096
v -140.000000 210.380112 -572.436096
v -142.000000 210.879623 -571.230164
v -140.000000 210.879623 -571.230164
v -142.000000 202.024155 -564.280090
v -142.000000 201.524643 -565.486023
v -142.000000 200.730057 -566.521545
v -142.000000 199.694519 -567.316162
v -142.000000 198.488617 -567.815674
v -142.000000 202.024155 -348.977142
v -142.000000 201.524643 -347.771240
v -142.000000 200.730057 -346.735718
v -142.000000 199.694519 -345.941101
v -142.000000 198.488617 -345.441620
v -142.000000 97.191154 -571.230164
v -140.000000 97.191154 -571.230164
v -142.000000 97.690659 -572.436096
v -140.000000 97.690659 -572.436096
v -142.000000 98.485245 -573.471619
v -140.000000 98.485245 -573.471619
v -142.000000 99.520782 -574.266235
v -140.000000 99.520782 -574.266235
v -142.000000 100.726685 -574.765747
v -140.000000 100.726685 -574.765747
v -142.000000 100.726685 -337.860016
v -140.000000 100.726685 -337.860016
v -142.000000 99.520782 -338.359497
v -140.000000 99.520782 -338.359497
v -142.000000 98.485245 -339.154114
v -140.000000 98.485245 -339.154114
v -142.000000 97.690659 -340.189636
v -140.000000 97.690659 -340.189636
v -142.000000 97.191154 -341.395538
v -140.000000 97.191154 -341.395538
v -142.000000 105.211884 -348.977142
v -142.000000 105.711388 -347.771240
v -142.000000 106.505981 -346.735718
v -142.000000 107.541512 -345.941101
v -142.000000 108.747414 -345.441620
v -142.000000 105.211891 -564.280090
v -142.000000 105.711395 -565.486023
v -142.000000 106.505981 -566.521545
v -142.000000 107.541519 -567.316162
v -142.000000 108.747421 -567.815674
v -140.000000 109.875626 -821.917419
v -140.000000 197.272003 -821.917419
v -129.000000 197.272003 -821.917419
v -129.000000 109.875626 -821.917419
v -140.000000 109.875626 -1044.523193
v -129.000000 109.875626 -1044.523193
v -140.000000 197.272003 -1044.523193
v -129.000000 197.272003 -1044.523193
v -140.000000 202.272003 -1039.523193
v -129.000000 202.272003 -1039.523193
v -140.000000 202.272003 -826.917419
v -129.000000 202.272003 -826.917419
v -140.000000 104.875626 -826.917419
v -129.000000 104.875626 -826.917419
v -140.000000 104.875626 -1039.523193
v -129.000000 104.875626 -1039.523193
v -142.000000 109.875626 -821.917419
v -142.000000 197.272003 -821.917419
v -142.000000 109.875626 -1044.523193
v -142.000000 197.272003 -1044.523193
v -142.000000 206.049988 -814.458984
v -140.000000 206.049988 -814.458984
v -142.000000 211.049988 -1046.765137
v -142.000000 211.049988 -819.458984
v -140.000000 211.049988 -819.458984
v -140.000000 211.049988 -1046.765137
v -142.000000 206.049988 -1051.765137
v -140.000000 206.049988 -1051.765137
v -142.000000 202.272003 -1039.523193
v -142.000000 202.272003 -826.917419
v -142.000000 102.020782 -1051.765137
v -140.000000 102.020782 -1051.765137
v -142.000000 97.020782 -819.458984
v -142.000000 97.020782 -1046.765137
v -140.000000 97.020782 -1046.765137
v -140.000000 97.020782 -819.458984
v -142.000000 102.020782 -814.458984
v -140.000000 102.020782 -814.458984
v -142.000000 104.875626 -826.917419
v -142.000000 104.875626 -1039.523193
v -140.000000 202.101639 -1040.817261
v -129.000000 202.101639 -1040.817261
v -140.000000 201.602127 -1042.023193
v -129.000000 201.602127 -1042.023193
v -140.000000 200.807541 -1043.058716
v -129.000000 200.807541 -1043.058716
v -140.000000 199.772003 -1043.853271
v -129.000000 199.772003 -1043.853271
v -140.000000 198.566101 -1044.352783
v -129.000000 198.566101 -1044.352783
v -129.000000 202.101639 -825.623352
v -140.000000 202.101639 -825.623352
v -129.000000 201.602127 -824.417419
v -140.000000 201.602127 -824.417419
v -129.000000 200.807541 -823.381897
v -140.000000 200.807541 -823.381897
v -129.000000 199.772003 -822.587280
v -140.000000 199.772003 -822.587280
v -129.000000 198.566101 -822.087769
v -140.000000 198.566101 -822.087769
v -140.000000 105.045998 -825.623352
v -129.000000 105.045998 -825.623352
v -140.000000 105.545502 -824.417419
v -129.000000 105.545502 -824.417419
v -140.000000 106.340088 -823.381897
v -129.000000 106.340088 -823.381897
v -140.000000 107.375626 -822.587280
v -129.000000 107.375626 -822.587280
v -140.000000 108.581528 -822.087769
v -129.000000 108.581528 -822.087769
v -129.000000 105.045998 -1040.817261
v -140.000000 105.045998 -1040.817261
v -129.000000 105.545502 -1042.023193
v -140.000000 105.545502 -1042.023193
v -129.000000 106.340088 -1043.058716
v -140.000000 106.340088 -1043.058716
v -129.000000 107.375626 -1043.853271
v -140.000000 107.375626 -1043.853271
v -129.000000 108.581528 -1044.352783
v -140.000000 108.581528 -1044.352783
v -142.000000 210.879623 -818.164917
v -140.000000 210.879623 -818.164917
v -142.000000 210.380112 -816.958984
v -140.000000 210.380112 -816.958984
v -142.000000 209.585526 -815.923462
v -140.000000 209.585526 -815.923462
v -142.000000 208.549988 -815.128845
v -140.000000 208.549988 -815.128845
v -142.000000 207.344086 -814.629333
v -140.000000 207.344086 -814.629333
v -142.000000 207.344086 -1051.594727
v -140.000000 207.344086 -1051.594727
v -142.000000 208.549988 -1051.095215
v -140.000000 208.549988 -1051.095215
v -142.000000 209.585526 -1050.300659
v -140.000000 209.585526 -1050.300659
v -142.000000 210.380112 -1049.265137
v -140.000000 210.380112 -1049.265137
v -142.000000 210.879623 -1048.059204
v -140.000000 210.879623 -1048.059204
v -142.000000 202.101639 -1040.817261
v -142.000000 201.602127 -1042.023193
v -142.000000 200.807541 -1043.058716
v -142.000000 199.772003 -1043.853271
v -142.000000 198.566101 -1044.352783
v -142.000000 202.101639 -825.623352
v -142.000000 201.602127 -824.417419
v -142.000000 200.807541 -823.381897
v -142.000000 199.772003 -822.587280
v -142.000000 198.566101 -822.087769
v -142.000000 97.191154 -1048.059204
v -140.000000 97.191154 -1048.059204
v -142.000000 97.690659 -1049.265137
v -140.000000 97.690659 -1049.265137
v -142.000000 98.485245 -1050.300659
v -140.000000 98.485245 -1050.300659
v -142.000000 99.520782 -1051.095215
v -140.000000 99.520782 -1051.095215
v -142.000000 100.726685 -1051.594727
v -140.000000 100.726685 -1051.594727
v -142.000000 100.726685 -814.629333
v -140.000000 100.726685 -814.629333
v -142.000000 99.520782 -815.128845
v -140.000000 99.520782 -815.128845
v -142.000000 98.485245 -815.923462
v -140.000000 98.485245 -815.923462
v -142.000000 97.690659 -816.958984
v -140.000000 97.690659 -816.958984
v -142.000000 97.191154 -818.164917
v -140.000000 97.191154 -818.164917
v -142.000000 105.045998 -825.623352
v -142.000000 105.545502 -824.417419
v -142.000000 106.340088 -823.381897
v -142.000000 107.375626 -822.587280
v -142.000000 108.581528 -822.087769
v -142.000000 105.045998 -1040.817261
v -142.000000 105.545502 -1042.023193
v -142.000000 106.340088 -1043.058716
v -142.000000 107.375626 -1043.853271
v -142.000000 108.581528 -1044.352783
v -140.000000 109.873367 -1298.517090
v -140.000000 197.269806 -1298.517090
v -129.000000 197.269806 -1298.517090
v -129.000000 109.873367 -1298.517090
v -140.000000 197.269806 -1435.846069
v -140.000000 109.873360 -1435.846069
v -129.000000 109.873360 -1435.846069
v -129.000000 197.269806 -1435.846069
v -140.000000 202.269806 -1303.517090
v -140.000000 202.269806 -1430.781006
v -129.000000 202.269806 -1430.781006
v -129.000000 202.269806 -1303.517090
v -140.000000 104.873367 -1430.911133
v -140.000000 104.873367 -1303.517090
v -129.000000 104.873367 -1303.517090
v -129.000000 104.873367 -1430.911133
v -142.000000 109.873367 -1298.517090
v -142.000000 197.269806 -1298.517090
v -142.000000 197.269806 -1435.787720
v -142.000000 109.873360 -1435.904419
v -142.000000 206.049988 -1291.440674
v -140.000000 206.049988 -1291.440674
v -142.000000 211.049988 -1438.183838
v -142.000000 211.049988 -1296.440674
v -140.000000 211.049988 -1296.440674
v -140.000000 211.049988 -1438.183838
v -142.000000 206.049988 -1443.183838
v -140.000000 206.049988 -1443.183838
v -142.000000 202.269806 -1303.517090
v -142.000000 202.269806 -1430.781006
v -142.000000 102.020782 -1443.183838
v -140.000000 102.020782 -1443.183838
v -142.000000 97.020790 -1296.440674
v -142.000000 97.020782 -1438.183838
v -140.000000 97.020782 -1438.183838
v -140.000000 97.020790 -1296.440674
v -142.000000 102.020790 -1291.440674
v -140.000000 102.020790 -1291.440674
v -142.000000 104.873367 -1430.911133
v -142.000000 104.873367 -1303.517090
v -140.000000 202.099442 -1432.075317
v -129.000000 202.099442 -1432.075317
v -140.000000 201.599930 -1433.281860
v -129.000000 201.599930 -1433.281860
v -140.000000 200.805344 -1434.318481
v -129.000000 200.805344 -1434.318481
v -140.000000 199.769806 -1435.114380
v -129.000000 199.769806 -1435.114380
v -140.000000 198.563904 -1435.615601
v -129.000000 198.563904 -1435.615601
v -129.000000 202.099442 -1302.223022
v -140.000000 202.099442 -1302.223022
v -129.000000 201.599930 -1301.017090
v -140.000000 201.599930 -1301.017090
v -129.000000 200.805344 -1299.981567
v -140.000000 200.805344 -1299.981567
v -129.000000 199.769806 -1299.187012
v -140.000000 199.769806 -1299.187012
v -129.000000 198.563904 -1298.687500
v -140.000000 198.563904 -1298.687500
v -140.000000 105.043739 -1302.223022
v -129.000000 105.043739 -1302.223022
v -140.000000 105.543243 -1301.017090
v -129.000000 105.543243 -1301.017090
v -140.000000 106.337830 -1299.981567
v -129.000000 106.337830 -1299.981567
v -140.000000 107.373367 -1299.187012
v -129.000000 107.373367 -1299.187012
v -140.000000 108.579269 -1298.687500
v -129.000000 108.579269 -1298.687500
v -129.000000 105.043739 -1432.204956
v -140.000000 105.043739 -1432.204956
v -129.000000 105.543243 -1433.410278
v -140.000000 105.543243 -1433.410278
v -129.000000 106.337830 -1434.444702
v -140.000000 106.337830 -1434.444702
v -129.000000 107.373367 -1435.237915
v -140.000000 107.373367 -1435.237915
v -129.000000 108.579269 -1435.735718
v -140.000000 108.579269 -1435.735718
v -142.000000 210.879623 -1295.146606
v -140.000000 210.879623 -1295.146606
v -142.000000 210.380112 -1293.940674
v -140.000000 210.380112 -1293.940674
v -142.000000 209.585526 -1292.905151
v -140.000000 209.585526 -1292.905151
v -142.000000 208.549988 -1292.110596
v -140.000000 208.549988 -1292.110596
v -142.000000 207.344086 -1291.611084
v -140.000000 207.344086 -1291.611084
v -142.000000 207.344086 -1443.013428
v -140.000000 207.344086 -1443.013428
v -142.000000 208.549988 -1442.513916
v -140.000000 208.549988 -1442.513916
v -142.000000 209.585526 -1441.719360
v -140.000000 209.585526 -1441.719360
v -142.000000 210.380112 -1440.683838
v -140.000000 210.380112 -1440.683838
v -142.000000 210.879623 -1439.477905
v -140.000000 210.879623 -1439.477905
v -142.000000 202.099442 -1432.075317
v -142.000000 201.599930 -1433.281860
v -142.000000 200.805344 -1434.318481
v -142.000000 199.769806 -1435.114380
v -142.000000 198.563904 -1435.615601
v -142.000000 202.099442 -1302.223022
v -142.000000 201.599930 -1301.017090
v -142.000000 200.805344 -1299.981567
v -142.000000 199.769806 -1299.187012
v -142.000000 198.563904 -1298.687500
v -142.000000 97.191154 -1439.477905
v -140.000000 97.191154 -1439.477905
v -142.000000 97.690659 -1440.683838
v -140.000000 97.690659 -1440.683838
v -142.000000 98.485245 -1441.719360
v -140.000000 98.485245 -1441.719360
v -142.000000 99.520782 -1442.513916
v -140.000000 99.520782 -1442.513916
v -142.000000 100.726685 -1443.013428
v -140.000000 100.726685 -1443.013428
v -142.000000 100.726692 -1291.611084
v -140.000000 100.726692 -1291.611084
v -142.000000 99.520790 -1292.110596
v -140.000000 99.520790 -1292.110596
v -142.000000 98.485260 -1292.905151
v -140.000000 98.485260 -1292.905151
v -142.000000 97.690666 -1293.940674
v -140.000000 97.690666 -1293.940674
v -142.000000 97.191162 -1295.146606
v -140.000000 97.191162 -1295.146606
v -142.000000 105.043739 -1302.223022
v -142.000000 105.543243 -1301.017090
v -142.000000 106.337830 -1299.981567
v -142.000000 107.373367 -1299.187012
v -142.000000 108.579269 -1298.687500
v -142.000000 105.043739 -1432.204956
v -142.000000 105.543243 -1433.410278
v -142.000000 106.337830 -1434.444702
v -142.000000 107.373367 -1435.237915
v -142.000000 108.579269 -1435.735718
v -136.000000 24.060261 -275.150146
v -140.000000 24.060261 -275.150146
v -136.000000 14.060250 -265.150146
v -140.000000 14.060250 -265.150146
v -136.000000 14.060154 -171.779373
v -140.000000 14.060154 -171.779373
v -136.000000 24.060143 -161.779373
v -140.000000 24.060143 -161.779373
v -136.000000 201.050003 -161.779358
v -140.000000 201.050003 -161.779358
v -136.000000 211.050003 -171.779373
v -140.000000 211.050003 -171.779373
v -136.000000 211.050003 -265.150146
v -140.000000 211.050003 -265.150146
v -136.000000 201.050003 -275.150146
v -140.000000 201.050003 -275.150146
v -136.000000 24.060753 -751.686890
v -140.000000 24.060753 -751.686890
v -136.000000 14.060744 -741.686890
v -140.000000 14.060744 -741.686890
v -136.000000 14.060649 -649.382263
v -140.000000 14.060649 -649.382263
v -136.000000 24.060638 -639.382263
v -140.000000 24.060638 -639.382263
v -136.000000 201.049988 -639.382263
v -140.000000 201.049988 -639.382263
v -136.000000 211.049988 -649.382263
v -140.000000 211.049988 -649.382263
v -136.000000 211.049988 -741.686890
v -140.000000 211.049988 -741.686890
v -136.000000 201.049988 -751.686890
v -140.000000 201.049988 -751.686890
v -136.000000 14.061144 -1126.230957
v -140.000000 14.061144 -1126.230957
v -136.000000 24.061134 -1116.230957
v -140.000000 24.061134 -1116.230957
v -136.000000 24.061251 -1229.262817
v -140.000000 24.061251 -1229.262817
v -136.000000 14.061240 -1219.262817
v -140.000000 14.061240 -1219.262817
v -136.000000 201.049988 -1116.230957
v -140.000000 201.049988 -1116.230957
v -136.000000 211.049988 -1126.230957
v -140.000000 211.049988 -1126.230957
v -136.000000 211.049988 -1219.262817
v -140.000000 211.049988 -1219.262817
v -136.000000 201.049988 -1229.262817
v -140.000000 201.049988 -1229.262817
v -136.000000 14.400995 -267.738342
v -140.000000 14.400995 -267.738342
v -136.000000 15.400002 -270.150146
v -140.000000 15.400002 -270.150146
v -136.000000 16.989189 -272.221222
v -140.000000 16.989189 -272.221222
v -136.000000 19.060259 -273.810394
v -140.000000 19.060259 -273.810394
v -136.000000 21.472069 -274.809418
v -140.000000 21.472069 -274.809418
v -136.000000 21.471952 -162.120117
v -140.000000 21.471952 -162.120117
v -136.000000 19.060144 -163.119125
v -140.000000 19.060144 -163.119125
v -136.000000 16.989079 -164.708313
v -140.000000 16.989079 -164.708313
v -136.000000 15.399893 -166.779373
v -140.000000 15.399893 -166.779373
v -136.000000 14.400892 -169.191177
v -140.000000 14.400892 -169.191177
v -136.000000 210.709259 -169.191177
v -140.000000 210.709259 -169.191177
v -136.000000 209.710251 -166.779373
v -140.000000 209.710251 -166.779373
v -136.000000 208.121063 -164.708313
v -140.000000 208.121063 -164.708313
v -136.000000 206.050003 -163.119110
v -140.000000 206.050003 -163.119110
v -136.000000 203.638199 -162.120102
v -140.000000 203.638199 -162.120102
v -136.000000 203.638199 -274.809418
v -140.000000 203.638199 -274.809418
v -136.000000 206.050003 -273.810394
v -140.000000 206.050003 -273.810394
v -136.000000 208.121063 -272.221222
v -140.000000 208.121063 -272.221222
v -136.000000 209.710251 -270.150146
v -140.000000 209.710251 -270.150146
v -136.000000 210.709259 -267.738342
v -140.000000 210.709259 -267.738342
v -136.000000 14.401489 -744.275085
v -140.000000 14.401489 -744.275085
v -136.000000 15.400496 -746.686890
v -140.000000 15.400496 -746.686890
v -136.000000 16.989683 -748.757935
v -140.000000 16.989683 -748.757935
v -136.000000 19.060753 -750.347168
v -140.000000 19.060753 -750.347168
v -136.000000 21.472563 -751.346130
v -140.000000 21.472563 -751.346130
v -136.000000 21.472448 -639.723022
v -140.000000 21.472448 -639.723022
v -136.000000 19.060640 -640.721985
v -140.000000 19.060640 -640.721985
v -136.000000 16.989574 -642.311218
v -140.000000 16.989574 -642.311218
v -136.000000 15.400389 -644.382263
v -140.000000 15.400389 -644.382263
v -136.000000 14.401388 -646.794067
v -140.000000 14.401388 -646.794067
v -136.000000 210.709244 -646.794067
v -140.000000 210.709244 -646.794067
v -136.000000 209.710236 -644.382263
v -140.000000 209.710236 -644.382263
v -136.000000 208.121063 -642.311218
v -140.000000 208.121063 -642.311218
v -136.000000 206.049988 -640.721985
v -140.000000 206.049988 -640.721985
v -136.000000 203.638184 -639.723022
v -140.000000 203.638184 -639.723022
v -136.000000 203.638184 -751.346130
v -140.000000 203.638184 -751.346130
v -136.000000 206.049988 -750.347168
v -140.000000 206.049988 -750.347168
v -136.000000 208.121063 -748.757935
v -140.000000 208.121063 -748.757935
v -136.000000 209.710236 -746.686890
v -140.000000 209.710236 -746.686890
v -136.000000 210.709244 -744.275085
v -140.000000 210.709244 -744.275085
v -136.000000 21.472944 -1116.571655
v -140.000000 21.472944 -1116.571655
v -136.000000 19.061136 -1117.570679
v -140.000000 19.061136 -1117.570679
v -136.000000 16.990070 -1119.159912
v -140.000000 16.990070 -1119.159912
v -136.000000 15.400885 -1121.230957
v -140.000000 15.400885 -1121.230957
v -136.000000 14.401884 -1123.642822
v -140.000000 14.401884 -1123.642822
v -136.000000 14.401985 -1221.850952
v -140.000000 14.401985 -1221.850952
v -136.000000 15.400991 -1224.262817
v -140.000000 15.400991 -1224.262817
v -136.000000 16.990181 -1226.333862
v -140.000000 16.990181 -1226.333862
v -136.000000 19.061249 -1227.923096
v -140.000000 19.061249 -1227.923096
v -136.000000 21.473061 -1228.922119
v -140.000000 21.473061 -1228.922119
v -136.000000 210.709244 -1123.642822
v -140.000000 210.709244 -1123.642822
v -136.000000 209.710236 -1121.230957
v -140.000000 209.710236 -1121.230957
v -136.000000 208.121063 -1119.159912
v -140.000000 208.121063 -1119.159912
v -136.000000 206.049988 -1117.570679
v -140.000000 206.049988 -1117.570679
v -136.000000 203.638184 -1116.571655
v -140.000000 203.638184 -1116.571655
v -136.000000 203.638184 -1228.922119
v -140.000000 203.638184 -1228.922119
v -136.000000 206.049988 -1227.923096
v -140.000000 206.049988 -1227.923096
v -136.000000 208.121063 -1226.333862
v -140.000000 208.121063 -1226.333862
v -136.000000 209.710236 -1224.262817
v -140.000000 209.710236 -1224.262817
v -136.000000 210.709244 -1221.850952
v -140.000000 210.709244 -1221.850952
v -139.000000 105.041519 -462.139465
v -130.000000 105.041519 -462.139465
v -139.000000 202.194519 -451.036163
v -139.000000 105.041519 -451.036163
v -130.000000 105.041519 -451.036163
v -130.000000 202.194519 -451.036163
v -139.000000 202.194519 -462.139465
v -130.000000 202.194519 -462.139465
v -139.000000 104.875626 -938.808472
v -130.000000 104.875626 -938.808472
v -139.000000 202.272003 -928.325073
v -139.000000 104.875626 -928.325073
v -130.000000 104.875626 -928.325073
v -130.000000 202.272003 -928.325073
v -139.000000 202.272003 -938.808472
v -130.000000 202.272003 -938.808472
v -140.000000 251.000000 -275.200012
v -140.000000 251.000000 -161.800003
v -140.000000 251.000000 -639.591431
v -140.000000 251.000000 -751.700012
v -140.000000 251.000000 -1116.114014
v -140.000000 251.000000 -1229.000000
v -140.000000 205.981598 -161.789551
v -140.000015 200.524017 -98.970909
v -140.000015 195.798691 -98.970909
v -140.000000 197.230179 -161.779358
v -140.000015 192.267868 -98.970909
v -140.000000 193.798035 -161.779358
v 0.000000 0.000000 -1473.000000
v -140.000000 0.000000 -1473.000000
v -140.000000 14.061504 -1473.000000
v -140.000000 97.020782 -1473.000000
v -140.000000 251.000000 -1473.000000
v -129.399994 261.299988 -1473.000000
v -112.400002 272.000000 -1473.000000
v -66.449997 278.600006 -1473.000000
v -46.119999 281.500000 -1473.000000
v 0.000000 283.000000 -1473.000000
v 0.000000 0.000000 83.470001
v -140.000000 0.000000 83.470001
v -140.000000 14.060000 83.470001
v -140.000000 97.020782 83.470001
v -140.000000 211.049988 83.470001
v -140.000000 251.000000 83.470001
v -129.399994 261.299988 83.470001
v -112.400002 272.000000 83.470001
v -66.449997 278.600006 83.470001
v -46.119999 281.500000 83.470001
v 0.000000 283.000000 83.470001
v 140.000000 251.000000 -1473.000000
v 140.000000 0.000000 -1473.000000
v 140.000000 0.000000 83.470001
v 140.000000 251.000000 83.470001
v 46.119999 281.500000 -1473.000000
v 46.119999 281.500000 83.470001
v 66.449997 278.600006 -1473.000000
v 66.449997 278.600006 83.470001
v 112.400002 272.000000 -1473.000000
v 112.400002 272.000000 83.470001
v 129.399994 261.299988 -1473.000000
v 129.399994 261.299988 83.470001
v 140.000000 97.020782 -1473.000000
v 140.000000 97.020782 83.470001
v 140.000000 211.049988 -1473.000000
v 140.000000 211.049988 83.470001
v 140.000000 211.049988 53.474060
v 140.000000 97.020782 53.474060
v 140.000000 211.050003 -98.970909
v 140.000000 97.020782 -98.970909
v 140.000000 14.061504 -1473.000000
v 140.000000 14.060000 83.470001
v 140.000000 211.050003 -161.800003
v 140.000000 97.020782 -161.779373
v 140.000000 211.050003 -275.200012
v 140.000000 97.020782 -275.150146
v 140.000000 211.050018 -218.290024
v 140.000000 14.060143 -161.779373
v 140.000000 14.060261 -275.150146
v 140.000000 14.060202 -218.290024
v 140.000000 102.410797 -161.779373
v 140.000000 102.410797 -275.150146
v 140.000000 202.144775 -161.779358
v 140.000000 202.144775 -275.150146
v 140.000000 211.049988 -337.689636
v 140.000000 97.020782 -337.689636
v 140.000000 97.020782 -574.936096
v 140.000000 211.049988 -574.936096
v 140.000000 105.041512 -574.936096
v 140.000000 105.041512 -337.689636
v 140.000000 202.194519 -337.689636
v 140.000000 202.194519 -574.936096
v 140.000000 155.676147 -567.986023
v 140.000000 105.041519 -462.139465
v 140.000000 160.286316 -567.986023
v 140.000000 202.194519 -462.139465
v 140.000000 202.194519 -451.036163
v 140.000000 105.041519 -451.036163
v 140.000000 211.049988 -639.591431
v 140.000000 97.020782 -639.382263
v 140.000000 211.049988 -751.700012
v 140.000000 97.020782 -751.686890
v 140.000000 14.060755 -751.686890
v 140.000000 14.060638 -639.382263
v 140.000000 14.060696 -695.171326
v 140.000000 211.049988 -695.171326
v 140.000000 102.662788 -639.382263
v 140.000000 202.123871 -639.382263
v 140.000000 102.662788 -751.686890
v 140.000000 202.123871 -751.686890
v 140.000000 211.049988 -814.458984
v 140.000000 97.020782 -814.458984
v 140.000000 97.020782 -1051.765137
v 140.000000 211.049988 -1051.765137
v 140.000000 104.875626 -1051.765137
v 140.000000 104.875626 -814.458984
v 140.000000 202.272003 -1051.765137
v 140.000000 202.272003 -814.458984
v 140.000000 160.177475 -1044.523193
v 140.000000 202.272003 -938.808472
v 140.000000 155.635590 -1044.523193
v 140.000000 104.875626 -938.808472
v 140.000000 202.272003 -928.325073
v 140.000000 104.875626 -928.325073
v 140.000000 14.061133 -1116.230957
v 140.000000 97.020790 -1116.230957
v 140.000000 14.061251 -1229.262817
v 140.000000 97.020790 -1229.262817
v 140.000000 211.049988 -1229.000000
v 140.000000 211.049988 -1116.114014
v 140.000000 211.049988 -1172.435059
v 140.000000 14.061192 -1172.435059
v 140.000000 102.720207 -1116.230957
v 140.000000 102.720207 -1229.262817
v 140.000000 202.161896 -1116.230957
v 140.000000 202.161896 -1229.262817
v 140.000000 202.157867 -98.970909
v 140.000000 202.157867 53.474060
v 140.000000 104.826393 53.474060
v 140.000000 104.826393 -98.970909
v 140.000000 97.020790 -1291.440674
v 140.000000 211.049988 -1291.440674
v 140.000000 211.049988 -1443.183838
v 140.000000 97.020782 -1443.183838
v 140.000000 104.873367 -1443.183838
v 140.000000 104.873367 -1291.440674
v 140.000000 202.269806 -1291.440674
v 140.000000 202.269806 -1443.183838
v 129.000000 14.060000 -1466.649170
v 129.000000 14.060000 77.470001
v 129.000000 211.049988 53.474060
v 129.000000 211.050003 -98.970909
v 129.000000 14.061504 -1468.080688
v 129.000000 14.060000 77.470001
v 129.000000 211.050003 -161.779373
v 129.000000 97.020782 -161.779373
v 129.000000 211.050003 -275.150146
v 129.000000 97.020782 -275.150146
v 129.000000 211.050018 -218.290024
v 129.000000 14.060143 -161.779373
v 129.000000 14.060261 -275.150146
v 129.000000 14.060202 -218.290024
v 129.000000 102.410797 -161.779373
v 129.000000 102.410797 -275.150146
v 129.000000 202.144775 -161.779358
v 129.000000 202.144775 -275.150146
v 129.000000 105.041519 -567.986023
v 129.000000 155.676147 -567.986023
v 129.000000 105.041519 -462.139465
v 129.000000 160.286316 -567.986023
v 129.000000 202.194519 -462.139465
v 129.000000 202.194519 -451.036163
v 129.000000 105.041519 -451.036163
v 129.000000 211.049988 -639.382263
v 129.000000 97.020782 -639.382263
v 129.000000 211.049988 -751.686890
v 129.000000 97.020782 -751.686890
v 129.000000 14.060755 -751.686890
v 129.000000 14.060638 -639.382263
v 129.000000 14.060696 -695.171326
v 129.000000 211.049988 -695.171326
v 129.000000 102.662788 -639.382263
v 129.000000 202.123871 -639.382263
v 129.000000 102.662788 -751.686890
v 129.000000 202.123871 -751.686890
v 129.000000 160.177475 -1044.523193
v 129.000000 202.272003 -938.808472
v 129.000000 155.635590 -1044.523193
v 129.000000 104.875626 -938.808472
v 129.000000 202.272003 -928.325073
v 129.000000 104.875626 -928.325073
v 129.000000 14.061133 -1116.230957
v 129.000000 97.020790 -1116.230957
v 129.000000 14.061251 -1229.262817
v 129.000000 97.020790 -1229.262817
v 129.000000 211.049988 -1229.262817
v 129.000000 211.049988 -1116.230957
v 129.000000 211.049988 -1172.435059
v 129.000000 14.061192 -1172.435059
v 129.000000 102.720207 -1116.230957
v 129.000000 102.720207 -1229.262817
v 129.000000 202.161896 -1116.230957
v 129.000000 202.161896 -1229.262817
v 129.000000 202.157867 -98.970909
v 129.000000 202.157867 53.474060
v 129.000000 202.157883 45.411438
v 129.000000 202.157883 -91.585129
v 136.000000 211.050003 -161.779373
v 136.000000 97.020782 -161.779373
v 136.000000 211.050003 -275.150146
v 136.000000 97.020782 -275.150146
v 136.000000 211.050018 -218.290024
v 136.000000 14.060143 -161.779373
v 136.000000 14.060261 -275.150146
v 136.000000 14.060202 -218.290024
v 136.000000 102.410797 -161.779373
v 136.000000 102.410797 -275.150146
v 136.000000 202.144775 -161.779358
v 136.000000 202.144775 -275.150146
v 136.000000 211.049988 -639.382263
v 136.000000 97.020782 -639.382263
v 136.000000 211.049988 -751.686890
v 136.000000 97.020782 -751.686890
v 136.000000 14.060755 -751.686890
v 136.000000 14.060638 -639.382263
v 136.000000 14.060696 -695.171326
v 136.000000 211.049988 -695.171326
v 136.000000 102.662788 -639.382263
v 136.000000 202.123871 -639.382263
v 136.000000 102.662788 -751.686890
v 136.000000 202.123871 -751.686890
v 136.000000 14.061133 -1116.230957
v 136.000000 97.020790 -1116.230957
v 136.000000 14.061251 -1229.262817
v 136.000000 97.020790 -1229.262817
v 136.000000 211.049988 -1229.262817
v 136.000000 211.049988 -1116.230957
v 136.000000 211.049988 -1172.435059
v 136.000000 14.061192 -1172.435059
v 136.000000 102.720207 -1116.230957
v 136.000000 102.720207 -1229.262817
v 136.000000 202.161896 -1116.230957
v 136.000000 202.161896 -1229.262817
v 133.000000 211.050003 -161.779373
v 133.000000 97.020782 -161.779373
v 133.000000 211.050003 -275.150146
v 133.000000 97.020782 -275.150146
v 133.000000 211.050018 -218.290024
v 133.000000 14.060143 -161.779373
v 133.000000 14.060261 -275.150146
v 133.000000 14.060202 -218.290024
v 133.000000 102.410797 -161.779373
v 133.000000 102.410797 -275.150146
v 133.000000 202.144775 -161.779358
v 133.000000 202.144775 -275.150146
v 133.000000 211.049988 -639.382263
v 133.000000 97.020782 -639.382263
v 133.000000 211.049988 -751.686890
v 133.000000 97.020782 -751.686890
v 133.000000 14.060755 -751.686890
v 133.000000 14.060638 -639.382263
v 133.000000 14.060696 -695.171326
v 133.000000 211.049988 -695.171326
v 133.000000 102.662788 -639.382263
v 133.000000 202.123871 -639.382263
v 133.000000 102.662788 -751.686890
v 133.000000 202.123871 -751.686890
v 133.000000 14.061133 -1116.230957
v 133.000000 97.020790 -1116.230957
v 133.000000 14.061251 -1229.262817
v 133.000000 97.020790 -1229.262817
v 133.000000 211.049988 -1229.262817
v 133.000000 211.049988 -1116.230957
v 133.000000 211.049988 -1172.435059
v 133.000000 14.061192 -1172.435059
v 133.000000 102.720207 -1116.230957
v 133.000000 102.720207 -1229.262817
v 133.000000 202.161896 -1116.230957
v 133.000000 202.161896 -1229.262817
v 142.000000 105.041512 -574.936096
v 142.000000 105.041512 -337.689636
v 142.000000 202.194519 -337.689636
v 142.000000 202.194519 -574.936096
v 142.000000 202.194519 -345.271240
v 142.000000 105.041512 -345.271240
v 142.000000 105.041519 -567.986023
v 142.000000 202.194519 -567.986023
v 142.000000 155.676147 -567.986023
v 142.000000 105.041519 -462.139465
v 142.000000 160.286316 -567.986023
v 142.000000 202.194519 -462.139465
v 142.000000 202.194519 -451.036163
v 142.000000 105.041519 -451.036163
v 142.000000 104.875626 -1051.765137
v 142.000000 104.875626 -814.458984
v 142.000000 202.272003 -1051.765137
v 142.000000 202.272003 -814.458984
v 142.000000 104.875626 -1044.523193
v 142.000000 202.272003 -1044.523193
v 142.000000 104.875626 -821.917419
v 142.000000 202.272003 -821.917419
v 142.000000 160.177475 -1044.523193
v 142.000000 202.272003 -938.808472
v 142.000000 155.635590 -1044.523193
v 142.000000 104.875626 -938.808472
v 142.000000 202.272003 -928.325073
v 142.000000 104.875626 -928.325073
v 142.000000 202.157867 -98.970909
v 142.000000 202.157867 53.474060
v 142.000000 104.826393 53.474060
v 142.000000 104.826393 -98.970909
v 142.000000 104.826401 45.411438
v 142.000000 202.157883 45.411438
v 142.000000 202.157883 -91.585129
v 142.000000 104.826385 -91.585129
v 142.000000 104.873367 -1443.183838
v 142.000000 104.873367 -1291.440674
v 142.000000 202.269806 -1291.440674
v 142.000000 202.269806 -1443.183838
v 142.000000 104.873367 -1298.517090
v 142.000000 202.269806 -1298.517090
v 142.000000 202.269806 -1435.781006
v 142.000000 104.873367 -1435.911133
v 140.000000 104.826401 40.411438
v 129.000000 104.826401 40.411438
v 129.000000 104.826385 -86.585129
v 140.000000 104.826385 -86.585129
v 140.000000 197.157883 45.411438
v 129.000000 197.157883 45.411438
v 129.000000 109.826401 45.411438
v 140.000000 109.826401 45.411438
v 140.000000 202.157883 40.411438
v 140.000000 202.157883 -86.585129
v 129.000000 202.157883 -86.585129
v 129.000000 202.157883 40.411438
v 140.000000 109.826385 -91.585129
v 129.000000 109.826385 -91.585129
v 129.000000 197.157883 -91.585129
v 140.000000 197.157883 -91.585129
v 142.000000 109.826401 45.411438
v 142.000000 197.157883 45.411438
v 142.000000 197.157883 -91.585129
v 142.000000 109.826385 -91.585129
v 142.000000 206.049988 53.474060
v 140.000000 206.049988 53.474060
v 142.000000 211.050003 -93.970909
v 142.000000 211.049988 48.474060
v 140.000000 211.049988 48.474060
v 140.000000 211.050003 -93.970909
v 142.000000 206.050003 -98.970909
v 140.000000 206.050003 -98.970909
v 142.000000 202.157883 40.411438
v 142.000000 202.157883 -86.585129
v 142.000000 102.020782 -98.970909
v 140.000000 102.020782 -98.970909
v 142.000000 97.020782 48.474060
v 142.000000 97.020782 -93.970909
v 140.000000 97.020782 -93.970909
v 140.000000 97.020782 48.474060
v 142.000000 102.020782 53.474060
v 140.000000 102.020782 53.474060
v 142.000000 104.826385 -86.585129
v 142.000000 104.826401 40.411438
v 129.000000 108.532303 45.241066
v 140.000000 108.532303 45.241066
v 129.000000 107.326401 44.741566
v 140.000000 107.326401 44.741566
v 129.000000 106.290863 43.946972
v 140.000000 106.290863 43.946972
v 129.000000 105.496277 42.911438
v 140.000000 105.496277 42.911438
v 129.000000 104.996773 41.705532
v 140.000000 104.996773 41.705532
v 129.000000 201.987518 41.705532
v 140.000000 201.987518 41.705532
v 129.000000 201.488007 42.911438
v 140.000000 201.488007 42.911438
v 129.000000 200.693420 43.946972
v 140.000000 200.693420 43.946972
v 129.000000 199.657883 44.741566
v 140.000000 199.657883 44.741566
v 129.000000 198.451981 45.241066
v 140.000000 198.451981 45.241066
v 140.000000 108.532288 -91.414757
v 129.000000 108.532288 -91.414757
v 140.000000 107.326385 -90.915253
v 129.000000 107.326385 -90.915253
v 140.000000 106.290848 -90.120667
v 129.000000 106.290848 -90.120667
v 140.000000 105.496262 -89.085129
v 129.000000 105.496262 -89.085129
v 140.000000 104.996758 -87.879227
v 129.000000 104.996758 -87.879227
v 129.000000 198.451981 -91.414757
v 140.000000 198.451981 -91.414757
v 129.000000 199.657883 -90.915253
v 140.000000 199.657883 -90.915253
v 129.000000 200.693420 -90.120667
v 140.000000 200.693420 -90.120667
v 129.000000 201.488007 -89.085129
v 140.000000 201.488007 -89.085129
v 129.000000 201.987518 -87.879227
v 140.000000 201.987518 -87.879227
v 142.000000 210.879623 49.768154
v 140.000000 210.879623 49.768154
v 142.000000 210.380112 50.974060
v 140.000000 210.380112 50.974060
v 142.000000 209.585526 52.009594
v 140.000000 209.585526 52.009594
v 142.000000 208.549988 52.804188
v 140.000000 208.549988 52.804188
v 142.000000 207.344086 53.303688
v 140.000000 207.344086 53.303688
v 142.000000 207.344101 -98.800537
v 140.000000 207.344101 -98.800537
v 142.000000 208.550003 -98.301033
v 140.000000 208.550003 -98.301033
v 142.000000 209.585541 -97.506439
v 140.000000 209.585541 -97.506439
v 142.000000 210.380127 -96.470909
v 140.000000 210.380127 -96.470909
v 142.000000 210.879639 -95.265007
v 140.000000 210.879639 -95.265007
v 142.000000 201.987518 -87.879227
v 142.000000 201.488007 -89.085129
v 142.000000 200.693420 -90.120667
v 142.000000 199.657883 -90.915253
v 142.000000 198.451981 -91.414757
v 142.000000 201.987518 41.705532
v 142.000000 201.488007 42.911438
v 142.000000 200.693420 43.946972
v 142.000000 199.657883 44.741566
v 142.000000 198.451981 45.241066
v 142.000000 97.191154 -95.265007
v 140.000000 97.191154 -95.265007
v 142.000000 97.690659 -96.470909
v 140.000000 97.690659 -96.470909
v 142.000000 98.485245 -97.506439
v 140.000000 98.485245 -97.506439
v 142.000000 99.520782 -98.301033
v 140.000000 99.520782 -98.301033
v 142.000000 100.726685 -98.800537
v 140.000000 100.726685 -98.800537
v 142.000000 100.726685 53.303688
v 140.000000 100.726685 53.303688
v 142.000000 99.520782 52.804188
v 140.000000 99.520782 52.804188
v 142.000000 98.485245 52.009594
v 140.000000 98.485245 52.009594
v 142.000000 97.690659 50.974060
v 140.000000 97.690659 50.974060
v 142.000000 97.191154 49.768154
v 140.000000 97.191154 49.768154
v 142.000000 104.996773 41.705532
v 142.000000 105.496277 42.911438
v 142.000000 106.290863 43.946972
v 142.000000 107.326401 44.741566
v 142.000000 108.532303 45.241066
v 142.000000 104.996758 -87.879227
v 142.000000 105.496262 -89.085129
v 142.000000 106.290848 -90.120667
v 142.000000 107.326385 -90.915253
v 142.000000 108.532288 -91.414757
v 140.000000 110.041512 -345.271240
v 140.000000 197.194519 -345.271240
v 129.000000 197.194519 -345.271240
v 129.000000 110.041512 -345.271240
v 140.000000 110.041519 -567.986023
v 129.000000 110.041519 -567.986023
v 140.000000 197.194519 -567.986023
v 129.000000 197.194519 -567.986023
v 140.000000 202.194519 -562.986023
v 129.000000 202.194519 -562.986023
v 140.000000 202.194519 -350.271240
v 129.000000 202.194519 -350.271240
v 140.000000 105.041512 -350.271240
v 129.000000 105.041512 -350.271240
v 140.000000 105.041519 -562.986023
v 129.000000 105.041519 -562.986023
v 142.000000 110.041512 -345.271240
v 142.000000 197.194519 -345.271240
v 142.000000 110.041519 -567.986023
v 142.000000 197.194519 -567.986023
v 142.000000 206.049988 -337.689636
v 140.000000 206.049988 -337.689636
v 142.000000 211.049988 -569.936096
v 142.000000 211.049988 -342.689636
v 140.000000 211.049988 -342.689636
v 140.000000 211.049988 -569.936096
v 142.000000 206.049988 -574.936096
v 140.000000 206.049988 -574.936096
v 142.000000 202.194519 -562.986023
v 142.000000 202.194519 -350.271240
v 142.000000 102.020782 -574.936096
v 140.000000 102.020782 -574.936096
v 142.000000 97.020782 -342.689636
v 142.000000 97.020782 -569.936096
v 140.000000 97.020782 -569.936096
v 140.000000 97.020782 -342.689636
v 142.000000 102.020782 -337.689636
v 140.000000 102.020782 -337.689636
v 142.000000 105.041512 -350.271240
v 142.000000 105.041519 -562.986023
v 140.000000 202.024155 -564.280090
v 129.000000 202.024155 -564.280090
v 140.000000 201.524643 -565.486023
v 129.000000 201.524643 -565.486023
v 140.000000 200.730057 -566.521545
v 129.000000 200.730057 -566.521545
v 140.000000 199.694519 -567.316162
v 129.000000 199.694519 -567.316162
v 140.000000 198.488617 -567.815674
v 129.000000 198.488617 -567.815674
v 129.000000 202.024155 -348.977142
v 140.000000 202.024155 -348.977142
v 129.000000 201.524643 -347.771240
v 140.000000 201.524643 -347.771240
v 129.000000 200.730057 -346.735718
v 140.000000 200.730057 -346.735718
v 129.000000 199.694519 -345.941101
v 140.000000 199.694519 -345.941101
v 129.000000 198.488617 -345.441620
v 140.000000 198.488617 -345.441620
v 140.000000 105.211884 -348.977142
v 129.000000 105.211884 -348.977142
v 140.000000 105.711388 -347.771240
v 129.000000 105.711388 -347.771240
v 140.000000 106.505981 -346.735718
v 129.000000 106.505981 -346.735718
v 140.000000 107.541512 -345.941101
v 129.000000 107.541512 -345.941101
v 140.000000 108.747414 -345.441620
v 129.000000 108.747414 -345.441620
v 129.000000 105.211891 -564.280090
v 140.000000 105.211891 -564.280090
v 129.000000 105.711395 -565.486023
v 140.000000 105.711395 -565.486023
v 129.000000 106.505981 -566.521545
v 140.000000 106.505981 -566.521545
v 129.000000 107.541519 -567.316162
v 140.000000 107.541519 -567.316162
v 129.000000 108.747421 -567.815674
v 140.000000 108.747421 -567.815674
v 142.000000 210.879623 -341.395538
v 140.000000 210.879623 -341.395538
v 142.000000 210.380112 -340.189636
v 140.000000 210.380112 -340.189636
v 142.000000 209.585526 -339.154114
v 140.000000 209.585526 -339.154114
v 142.000000 208.549988 -338.359497
v 140.000000 208.549988 -338.359497
v 142.000000 207.344086 -337.860016
v 140.000000 207.344086 -337.860016
v 142.000000 207.344086 -574.765747
v 140.000000 207.344086 -574.765747
v 142.000000 208.549988 -574.266235
v 140.000000 208.549988 -574.266235
v 142.000000 209.585526 -573.471619
v 140.000000 209.585526 -573.471619
v 142.000000 210.380112 -572.436096
v 140.000000 210.380112 -572.436096
v 142.000000 210.879623 -571.230164
v 140.000000 210.879623 -571.230164
v 142.000000 202.024155 -564.280090
v 142.000000 201.524643 -565.486023
v 142.000000 200.730057 -566.521545
v 142.000000 199.694519 -567.316162
v 142.000000 198.488617 -567.815674
v 142.000000 202.024155 -348.977142
v 142.000000 201.524643 -347.771240
v 142.000000 200.730057 -346.735718
v 142.000000 199.694519 -345.941101
v 142.000000 198.488617 -345.441620
v 142.000000 97.191154 -571.230164
v 140.000000 97.191154 -571.230164
v 142.000000 97.690659 -572.436096
v 140.000000 97.690659 -572.436096
v 142.000000 98.485245 -573.471619
v 140.000000 98.485245 -573.471619
v 142.000000 99.520782 -574.266235
v 140.000000 99.520782 -574.266235
v 142.000000 100.726685 -574.765747
v 140.000000 100.726685 -574.765747
v 142.000000 100.726685 -337.860016
v 140.000000 100.726685 -337.860016
v 142.000000 99.520782 -338.359497
v 140.000000 99.520782 -338.359497
v 142.000000 98.485245 -339.154114
v 140.000000 98.485245 -339.154114
v 142.000000 97.690659 -340.189636
v 140.000000 97.690659 -340.189636
v 142.000000 97.191154 -341.395538
v 140.000000 97.191154 -341.395538
v 142.000000 105.211884 -348.977142
v 142.000000 105.711388 -347.771240
v 142.000000 106.505981 -346.735718
v 142.000000 107.541512 -345.941101
v 142.000000 108.747414 -345.441620
v 142.000000 105.211891 -564.280090
v 142.000000 105.711395 -565.486023
v 142.000000 106.505981 -566.521545
v 142.000000 107.541519 -567.316162
v 142.000000 108.747421 -567.815674
v 140.000000 109.875626 -821.917419
v 140.000000 197.272003 -821.917419
v 129.000000 197.272003 -821.917419
v 129.000000 109.875626 -821.917419
v 140.000000 109.875626 -1044.523193
v 129.000000 109.875626 -1044.523193
v 140.000000 197.272003 -1044.523193
v 129.000000 197.272003 -1044.523193
v 140.000000 202.272003 -1039.523193
v 129.000000 202.272003 -1039.523193
v 140.000000 202.272003 -826.917419
v 129.000000 202.272003 -826.917419
v 140.000000 104.875626 -826.917419
v 129.000000 104.875626 -826.917419
v 140.000000 104.875626 -1039.523193
v 129.000000 104.875626 -1039.523193
v 142.000000 109.875626 -821.917419
v 142.000000 197.272003 -821.917419
v 142.000000 109.875626 -1044.523193
v 142.000000 197.272003 -1044.523193
v 142.000000 206.049988 -814.458984
v 140.000000 206.049988 -814.458984
v 142.000000 211.049988 -1046.765137
v 142.000000 211.049988 -819.458984
v 140.000000 211.049988 -819.458984
v 140.000000 211.049988 -1046.765137
v 142.000000 206.049988 -1051.765137
v 140.000000 206.049988 -1051.765137
v 142.000000 202.272003 -1039.523193
v 142.000000 202.272003 -826.917419
v 142.000000 102.020782 -1051.765137
v 140.000000 102.020782 -1051.765137
v 142.000000 97.020782 -819.458984
v 142.000000 97.020782 -1046.765137
v 140.000000 97.020782 -1046.765137
v 140.000000 97.020782 -819.458984
v 142.000000 102.020782 -814.458984
v 140.000000 102.020782 -814.458984
v 142.000000 104.875626 -826.917419
v 142.000000 104.875626 -1039.523193
v 140.000000 202.101639 -1040.817261
v 129.000000 202.101639 -1040.817261
v 140.000000 201.602127 -1042.023193
v 129.000000 201.602127 -1042.023193
v 140.000000 200.807541 -1043.058716
v 129.000000 200.807541 -1043.058716
v 140.000000 199.772003 -1043.853271
v 129.000000 199.772003 -1043.853271
v 140.000000 198.566101 -1044.352783
v 129.000000 198.566101 -1044.352783
v 129.000000 202.101639 -825.623352
v 140.000000 202.101639 -825.623352
v 129.000000 201.602127 -824.417419
v 140.000000 201.602127 -824.417419
v 129.000000 200.807541 -823.381897
v 140.000000 200.807541 -823.381897
v 129.000000 199.772003 -822.587280
v 140.000000 199.772003 -822.587280
v 129.000000 198.566101 -822.087769
v 140.000000 198.566101 -822.087769
v 140.000000 105.045998 -825.623352
v 129.000000 105.045998 -825.623352
v 140.000000 105.545502 -824.417419
v 129.000000 105.545502 -824.417419
v 140.000000 106.340088 -823.381897
v 129.000000 106.340088 -823.381897
v 140.000000 107.375626 -822.587280
v 129.000000 107.375626 -822.587280
v 140.000000 108.581528 -822.087769
v 129.000000 108.581528 -822.087769
v 129.000000 105.045998 -1040.817261
v 140.000000 105.045998 -1040.817261
v 129.000000 105.545502 -1042.023193
v 140.000000 105.545502 -1042.023193
v 129.000000 106.340088 -1043.058716
v 140.000000 106.340088 -1043.058716
v 129.000000 107.375626 -1043.853271
v 140.000000 107.375626 -1043.853271
v 129.000000 108.581528 -1044.352783
v 140.000000 108.581528 -1044.352783
v 142.000000 210.879623 -818.164917
v 140.000000 210.879623 -818.164917
v 142.000000 210.380112 -816.958984
v 140.000000 210.380112 -816.958984
v 142.000000 209.585526 -815.923462
v 140.000000 209.585526 -815.923462
v 142.000000 208.549988 -815.128845
v 140.000000 208.549988 -815.128845
v 142.000000 207.344086 -814.629333
v 140.000000 207.344086 -814.629333
v 142.000000 207.344086 -1051.594727
v 140.000000 207.344086 -1051.594727
v 142.000000 208.549988 -1051.095215
v 140.000000 208.549988 -1051.095215
v 142.000000 209.585526 -1050.300659
v 140.000000 209.585526 -1050.300659
v 142.000000 210.380112 -1049.265137
v 140.000000 210.380112 -1049.265137
v 142.000000 210.879623 -1048.059204
v 140.000000 210.879623 -1048.059204
v 142.000000 202.101639 -1040.817261
v 142.000000 201.602127 -1042.023193
v 142.000000 200.807541 -1043.058716
v 142.000000 199.772003 -1043.853271
v 142.000000 198.566101 -1044.352783
v 142.000000 202.101639 -825.623352
v 142.000000 201.602127 -824.417419
v 142.000000 200.807541 -823.381897
v 142.000000 199.772003 -822.587280
v 142.000000 198.566101 -822.087769
v 142.000000 97.191154 -1048.059204
v 140.000000 97.191154 -1048.059204
v 142.000000 97.690659 -1049.265137
v 140.000000 97.690659 -1049.265137
v 142.000000 98.485245 -1050.300659
v 140.000000 98.485245 -1050.300659
v 142.000000 99.520782 -1051.095215
v 140.000000 99.520782 -1051.095215
v 142.000000 100.726685 -1051.594727
v 140.000000 100.726685 -1051.594727
v 142.000000 100.726685 -814.629333
v 140.000000 100.726685 -814.629333
v 142.000000 99.520782 -815.128845
v 140.000000 99.520782 -815.128845
v 142.000000 98.485245 -815.923462
v 140.000000 98.485245 -815.923462
v 142.000000 97.690659 -816.958984
v 140.000000 97.690659 -816.958984
v 142.000000 97.191154 -818.164917
v 140.000000 97.191154 -818.164917
v 142.000000 105.045998 -825.623352
v 142.000000 105.545502 -824.417419
v 142.000000 106.340088 -823.381897
v 142.000000 107.375626 -822.587280
v 142.000000 108.581528 -822.087769
v 142.000000 105.045998 -1040.817261
v 142.000000 105.545502 -1042.023193
v 142.000000 106.340088 -1043.058716
v 142.000000 107.375626 -1043.853271
v 142.000000 108.581528 -1044.352783
v 140.000000 109.873367 -1298.517090
v 140.000000 197.269806 -1298.517090
v 129.000000 197.269806 -1298.517090
v 129.000000 109.873367 -1298.517090
v 140.000000 197.269806 -1435.846069
v 140.000000 109.873360 -1435.846069
v 129.000000 109.873360 -1435.846069
v 129.000000 197.269806 -1435.846069
v 140.000000 202.269806 -1303.517090
v 140.000000 202.269806 -1430.781006
v 129.000000 202.269806 -1430.781006
v 129.000000 202.269806 -1303.517090
v 140.000000 104.873367 -1430.911133
v 140.000000 104.873367 -1303.517090
v 129.000000 104.873367 -1303.517090
v 129.000000 104.873367 -1430.911133
v 142.000000 109.873367 -1298.517090
v 142.000000 197.269806 -1298.517090
v 142.000000 197.269806 -1435.787720
v 142.000000 109.873360 -1435.904419
v 142.000000 206.049988 -1291.440674
v 140.000000 206.049988 -1291.440674
v 142.000000 211.049988 -1438.183838
v 142.000000 211.049988 -1296.440674
v 140.000000 211.049988 -1296.440674
v 140.000000 211.049988 -1438.183838
v 142.000000 206.049988 -1443.183838
v 140.000000 206.049988 -1443.183838
v 142.000000 202.269806 -1303.517090
v 142.000000 202.269806 -1430.781006
v 142.000000 102.020782 -1443.183838
v 140.000000 102.020782 -1443.183838
v 142.000000 97.020790 -1296.440674
v 142.000000 97.020782 -1438.183838
v 140.000000 97.020782 -1438.183838
v 140.000000 97.020790 -1296.440674
v 142.000000 102.020790 -1291.440674
v 140.000000 102.020790 -1291.440674
v 142.000000 104.873367 -1430.911133
v 142.000000 104.873367 -1303.517090
v 140.000000 202.099442 -1432.075317
v 129.000000 202.099442 -1432.075317
v 140.000000 201.599930 -1433.281860
v 129.000000 201.599930 -1433.281860
v 140.000000 200.805344 -1434.318481
v 129.000000 200.805344 -1434.318481
v 140.000000 199.769806 -1435.114380
v 129.000000 199.769806 -1435.114380
v 140.000000 198.563904 -1435.615601
v 129.000000 198.563904 -1435.615601
v 129.000000 202.099442 -1302.223022
v 140.000000 202.099442 -1302.223022
v 129.000000 201.599930 -1301.017090
v 140.000000 201.599930 -1301.017090
v 129.000000 200.805344 -1299.981567
v 140.000000 200.805344 -1299.981567
v 129.000000 199.769806 -1299.187012
v 140.000000 199.769806 -1299.187012
v 129.000000 198.563904 -1298.687500
v 140.000000 198.563904 -1298.687500
v 140.000000 105.043739 -1302.223022
v 129.000000 105.043739 -1302.223022
v 140.000000 105.543243 -1301.017090
v 129.000000 105.543243 -1301.017090
v 140.000000 106.337830 -1299.981567
v 129.000000 106.337830 -1299.981567
v 140.000000 107.373367 -1299.187012
v 129.000000 107.373367 -1299.187012
v 140.000000 108.579269 -1298.687500
v 129.000000 108.579269 -1298.687500
v 129.000000 105.043739 -1432.204956
v 140.000000 105.043739 -1432.204956
v 129.000000 105.543243 -1433.410278
v 140.000000 105.543243 -1433.410278
v 129.000000 106.337830 -1434.444702
v 140.000000 106.337830 -1434.444702
v 129.000000 107.373367 -1435.237915
v 140.000000 107.373367 -1435.237915
v 129.000000 108.579269 -1435.735718
v 140.000000 108.579269 -1435.735718
v 142.000000 210.879623 -1295.146606
v 140.000000 210.879623 -1295.146606
v 142.000000 210.380112 -1293.940674
v 140.000000 210.380112 -1293.940674
v 142.000000 209.585526 -1292.905151
v 140.000000 209.585526 -1292.905151
v 142.000000 208.549988 -1292.110596
v 140.000000 208.549988 -1292.110596
v 142.000000 207.344086 -1291.611084
v 140.000000 207.344086 -1291.611084
v 142.000000 207.344086 -1443.013428
v 140.000000 207.344086 -1443.013428
v 142.000000 208.549988 -1442.513916
v 140.000000 208.549988 -1442.513916
v 142.000000 209.585526 -1441.719360
v 140.000000 209.585526 -1441.719360
v 142.000000 210.380112 -1440.683838
v 140.000000 210.380112 -1440.683838
v 142.000000 210.879623 -1439.477905
v 140.000000 210.879623 -1439.477905
v 142.000000 202.099442 -1432.075317
v 142.000000 201.599930 -1433.281860
v 142.000000 200.805344 -1434.318481
v 142.000000 199.769806 -1435.114380
v 142.000000 198.563904 -1435.615601
v 142.000000 202.099442 -1302.223022
v 142.000000 201.599930 -1301.017090
v 142.000000 200.805344 -1299.981567
v 142.000000 199.769806 -1299.187012
v 142.000000 198.563904 -1298.687500
v 142.000000 97.191154 -1439.477905
v 140.000000 97.191154 -1439.477905
v 142.000000 97.690659 -1440.683838
v 140.000000 97.690659 -1440.683838
v 142.000000 98.485245 -1441.719360
v 140.000000 98.485245 -1441.719360
v 142.000000 99.520782 -1442.513916
v 140.000000 99.520782 -1442.513916
v 142.000000 100.726685 -1443.013428
v 140.000000 100.726685 -1443.013428
v 142.000000 100.726692 -1291.611084
v 140.000000 100.726692 -1291.611084
v 142.000000 99.520790 -1292.110596
v 140.000000 99.520790 -1292.110596
v 142.000000 98.485260 -1292.905151
v 140.000000 98.485260 -1292.905151
v 142.000000 97.690666 -1293.940674
v 140.000000 97.690666 -1293.940674
v 142.000000 97.191162 -1295.146606
v 140.000000 97.191162 -1295.146606
v 142.000000 105.043739 -1302.223022
v 142.000000 105.543243 -1301.017090
v 142.000000 106.337830 -1299.981567
v 142.000000 107.373367 -1299.187012
v 142.000000 108.579269 -1298.687500
v 142.000000 105.043739 -1432.204956
v 142.000000 105.543243 -1433.410278
v 142.000000 106.337830 -1434.444702
v 142.000000 107.373367 -1435.237915
v 142.000000 108.579269 -1435.735718
v 136.000000 24.060261 -275.150146
v 140.000000 24.060261 -275.150146
v 136.000000 14.060250 -265.150146
v 140.000000 14.060250 -265.150146
v 136.000000 14.060154 -171.779373
v 140.000000 14.060154 -171.779373
v 136.000000 24.060143 -161.779373
v 140.000000 24.060143 -161.779373
v 136.000000 201.050003 -161.779358
v 140.000000 201.050003 -161.779358
v 136.000000 211.050003 -171.779373
v 140.000000 211.050003 -171.779373
v 136.000000 211.050003 -265.150146
v 140.000000 211.050003 -265.150146
v 136.000000 201.050003 -275.150146
v 140.000000 201.050003 -275.150146
v 136.000000 24.060753 -751.686890
v 140.000000 24.060753 -751.686890
v 136.000000 14.060744 -741.686890
v 140.000000 14.060744 -741.686890
v 136.000000 14.060649 -649.382263
v 140.000000 14.060649 -649.382263
v 136.000000 24.060638 -639.382263
v 140.000000 24.060638 -639.382263
v 136.000000 201.049988 -639.382263
v 140.000000 201.049988 -639.382263
v 136.000000 211.049988 -649.382263
v 140.000000 211.049988 -649.382263
v 136.000000 211.049988 -741.686890
v 140.000000 211.049988 -741.686890
v 136.000000 201.049988 -751.686890
v 140.000000 201.049988 -751.686890
v 136.000000 14.061144 -1126.230957
v 140.000000 14.061144 -1126.230957
v 136.000000 24.061134 -1116.230957
v 140.000000 24.061134 -1116.230957
v 136.000000 24.061251 -1229.262817
v 140.000000 24.061251 -1229.262817
v 136.000000 14.061240 -1219.262817
v 140.000000 14.061240 -1219.262817
v 136.000000 201.049988 -1116.230957
v 140.000000 201.049988 -1116.230957
v 136.000000 211.049988 -1126.230957
v 140.000000 211.049988 -1126.230957
v 136.000000 211.049988 -1219.262817
v 140.000000 211.049988 -1219.262817
v 136.000000 201.049988 -1229.262817
v 140.000000 201.049988 -1229.262817
v 136.000000 14.400995 -267.738342
v 140.000000 14.400995 -267.738342
v 136.000000 15.400002 -270.150146
v 140.000000 15.400002 -270.150146
v 136.000000 16.989189 -272.221222
v 140.000000 16.989189 -272.221222
v 136.000000 19.060259 -273.810394
v 140.000000 19.060259 -273.810394
v 136.000000 21.472069 -274.809418
v 140.000000 21.472069 -274.809418
v 136.000000 21.471952 -162.120117
v 140.000000 21.471952 -162.120117
v 136.000000 19.060144 -163.119125
v 140.000000 19.060144 -163.119125
v 136.000000 16.989079 -164.708313
v 140.000000 16.989079 -164.708313
v 136.000000 15.399893 -166.779373
v 140.000000 15.399893 -166.779373
v 136.000000 14.400892 -169.191177
v 140.000000 14.400892 -169.191177
v 136.000000 210.709259 -169.191177
v 140.000000 210.709259 -169.191177
v 136.000000 209.710251 -166.779373
v 140.000000 209.710251 -166.779373
v 136.000000 208.121063 -164.708313
v 140.000000 208.121063 -164.708313
v 136.000000 206.050003 -163.119110
v 140.000000 206.050003 -163.119110
v 136.000000 203.638199 -162.120102
v 140.000000 203.638199 -162.120102
v 136.000000 203.638199 -274.809418
v 140.000000 203.638199 -274.809418
v 136.000000 206.050003 -273.810394
v 140.000000 206.050003 -273.810394
v 136.000000 208.121063 -272.221222
v 140.000000 208.121063 -272.221222
v 136.000000 209.710251 -270.150146
v 140.000000 209.710251 -270.150146
v 136.000000 210.709259 -267.738342
v 140.000000 210.709259 -267.738342
v 136.000000 14.401489 -744.275085
v 140.000000 14.401489 -744.275085
v 136.000000 15.400496 -746.686890
v 140.000000 15.400496 -746.686890
v 136.000000 16.989683 -748.757935
v 140.000000 16.989683 -748.757935
v 136.000000 19.060753 -750.347168
v 140.000000 19.060753 -750.347168
v 136.000000 21.472563 -751.346130
v 140.000000 21.472563 -751.346130
v 136.000000 21.472448 -639.723022
v 140.000000 21.472448 -639.723022
v 136.000000 19.060640 -640.721985
v 140.000000 19.060640 -640.721985
v 136.000000 16.989574 -642.311218
v 140.000000 16.989574 -642.311218
v 136.000000 15.400389 -644.382263
v 140.000000 15.400389 -644.382263
v 136.000000 14.401388 -646.794067
v 140.000000 14.401388 -646.794067
v 136.000000 210.709244 -646.794067
v 140.000000 210.709244 -646.794067
v 136.000000 209.710236 -644.382263
v 140.000000 209.710236 -644.382263
v 136.000000 208.121063 -642.311218
v 140.000000 208.121063 -642.311218
v 136.000000 206.049988 -640.721985
v 140.000000 206.049988 -640.721985
v 136.000000 203.638184 -639.723022
v 140.000000 203.638184 -639.723022
v 136.000000 203.638184 -751.346130
v 140.000000 203.638184 -751.346130
v 136.000000 206.049988 -750.347168
v 140.000000 206.049988 -750.347168
v 136.000000 208.121063 -748.757935
v 140.000000 208.121063 -748.757935
v 136.000000 209.710236 -746.686890
v 140.000000 209.710236 -746.686890
v 136.000000 210.709244 -744.275085
v 140.000000 210.709244 -744.275085
v 136.000000 21.472944 -1116.571655
v 140.000000 21.472944 -1116.571655
v 136.000000 19.061136 -1117.570679
v 140.000000 19.061136 -1117.570679
v 136.000000 16.990070 -1119.159912
v 140.000000 16.990070 -1119.159912
v 136.000000 15.400885 -1121.230957
v 140.000000 15.400885 -1121.230957
v 136.000000 14.401884 -1123.642822
v 140.000000 14.401884 -1123.642822
v 136.000000 14.401985 -1221.850952
v 140.000000 14.401985 -1221.850952
v 136.000000 15.400991 -1224.262817
v 140.000000 15.400991 -1224.262817
v 136.000000 16.990181 -1226.333862
v 140.000000 16.990181 -1226.333862
v 136.000000 19.061249 -1227.923096
v 140.000000 19.061249 -1227.923096
v 136.000000 21.473061 -1228.922119
v 140.000000 21.473061 -1228.922119
v 136.000000 210.709244 -1123.642822
v 140.000000 210.709244 -1123.642822
v 136.000000 209.710236 -1121.230957
v 140.000000 209.710236 -1121.230957
v 136.000000 208.121063 -1119.159912
v 140.000000 208.121063 -1119.159912
v 136.000000 206.049988 -1117.570679
v 140.000000 206.049988 -1117.570679
v 136.000000 203.638184 -1116.571655
v 140.000000 203.638184 -1116.571655
v 136.000000 203.638184 -1228.922119
v 140.000000 203.638184 -1228.922119
v 136.000000 206.049988 -1227.923096
v 140.000000 206.049988 -1227.923096
v 136.000000 208.121063 -1226.333862
v 140.000000 208.121063 -1226.333862
v 136.000000 209.710236 -1224.262817
v 140.000000 209.710236 -1224.262817
v 136.000000 210.709244 -1221.850952
v 140.000000 210.709244 -1221.850952
v 139.000000 105.041519 -462.139465
v 130.000000 105.041519 -462.139465
v 139.000000 202.194519 -451.036163
v 139.000000 105.041519 -451.036163
v 130.000000 105.041519 -451.036163
v 130.000000 202.194519 -451.036163
v 139.000000 202.194519 -462.139465
v 130.000000 202.194519 -462.139465
v 139.000000 104.875626 -938.808472
v 130.000000 104.875626 -938.808472
v 139.000000 202.272003 -928.325073
v 139.000000 104.875626 -928.325073
v 130.000000 104.875626 -928.325073
v 130.000000 202.272003 -928.325073
v 139.000000 202.272003 -938.808472
v 130.000000 202.272003 -938.808472
v 140.000000 251.000000 -275.200012
v 140.000000 251.000000 -161.800003
v 140.000000 251.000000 -639.591431
v 140.000000 251.000000 -751.700012
v 140.000000 251.000000 -1116.114014
v 140.000000 251.000000 -1229.000000
v 140.000000 205.981598 -161.789551
v 140.000015 200.524017 -98.970909
v 140.000015 195.798691 -98.970909
v 140.000000 197.230179 -161.779358
v 140.000015 192.267868 -98.970909
v 140.000000 193.798035 -161.779358
v 140.000000 0.000000 -1473.000000
v 140.000000 14.061504 -1473.000000
v 140.000000 97.020782 -1473.000000
v 140.000000 251.000000 -1473.000000
v 129.399994 261.299988 -1473.000000
v 112.400002 272.000000 -1473.000000
v 66.449997 278.600006 -1473.000000
v 46.119999 281.500000 -1473.000000
v 140.000000 0.000000 83.470001
v 140.000000 14.060000 83.470001
v 140.000000 97.020782 83.470001
v 140.000000 211.049988 83.470001
v 140.000000 251.000000 83.470001
v 129.399994 261.299988 83.470001
v 112.400002 272.000000 83.470001
v 66.449997 278.600006 83.470001
v 46.119999 281.500000 83.470001
v -140.000000 211.050003 -161.800003
v -140.000000 211.050003 -275.200012
v -140.000000 211.050018 -218.290024
v -140.000000 211.049988 -639.591431
v -140.000000 211.049988 -751.700012
v -140.000000 211.049988 -695.171326
v -140.000000 211.049988 -1229.000000
v -140.000000 211.049988 -1116.114014
v -140.000000 211.049988 -1172.435059
v -140.000000 211.050003 -171.779373
v -140.000000 211.050003 -265.150146
v -140.000000 211.049988 -649.382263
v -140.000000 211.049988 -741.686890
v -140.000000 211.049988 -1126.230957
v -140.000000 211.049988 -1219.262817
v -140.000000 251.000000 -275.200012
v -140.000000 251.000000 -161.800003
v -140.000000 251.000000 -639.591431
v -140.000000 251.000000 -751.700012
v -140.000000 251.000000 -1116.114014
v -140.000000 251.000000 -1229.000000
v 140.000000 211.050003 -161.800003
v 140.000000 211.050003 -275.200012
v 140.000000 211.050018 -218.290024
v 140.000000 211.049988 -639.591431
v 140.000000 211.049988 -751.700012
v 140.000000 211.049988 -695.171326
v 140.000000 211.049988 -1229.000000
v 140.000000 211.049988 -1116.114014
v 140.000000 211.049988 -1172.435059
v 140.000000 211.050003 -171.779373
v 140.000000 211.050003 -265.150146
v 140.000000 211.049988 -649.382263
v 140.000000 211.049988 -741.686890
v 140.000000 211.049988 -1126.230957
v 140.000000 211.049988 -1219.262817
v 140.000000 251.000000 -275.200012
v 140.000000 251.000000 -161.800003
v 140.000000 251.000000 -639.591431
v 140.000000 251.000000 -751.700012
v 140.000000 251.000000 -1116.114014
v 140.000000 251.000000 -1229.000000
v -140.000000 155.676147 -567.986023
v -140.000000 105.041519 -462.139465
v -140.000000 160.286316 -567.986023
v -140.000000 202.194519 -462.139465
v -140.000000 202.194519 -451.036163
v -140.000000 105.041519 -451.036163
v -140.000000 160.177475 -1044.523193
v -140.000000 202.272003 -938.808472
v -140.000000 155.635590 -1044.523193
v -140.000000 104.875626 -938.808472
v -140.000000 202.272003 -928.325073
v -140.000000 104.875626 -928.325073
v -129.000000 155.676147 -567.986023
v -129.000000 105.041519 -462.139465
v -129.000000 160.286316 -567.986023
v -129.000000 202.194519 -462.139465
v -129.000000 202.194519 -451.036163
v -129.000000 105.041519 -451.036163
v -129.000000 160.177475 -1044.523193
v -129.000000 202.272003 -938.808472
v -129.000000 155.635590 -1044.523193
v -129.000000 104.875626 -938.808472
v -129.000000 202.272003 -928.325073
v -129.000000 104.875626 -928.325073
v -138.000000 155.676147 -567.986023
v -138.000000 155.676147 -462.139465
v -138.000000 160.286316 -567.986023
v -138.000000 160.286316 -462.139465
v -138.000000 160.177475 -1044.523193
v -138.000000 160.177475 -938.808472
v -138.000000 155.635590 -1044.523193
v -138.000000 155.635590 -938.808472
v -131.000000 155.676147 -567.986023
v -131.000000 155.676147 -462.139465
v -131.000000 160.286316 -567.986023
v -131.000000 160.286316 -462.139465
v -131.000000 160.177475 -1044.523193
v -131.000000 160.177475 -938.808472
v -131.000000 155.635590 -1044.523193
v -131.000000 155.635590 -938.808472
v -142.000000 155.676147 -567.986023
v -142.000000 105.041519 -462.139465
v -142.000000 160.286316 -567.986023
v -142.000000 202.194519 -462.139465
v -142.000000 202.194519 -451.036163
v -142.000000 105.041519 -451.036163
v -142.000000 160.177475 -1044.523193
v -142.000000 202.272003 -938.808472
v -142.000000 155.635590 -1044.523193
v -142.000000 104.875626 -938.808472
v -142.000000 202.272003 -928.325073
v -142.000000 104.875626 -928.325073
v -140.000000 155.676147 -461.139465
v -140.000000 105.041519 -461.139465
v -140.000000 105.041519 -452.036163
v -140.000000 202.194519 -452.036163
v -140.000000 202.194519 -461.139465
v -140.000000 160.286316 -461.139465
v -129.000000 160.286316 -461.139465
v -129.000000 202.194519 -461.139465
v -129.000000 202.194519 -452.036163
v -129.000000 105.041519 -452.036163
v -129.000000 105.041519 -461.139465
v -129.000000 155.676147 -461.139465
v -139.000000 105.041519 -462.139465
v -139.000000 155.676147 -462.139465
v -130.000000 155.676147 -462.139465
v -130.000000 105.041519 -462.139465
v -139.000000 202.194519 -451.036163
v -139.000000 105.041519 -451.036163
v -130.000000 105.041519 -451.036163
v -130.000000 202.194519 -451.036163
v -139.000000 160.286316 -462.139465
v -139.000000 202.194519 -462.139465
v -130.000000 202.194519 -462.139465
v -130.000000 160.286316 -462.139465
v -139.000000 155.676147 -462.139465
v -139.000000 160.286316 -462.139465
v -130.000000 160.286316 -462.139465
v -130.000000 155.676147 -462.139465
v -139.500000 105.041519 -462.005493
v -139.500000 155.676147 -462.005493
v -139.866028 105.041519 -461.639465
v -139.866028 155.676147 -461.639465
v -129.500000 155.676147 -462.005493
v -129.500000 105.041519 -462.005493
v -129.133972 155.676147 -461.639465
v -129.133972 105.041519 -461.639465
v -139.500000 202.194519 -451.170135
v -139.500000 105.041519 -451.170135
v -139.866028 202.194519 -451.536163
v -139.866028 105.041519 -451.536163
v -129.500000 105.041519 -451.170135
v -129.500000 202.194519 -451.170135
v -129.133972 105.041519 -451.536163
v -129.133972 202.194519 -451.536163
v -139.500000 160.286316 -462.005493
v -139.500000 202.194519 -462.005493
v -139.866028 160.286316 -461.639465
v -139.866028 202.194519 -461.639465
v -129.500000 202.194519 -462.005493
v -129.500000 160.286316 -462.005493
v -129.133972 202.194519 -461.639465
v -129.133972 160.286316 -461.639465
v -139.500000 155.676147 -462.005493
v -139.500000 160.286316 -462.005493
v -139.866028 155.676147 -461.639465
v -139.866028 160.286316 -461.639465
v -129.500000 160.286316 -462.005493
v -129.500000 155.676147 -462.005493
v -129.133972 160.286316 -461.639465
v -129.133972 155.676147 -461.639465
v -138.000000 159.286316 -462.139465
v -138.000000 159.286316 -567.986023
v -138.000000 156.676147 -567.986023
v -138.000000 156.676147 -462.139465
v -131.000000 156.676147 -462.139465
v -131.000000 156.676147 -567.986023
v -131.000000 159.286316 -567.986023
v -131.000000 159.286316 -462.139465
v -132.000000 160.286316 -567.986023
v -137.000000 160.286316 -567.986023
v -137.000000 160.286316 -462.139465
v -132.000000 160.286316 -462.139465
v -137.000000 155.676147 -567.986023
v -132.000000 155.676147 -567.986023
v -132.000000 155.676147 -462.139465
v -137.000000 155.676147 -462.139465
v -137.500000 160.152344 -567.986023
v -137.500000 160.152344 -462.139465
v -137.866028 159.786316 -567.986023
v -137.866028 159.786316 -462.139465
v -131.500000 160.152344 -462.139465
v -131.500000 160.152344 -567.986023
v -131.133972 159.786316 -462.139465
v -131.133972 159.786316 -567.986023
v -131.500000 155.810120 -567.986023
v -131.500000 155.810120 -462.139465
v -131.133972 156.176147 -567.986023
v -131.133972 156.176147 -462.139465
v -137.500000 155.810120 -462.139465
v -137.500000 155.810120 -567.986023
v -137.866028 156.176147 -462.139465
v -137.866028 156.176147 -567.986023
v -140.000000 155.635590 -937.808472
v -140.000000 104.875626 -937.808472
v -140.000000 104.875626 -929.325073
v -140.000000 202.272003 -929.325073
v -140.000000 202.272003 -937.808472
v -140.000000 160.177475 -937.808472
v -129.000000 160.177475 -937.808472
v -129.000000 202.272003 -937.808472
v -129.000000 202.272003 -929.325073
v -129.000000 104.875626 -929.325073
v -129.000000 104.875626 -937.808472
v -129.000000 155.635590 -937.808472
v -139.000000 104.875626 -938.808472
v -139.000000 155.635590 -938.808472
v -130.000000 155.635590 -938.808472
v -130.000000 104.875626 -938.808472
v -139.000000 202.272003 -928.325073
v -139.000000 104.875626 -928.325073
v -130.000000 104.875626 -928.325073
v -130.000000 202.272003 -928.325073
v -139.000000 160.177475 -938.808472
v -139.000000 202.272003 -938.808472
v -130.000000 202.272003 -938.808472
v -130.000000 160.177475 -938.808472
v -139.000000 155.635590 -938.808472
v -139.000000 160.177475 -938.808472
v -138.000000 159.177475 -938.808472
v -138.000000 159.177475 -1044.523193
v -138.000000 156.635590 -1044.523193
v -138.000000 156.635590 -938.808472
v -130.000000 160.177475 -938.808472
v -130.000000 155.635590 -938.808472
v -131.000000 156.635590 -938.808472
v -131.000000 156.635590 -1044.523193
v -131.000000 159.177475 -1044.523193
v -131.000000 159.177475 -938.808472
v -137.000000 160.177475 -938.808472
v -132.000000 160.177475 -938.808472
v -132.000000 160.177475 -1044.523193
v -137.000000 160.177475 -1044.523193
v -132.000000 155.635590 -938.808472
v -137.000000 155.635590 -938.808472
v -137.000000 155.635590 -1044.523193
v -132.000000 155.635590 -1044.523193
v -139.500000 104.875626 -938.674500
v -139.500000 155.635590 -938.674500
v -139.866028 104.875626 -938.308472
v -139.866028 155.635590 -938.308472
v -129.500000 155.635590 -938.674500
v -129.500000 104.875626 -938.674500
v -129.133972 155.635590 -938.308472
v -129.133972 104.875626 -938.308472
v -139.500000 202.272003 -928.459045
v -139.500000 104.875626 -928.459045
v -139.866028 202.272003 -928.825073
v -139.866028 104.875626 -928.825073
v -129.500000 104.875626 -928.459045
v -129.500000 202.272003 -928.459045
v -129.133972 104.875626 -928.825073
v -129.133972 202.272003 -928.825073
v -139.500000 160.177475 -938.674500
v -139.500000 202.272003 -938.674500
v -139.866028 160.177475 -938.308472
v -139.866028 202.272003 -938.308472
v -129.500000 202.272003 -938.674500
v -129.500000 160.177475 -938.674500
v -129.133972 202.272003 -938.308472
v -129.133972 160.177475 -938.308472
v -139.500000 155.635590 -938.674500
v -139.500000 160.177475 -938.674500
v -139.866028 155.635590 -938.308472
v -139.866028 160.177475 -938.308472
v -129.500000 160.177475 -938.674500
v -129.500000 155.635590 -938.674500
v -129.133972 160.177475 -938.308472
v -129.133972 155.635590 -938.308472
v -131.500000 160.043503 -938.808472
v -131.500000 160.043503 -1044.523193
v -131.133972 159.677475 -938.808472
v -131.133972 159.677475 -1044.523193
v -137.500000 160.043503 -1044.523193
v -137.500000 160.043503 -938.808472
v -137.866028 159.677475 -1044.523193
v -137.866028 159.677475 -938.808472
v -137.500000 155.769562 -938.808472
v -137.500000 155.769562 -1044.523193
v -137.866028 156.135590 -938.808472
v -137.866028 156.135590 -1044.523193
v -131.500000 155.769562 -1044.523193
v -131.500000 155.769562 -938.808472
v -131.133972 156.135590 -1044.523193
v -131.133972 156.135590 -938.808472
v 140.000000 155.676147 -567.986023
v 140.000000 105.041519 -462.139465
v 140.000000 160.286316 -567.986023
v 140.000000 202.194519 -462.139465
v 140.000000 202.194519 -451.036163
v 140.000000 105.041519 -451.036163
v 140.000000 160.177475 -1044.523193
v 140.000000 202.272003 -938.808472
v 140.000000 155.635590 -1044.523193
v 140.000000 104.875626 -938.808472
v 140.000000 202.272003 -928.325073
v 140.000000 104.875626 -928.325073
v 129.000000 155.676147 -567.986023
v 129.000000 105.041519 -462.139465
v 129.000000 160.286316 -567.986023
v 129.000000 202.194519 -462.139465
v 129.000000 202.194519 -451.036163
v 129.000000 105.041519 -451.036163
v 129.000000 160.177475 -1044.523193
v 129.000000 202.272003 -938.808472
v 129.000000 155.635590 -1044.523193
v 129.000000 104.875626 -938.808472
v 129.000000 202.272003 -928.325073
v 129.000000 104.875626 -928.325073
v 138.000000 155.676147 -567.986023
v 138.000000 155.676147 -462.139465
v 138.000000 160.286316 -567.986023
v 138.000000 160.286316 -462.139465
v 138.000000 160.177475 -1044.523193
v 138.000000 160.177475 -938.808472
v 138.000000 155.635590 -1044.523193
v 138.000000 155.635590 -938.808472
v 131.000000 155.676147 -567.986023
v 131.000000 155.676147 -462.139465
v 131.000000 160.286316 -567.986023
v 131.000000 160.286316 -462.139465
v 131.000000 160.177475 -1044.523193
v 131.000000 160.177475 -938.808472
v 131.000000 155.635590 -1044.523193
v 131.000000 155.635590 -938.808472
v 142.000000 155.676147 -567.986023
v 142.000000 105.041519 -462.139465
v 142.000000 160.286316 -567.986023
v 142.000000 202.194519 -462.139465
v 142.000000 202.194519 -451.036163
v 142.000000 105.041519 -451.036163
v 142.000000 160.177475 -1044.523193
v 142.000000 202.272003 -938.808472
v 142.000000 155.635590 -1044.523193
v 142.000000 104.875626 -938.808472
v 142.000000 202.272003 -928.325073
v 142.000000 104.875626 -928.325073
v 140.000000 155.676147 -461.139465
v 140.000000 105.041519 -461.139465
v 140.000000 105.041519 -452.036163
v 140.000000 202.194519 -452.036163
v 140.000000 202.194519 -461.139465
v 140.000000 160.286316 -461.139465
v 129.000000 160.286316 -461.139465
v 129.000000 202.194519 -461.139465
v 129.000000 202.194519 -452.036163
v 129.000000 105.041519 -452.036163
v 129.000000 105.041519 -461.139465
v 129.000000 155.676147 -461.139465
v 139.000000 105.041519 -462.139465
v 139.000000 155.676147 -462.139465
v 130.000000 155.676147 -462.139465
v 130.000000 105.041519 -462.139465
v 139.000000 202.194519 -451.036163
v 139.000000 105.041519 -451.036163
v 130.000000 105.041519 -451.036163
v 130.000000 202.194519 -451.036163
v 139.000000 160.286316 -462.139465
v 139.000000 202.194519 -462.139465
v 130.000000 202.194519 -462.139465
v 130.000000 160.286316 -462.139465
v 139.000000 155.676147 -462.139465
v 139.000000 160.286316 -462.139465
v 130.000000 160.286316 -462.139465
v 130.000000 155.676147 -462.139465
v 139.500000 105.041519 -462.005493
v 139.500000 155.676147 -462.005493
v 139.866028 105.041519 -461.639465
v 139.866028 155.676147 -461.639465
v 129.500000 155.676147 -462.005493
v 129.500000 105.041519 -462.005493
v 129.133972 155.676147 -461.639465
v 129.133972 105.041519 -461.639465
v 139.500000 202.194519 -451.170135
v 139.500000 105.041519 -451.170135
v 139.866028 202.194519 -451.536163
v 139.866028 105.041519 -451.536163
v 129.500000 105.041519 -451.170135
v 129.500000 202.194519 -451.170135
v 129.133972 105.041519 -451.536163
v 129.133972 202.194519 -451.536163
v 139.500000 160.286316 -462.005493
v 139.500000 202.194519 -462.005493
v 139.866028 160.286316 -461.639465
v 139.866028 202.194519 -461.639465
v 129.500000 202.194519 -462.005493
v 129.500000 160.286316 -462.005493
v 129.133972 202.194519 -461.639465
v 129.133972 160.286316 -461.639465
v 139.500000 155.676147 -462.005493
v 139.500000 160.286316 -462.005493
v 139.866028 155.676147 -461.639465
v 139.866028 160.286316 -461.639465
v 129.500000 160.286316 -462.005493
v 129.500000 155.676147 -462.005493
v 129.133972 160.286316 -461.639465
v 129.133972 155.676147 -461.639465
v 138.000000 159.286316 -462.139465
v 138.000000 159.286316 -567.986023
v 138.000000 156.676147 -567.986023
v 138.000000 156.676147 -462.139465
v 131.000000 156.676147 -462.139465
v 131.000000 156.676147 -567.986023
v 131.000000 159.286316 -567.986023
v 131.000000 159.286316 -462.139465
v 132.000000 160.286316 -567.986023
v 137.000000 160.286316 -567.986023
v 137.000000 160.286316 -462.139465
v 132.000000 160.286316 -462.139465
v 137.000000 155.676147 -567.986023
v 132.000000 155.676147 -567.986023
v 132.000000 155.676147 -462.139465
v 137.000000 155.676147 -462.139465
v 137.500000 160.152344 -567.986023
v 137.500000 160.152344 -462.139465
v 137.866028 159.786316 -567.986023
v 137.866028 159.786316 -462.139465
v 131.500000 160.152344 -462.139465
v 131.500000 160.152344 -567.986023
v 131.133972 159.786316 -462.139465
v 131.133972 159.786316 -567.986023
v 131.500000 155.810120 -567.986023
v 131.500000 155.810120 -462.139465
v 131.133972 156.176147 -567.986023
v 131.133972 156.176147 -462.139465
v 137.500000 155.810120 -462.139465
v 137.500000 155.810120 -567.986023
v 137.866028 156.176147 -462.139465
v 137.866028 156.176147 -567.986023
v 140.000000 155.635590 -937.808472
v 140.000000 104.875626 -937.808472
v 140.000000 104.875626 -929.325073
v 140.000000 202.272003 -929.325073
v 140.000000 202.272003 -937.808472
v 140.000000 160.177475 -937.808472
v 129.000000 160.177475 -937.808472
v 129.000000 202.272003 -937.808472
v 129.000000 202.272003 -929.325073
v 129.000000 104.875626 -929.325073
v 129.000000 104.875626 -937.808472
v 129.000000 155.635590 -937.808472
v 139.000000 104.875626 -938.808472
v 139.000000 155.635590 -938.808472
v 130.000000 155.635590 -938.808472
v 130.000000 104.875626 -938.808472
v 139.000000 202.272003 -928.325073
v 139.000000 104.875626 -928.325073
v 130.000000 104.875626 -928.325073
v 130.000000 202.272003 -928.325073
v 139.000000 160.177475 -938.808472
v 139.000000 202.272003 -938.808472
v 130.000000 202.272003 -938.808472
v 130.000000 160.177475 -938.808472
v 139.000000 155.635590 -938.808472
v 139.000000 160.177475 -938.808472
v 138.000000 159.177475 -938.808472
v 138.000000 159.177475 -1044.523193
v 138.000000 156.635590 -1044.523193
v 138.000000 156.635590 -938.808472
v 130.000000 160.177475 -938.808472
v 130.000000 155.635590 -938.808472
v 131.000000 156.635590 -938.808472
v 131.000000 156.635590 -1044.523193
v 131.000000 159.177475 -1044.523193
v 131.000000 159.177475 -938.808472
v 137.000000 160.177475 -938.808472
v 132.000000 160.177475 -938.808472
v 132.000000 160.177475 -1044.523193
v 137.000000 160.177475 -1044.523193
v 132.000000 155.635590 -938.808472
v 137.000000 155.635590 -938.808472
v 137.000000 155.635590 -1044.523193
v 132.000000 155.635590 -1044.523193
v 139.500000 104.875626 -938.674500
v 139.500000 155.635590 -938.674500
v 139.866028 104.875626 -938.308472
v 139.866028 155.635590 -938.308472
v 129.500000 155.635590 -938.674500
v 129.500000 104.875626 -938.674500
v 129.133972 155.635590 -938.308472
v 129.133972 104.875626 -938.308472
v 139.500000 202.272003 -928.459045
v 139.500000 104.875626 -928.459045
v 139.866028 202.272003 -928.825073
v 139.866028 104.875626 -928.825073
v 129.500000 104.875626 -928.459045
v 129.500000 202.272003 -928.459045
v 129.133972 104.875626 -928.825073
v 129.133972 202.272003 -928.825073
v 139.500000 160.177475 -938.674500
v 139.500000 202.272003 -938.674500
v 139.866028 160.177475 -938.308472
v 139.866028 202.272003 -938.308472
v 129.500000 202.272003 -938.674500
v 129.500000 160.177475 -938.674500
v 129.133972 202.272003 -938.308472
v 129.133972 160.177475 -938.308472
v 139.500000 155.635590 -938.674500
v 139.500000 160.177475 -938.674500
v 139.866028 155.635590 -938.308472
v 139.866028 160.177475 -938.308472
v 129.500000 160.177475 -938.674500
v 129.500000 155.635590 -938.674500
v 129.133972 160.177475 -938.308472
v 129.133972 155.635590 -938.308472
v 131.500000 160.043503 -938.808472
v 131.500000 160.043503 -1044.523193
v 131.133972 159.677475 -938.808472
v 131.133972 159.677475 -1044.523193
v 137.500000 160.043503 -1044.523193
v 137.500000 160.043503 -938.808472
v 137.866028 159.677475 -1044.523193
v 137.866028 159.677475 -938.808472
v 137.500000 155.769562 -938.808472
v 137.500000 155.769562 -1044.523193
v 137.866028 156.135590 -938.808472
v 137.866028 156.135590 -1044.523193
v 131.500000 155.769562 -1044.523193
v 131.500000 155.769562 -938.808472
v 131.133972 156.135590 -1044.523193
v 131.133972 156.135590 -938.808472
v 0.000000 275.044556 -1465.221802
v 0.000000 14.060000 -1465.221802
v 0.000000 14.060000 77.470001
v 0.000000 275.044556 77.470001
v -129.000000 246.858368 -1468.080688
v -129.000000 14.060000 -1466.649170
v -129.000000 14.060000 77.470001
v -129.000000 246.858368 77.470001
v -45.041363 272.990845 -1468.080688
v -45.041363 272.990845 77.470001
v -64.496765 270.171021 -1468.080688
v -64.496765 270.171021 77.470001
v -108.788704 263.262421 -1468.080688
v -108.788704 263.262421 77.470001
v -123.318062 252.699997 -1468.080688
v -122.600189 252.699997 77.470001
v -130.161301 97.020782 -1468.080688
v -129.000000 97.020782 77.470001
v -130.161301 211.049988 -1468.080688
v -129.000000 211.049988 77.470001
v -129.000000 211.049988 53.474060
v -129.000000 97.020782 53.474060
v -129.000000 211.050003 -98.970909
v -129.000000 97.020782 -98.970909
v -129.000000 14.061504 -1468.080688
v -129.000000 14.060000 77.470001
v -129.000000 211.050003 -161.779373
v -129.000000 97.020782 -161.779373
v -129.000000 211.050003 -275.150146
v -129.000000 97.020782 -275.150146
v -129.000000 211.050018 -218.290024
v -129.000000 14.060143 -161.779373
v -129.000000 14.060261 -275.150146
v -129.000000 102.410797 -161.779373
v -129.000000 102.410797 -275.150146
v -129.000000 202.144775 -161.779358
v -129.000000 202.144775 -275.150146
v -129.000000 211.049988 -337.689636
v -129.000000 97.020782 -337.689636
v -129.000000 97.020782 -574.936096
v -129.000000 211.049988 -574.936096
v -129.000000 105.041512 -574.936096
v -129.000000 105.041512 -337.689636
v -129.000000 202.194519 -337.689636
v -129.000000 202.194519 -574.936096
v -129.000000 202.194519 -345.271240
v -129.000000 105.041512 -345.271240
v -129.000000 105.041519 -567.986023
v -129.000000 202.194519 -567.986023
v -129.000000 155.676147 -567.986023
v -129.000000 105.041519 -462.139465
v -129.000000 160.286316 -567.986023
v -129.000000 202.194519 -462.139465
v -129.000000 202.194519 -451.036163
v -129.000000 105.041519 -451.036163
v -129.000000 211.049988 -639.382263
v -129.000000 97.020782 -639.382263
v -129.000000 211.049988 -751.686890
v -129.000000 97.020782 -751.686890
v -129.000000 14.060755 -751.686890
v -129.000000 14.060638 -639.382263
v -129.000000 211.049988 -695.171326
v -129.000000 102.662788 -639.382263
v -129.000000 202.123871 -639.382263
v -129.000000 102.662788 -751.686890
v -129.000000 202.123871 -751.686890
v -129.000000 211.049988 -814.458984
v -129.000000 97.020782 -814.458984
v -129.000000 97.020782 -1051.765137
v -129.000000 211.049988 -1051.765137
v -129.000000 104.875626 -1051.765137
v -129.000000 104.875626 -814.458984
v -129.000000 202.272003 -1051.765137
v -129.000000 202.272003 -814.458984
v -129.000000 104.875626 -1044.523193
v -129.000000 202.272003 -1044.523193
v -129.000000 104.875626 -821.917419
v -129.000000 202.272003 -821.917419
v -129.000000 160.177475 -1044.523193
v -129.000000 202.272003 -938.808472
v -129.000000 155.635590 -1044.523193
v -129.000000 104.875626 -938.808472
v -129.000000 202.272003 -928.325073
v -129.000000 104.875626 -928.325073
v -129.000000 14.061133 -1116.230957
v -129.000000 97.020790 -1116.230957
v -129.000000 14.061251 -1229.262817
v -129.000000 97.020790 -1229.262817
v -129.000000 211.049988 -1229.262817
v -129.000000 211.049988 -1116.230957
v -129.000000 211.049988 -1172.435059
v -129.000000 102.720207 -1116.230957
v -129.000000 102.720207 -1229.262817
v -129.000000 202.161896 -1116.230957
v -129.000000 202.161896 -1229.262817
v -129.000000 202.157867 -98.970909
v -129.000000 202.157867 53.474060
v -129.000000 104.826393 53.474060
v -129.000000 104.826393 -98.970909
v -129.000000 104.826401 45.411438
v -129.000000 202.157883 45.411438
v -129.000000 202.157883 -91.585129
v -129.000000 104.826385 -91.585129
v -129.000000 97.020790 -1291.440674
v -129.000000 211.049988 -1291.440674
v -129.000000 211.049988 -1443.183838
v -129.000000 97.020782 -1443.183838
v -129.000000 104.873367 -1443.183838
v -129.000000 104.873367 -1291.440674
v -129.000000 202.269806 -1291.440674
v -129.000000 202.269806 -1443.183838
v -129.000000 104.873367 -1298.517090
v -129.000000 202.269806 -1298.517090
v -129.000000 202.269806 -1435.781006
v -129.000000 104.873367 -1435.911133
v -129.000000 104.826401 40.411438
v -129.000000 104.826385 -86.585129
v -129.000000 197.157883 45.411438
v -129.000000 109.826401 45.411438
v -129.000000 202.157883 -86.585129
v -129.000000 202.157883 40.411438
v -129.000000 109.826385 -91.585129
v -129.000000 197.157883 -91.585129
v -129.000000 108.532303 45.241066
v -129.000000 107.326401 44.741566
v -129.000000 106.290863 43.946972
v -129.000000 105.496277 42.911438
v -129.000000 104.996773 41.705532
v -129.000000 201.987518 41.705532
v -129.000000 201.488007 42.911438
v -129.000000 200.693420 43.946972
v -129.000000 199.657883 44.741566
v -129.000000 198.451981 45.241066
v -129.000000 108.532288 -91.414757
v -129.000000 107.326385 -90.915253
v -129.000000 106.290848 -90.120667
v -129.000000 105.496262 -89.085129
v -129.000000 104.996758 -87.879227
v -129.000000 198.451981 -91.414757
v -129.000000 199.657883 -90.915253
v -129.000000 200.693420 -90.120667
v -129.000000 201.488007 -89.085129
v -129.000000 201.987518 -87.879227
v -129.000000 197.194519 -345.271240
v -129.000000 110.041512 -345.271240
v -129.000000 110.041519 -567.986023
v -129.000000 197.194519 -567.986023
v -129.000000 202.194519 -562.986023
v -129.000000 202.194519 -350.271240
v -129.000000 105.041512 -350.271240
v -129.000000 105.041519 -562.986023
v -129.000000 202.024155 -564.280090
v -129.000000 201.524643 -565.486023
v -129.000000 200.730057 -566.521545
v -129.000000 199.694519 -567.316162
v -129.000000 198.488617 -567.815674
v -129.000000 202.024155 -348.977142
v -129.000000 201.524643 -347.771240
v -129.000000 200.730057 -346.735718
v -129.000000 199.694519 -345.941101
v -129.000000 198.488617 -345.441620
v -129.000000 105.211884 -348.977142
v -129.000000 105.711388 -347.771240
v -129.000000 106.505981 -346.735718
v -129.000000 107.541512 -345.941101
v -129.000000 108.747414 -345.441620
v -129.000000 197.272003 -821.917419
v -129.000000 109.875626 -821.917419
v -129.000000 109.875626 -1044.523193
v -129.000000 197.272003 -1044.523193
v -129.000000 202.272003 -1039.523193
v -129.000000 202.272003 -826.917419
v -129.000000 104.875626 -826.917419
v -129.000000 104.875626 -1039.523193
v -129.000000 202.101639 -1040.817261
v -129.000000 201.602127 -1042.023193
v -129.000000 200.807541 -1043.058716
v -129.000000 199.772003 -1043.853271
v -129.000000 198.566101 -1044.352783
v -129.000000 202.101639 -825.623352
v -129.000000 201.602127 -824.417419
v -129.000000 200.807541 -823.381897
v -129.000000 199.772003 -822.587280
v -129.000000 198.566101 -822.087769
v -129.000000 105.045998 -825.623352
v -129.000000 105.545502 -824.417419
v -129.000000 106.340088 -823.381897
v -129.000000 107.375626 -822.587280
v -129.000000 108.581528 -822.087769
v -129.000000 105.045998 -1040.817261
v -129.000000 105.545502 -1042.023193
v -129.000000 106.340088 -1043.058716
v -129.000000 107.375626 -1043.853271
v -129.000000 108.581528 -1044.352783
v -129.000000 197.269806 -1298.517090
v -129.000000 109.873367 -1298.517090
v -129.000000 109.873360 -1435.846069
v -129.000000 197.269806 -1435.846069
v -129.000000 202.269806 -1430.781006
v -129.000000 202.269806 -1303.517090
v -129.000000 104.873367 -1303.517090
v -129.000000 104.873367 -1430.911133
v -129.000000 202.099442 -1432.075317
v -129.000000 201.599930 -1433.281860
v -129.000000 200.805344 -1434.318481
v -129.000000 199.769806 -1435.114380
v -129.000000 198.563904 -1435.615601
v -129.000000 202.099442 -1302.223022
v -129.000000 201.599930 -1301.017090
v -129.000000 200.805344 -1299.981567
v -129.000000 199.769806 -1299.187012
v -129.000000 198.563904 -1298.687500
v -129.000000 105.043739 -1302.223022
v -129.000000 105.543243 -1301.017090
v -129.000000 106.337830 -1299.981567
v -129.000000 107.373367 -1299.187012
v -129.000000 108.579269 -1298.687500
v -129.000000 105.043739 -1432.204956
v -129.000000 105.543243 -1433.410278
v -129.000000 106.337830 -1434.444702
v -129.000000 107.373367 -1435.237915
v -129.000000 108.579269 -1435.735718
v -129.000000 202.194519 -461.139465
v -129.000000 202.194519 -452.036163
v -129.000000 105.041519 -452.036163
v -129.000000 105.041519 -461.139465
v -129.000000 202.272003 -937.808472
v -129.000000 202.272003 -929.325073
v -129.000000 104.875626 -929.325073
v -129.000000 104.875626 -937.808472
v 0.000000 11.000000 -1466.651245
v -129.000000 11.000000 -1466.651245
v -129.000000 14.061504 -1466.651245
v -130.161301 97.020782 -1466.651245
v -130.161301 211.049988 -1466.651245
v -129.000000 246.858368 -1466.651245
v -123.318062 252.699997 -1466.651245
v -108.788704 263.262421 -1466.651245
v -64.496765 270.171021 -1466.651245
v -45.041363 272.990845 -1466.651245
v 0.000000 275.044556 -1466.651245
v 0.000000 14.060000 77.470001
v -129.000000 14.060000 77.470001
v -129.000000 97.020782 77.470001
v -129.000000 211.049988 77.470001
v -129.000000 246.858368 77.470001
v -122.600189 252.699997 77.470001
v -108.788704 263.262421 77.470001
v -64.496765 270.171021 77.470001
v -45.041363 272.990845 77.470001
v 0.000000 275.044556 77.470001
v 129.000000 246.858368 -1468.080688
v 129.000000 14.060000 -1466.649170
v 129.000000 14.060000 77.470001
v 129.000000 246.858368 77.470001
v 45.041363 272.990845 -1468.080688
v 45.041363 272.990845 77.470001
v 64.496765 270.171021 -1468.080688
v 64.496765 270.171021 77.470001
v 108.788704 263.262421 -1468.080688
v 108.788704 263.262421 77.470001
v 123.318062 252.699997 -1468.080688
v 122.600189 252.699997 77.470001
v 130.161301 97.020782 -1468.080688
v 129.000000 97.020782 77.470001
v 130.161301 211.049988 -1468.080688
v 129.000000 211.049988 77.470001
v 129.000000 211.049988 53.474060
v 129.000000 97.020782 53.474060
v 129.000000 211.050003 -98.970909
v 129.000000 97.020782 -98.970909
v 129.000000 14.061504 -1468.080688
v 129.000000 14.060000 77.470001
v 129.000000 211.050003 -161.779373
v 129.000000 97.020782 -161.779373
v 129.000000 211.050003 -275.150146
v 129.000000 97.020782 -275.150146
v 129.000000 211.050018 -218.290024
v 129.000000 14.060143 -161.779373
v 129.000000 14.060261 -275.150146
v 129.000000 102.410797 -161.779373
v 129.000000 102.410797 -275.150146
v 129.000000 202.144775 -161.779358
v 129.000000 202.144775 -275.150146
v 129.000000 211.049988 -337.689636
v 129.000000 97.020782 -337.689636
v 129.000000 97.020782 -574.936096
v 129.000000 211.049988 -574.936096
v 129.000000 105.041512 -574.936096
v 129.000000 105.041512 -337.689636
v 129.000000 202.194519 -337.689636
v 129.000000 202.194519 -574.936096
v 129.000000 202.194519 -345.271240
v 129.000000 105.041512 -345.271240
v 129.000000 105.041519 -567.986023
v 129.000000 202.194519 -567.986023
v 129.000000 155.676147 -567.986023
v 129.000000 105.041519 -462.139465
v 129.000000 160.286316 -567.986023
v 129.000000 202.194519 -462.139465
v 129.000000 202.194519 -451.036163
v 129.000000 105.041519 -451.036163
v 129.000000 211.049988 -639.382263
v 129.000000 97.020782 -639.382263
v 129.000000 211.049988 -751.686890
v 129.000000 97.020782 -751.686890
v 129.000000 14.060755 -751.686890
v 129.000000 14.060638 -639.382263
v 129.000000 211.049988 -695.171326
v 129.000000 102.662788 -639.382263
v 129.000000 202.123871 -639.382263
v 129.000000 102.662788 -751.686890
v 129.000000 202.123871 -751.686890
v 129.000000 211.049988 -814.458984
v 129.000000 97.020782 -814.458984
v 129.000000 97.020782 -1051.765137
v 129.000000 211.049988 -1051.765137
v 129.000000 104.875626 -1051.765137
v 129.000000 104.875626 -814.458984
v 129.000000 202.272003 -1051.765137
v 129.000000 202.272003 -814.458984
v 129.000000 104.875626 -1044.523193
v 129.000000 202.272003 -1044.523193
v 129.000000 104.875626 -821.917419
v 129.000000 202.272003 -821.917419
v 129.000000 160.177475 -1044.523193
v 129.000000 202.272003 -938.808472
v 129.000000 155.635590 -1044.523193
v 129.000000 104.875626 -938.808472
v 129.000000 202.272003 -928.325073
v 129.000000 104.875626 -928.325073
v 129.000000 14.061133 -1116.230957
v 129.000000 97.020790 -1116.230957
v 129.000000 14.061251 -1229.262817
v 129.000000 97.020790 -1229.262817
v 129.000000 211.049988 -1229.262817
v 129.000000 211.049988 -1116.230957
v 129.000000 211.049988 -1172.435059
v 129.000000 102.720207 -1116.230957
v 129.000000 102.720207 -1229.262817
v 129.000000 202.161896 -1116.230957
v 129.000000 202.161896 -1229.262817
v 129.000000 202.157867 -98.970909
v 129.000000 202.157867 53.474060
v 129.000000 104.826393 53.474060
v 129.000000 104.826393 -98.970909
v 129.000000 104.826401 45.411438
v 129.000000 202.157883 45.411438
v 129.000000 202.157883 -91.585129
v 129.000000 104.826385 -91.585129
v 129.000000 97.020790 -1291.440674
v 129.000000 211.049988 -1291.440674
v 129.000000 211.049988 -1443.183838
v 129.000000 97.020782 -1443.183838
v 129.000000 104.873367 -1443.183838
v 129.000000 104.873367 -1291.440674
v 129.000000 202.269806 -1291.440674
v 129.000000 202.269806 -1443.183838
v 129.000000 104.873367 -1298.517090
v 129.000000 202.269806 -1298.517090
v 129.000000 202.269806 -1435.781006
v 129.000000 104.873367 -1435.911133
v 129.000000 104.826401 40.411438
v 129.000000 104.826385 -86.585129
v 129.000000 197.157883 45.411438
v 129.000000 109.826401 45.411438
v 129.000000 202.157883 -86.585129
v 129.000000 202.157883 40.411438
v 129.000000 109.826385 -91.585129
v 129.000000 197.157883 -91.585129
v 129.000000 108.532303 45.241066
v 129.000000 107.326401 44.741566
v 129.000000 106.290863 43.946972
v 129.000000 105.496277 42.911438
v 129.000000 104.996773 41.705532
v 129.000000 201.987518 41.705532
v 129.000000 201.488007 42.911438
v 129.000000 200.693420 43.946972
v 129.000000 199.657883 44.741566
v 129.000000 198.451981 45.241066
v 129.000000 108.532288 -91.414757
v 129.000000 107.326385 -90.915253
v 129.000000 106.290848 -90.120667
v 129.000000 105.496262 -89.085129
v 129.000000 104.996758 -87.879227
v 129.000000 198.451981 -91.414757
v 129.000000 199.657883 -90.915253
v 129.000000 200.693420 -90.120667
v 129.000000 201.488007 -89.085129
v 129.000000 201.987518 -87.879227
v 129.000000 197.194519 -345.271240
v 129.000000 110.041512 -345.271240
v 129.000000 110.041519 -567.986023
v 129.000000 197.194519 -567.986023
v 129.000000 202.194519 -562.986023
v 129.000000 202.194519 -350.271240
v 129.000000 105.041512 -350.271240
v 129.000000 105.041519 -562.986023
v 129.000000 202.024155 -564.280090
v 129.000000 201.524643 -565.486023
v 129.000000 200.730057 -566.521545
v 129.000000 199.694519 -567.316162
v 129.000000 198.488617 -567.815674
v 129.000000 202.024155 -348.977142
v 129.000000 201.524643 -347.771240
v 129.000000 200.730057 -346.735718
v 129.000000 199.694519 -345.941101
v 129.000000 198.488617 -345.441620
v 129.000000 105.211884 -348.977142
v 129.000000 105.711388 -347.771240
v 129.000000 106.505981 -346.735718
v 129.000000 107.541512 -345.941101
v 129.000000 108.747414 -345.441620
v 129.000000 197.272003 -821.917419
v 129.000000 109.875626 -821.917419
v 129.000000 109.875626 -1044.523193
v 129.000000 197.272003 -1044.523193
v 129.000000 202.272003 -1039.523193
v 129.000000 202.272003 -826.917419
v 129.000000 104.875626 -826.917419
v 129.000000 104.875626 -1039.523193
v 129.000000 202.101639 -1040.817261
v 129.000000 201.602127 -1042.023193
v 129.000000 200.807541 -1043.058716
v 129.000000 199.772003 -1043.853271
v 129.000000 198.566101 -1044.352783
v 129.000000 202.101639 -825.623352
v 129.000000 201.602127 -824.417419
v 129.000000 200.807541 -823.381897
v 129.000000 199.772003 -822.587280
v 129.000000 198.566101 -822.087769
v 129.000000 105.045998 -825.623352
v 129.000000 105.545502 -824.417419
v 129.000000 106.340088 -823.381897
v 129.000000 107.375626 -822.587280
v 129.000000 108.581528 -822.087769
v 129.000000 105.045998 -1040.817261
v 129.000000 105.545502 -1042.023193
v 129.000000 106.340088 -1043.058716
v 129.000000 107.375626 -1043.853271
v 129.000000 108.581528 -1044.352783
v 129.000000 197.269806 -1298.517090
v 129.000000 109.873367 -1298.517090
v 129.000000 109.873360 -1435.846069
v 129.000000 197.269806 -1435.846069
v 129.000000 202.269806 -1430.781006
v 129.000000 202.269806 -1303.517090
v 129.000000 104.873367 -1303.517090
v 129.000000 104.873367 -1430.911133
v 129.000000 202.099442 -1432.075317
v 129.000000 201.599930 -1433.281860
v 129.000000 200.805344 -1434.318481
v 129.000000 199.769806 -1435.114380
v 129.000000 198.563904 -1435.615601
v 129.000000 202.099442 -1302.223022
v 129.000000 201.599930 -1301.017090
v 129.000000 200.805344 -1299.981567
v 129.000000 199.769806 -1299.187012
v 129.000000 198.563904 -1298.687500
v 129.000000 105.043739 -1302.223022
v 129.000000 105.543243 -1301.017090
v 129.000000 106.337830 -1299.981567
v 129.000000 107.373367 -1299.187012
v 129.000000 108.579269 -1298.687500
v 129.000000 105.043739 -1432.204956
v 129.000000 105.543243 -1433.410278
v 129.000000 106.337830 -1434.444702
v 129.000000 107.373367 -1435.237915
v 129.000000 108.579269 -1435.735718
v 129.000000 202.194519 -461.139465
v 129.000000 202.194519 -452.036163
v 129.000000 105.041519 -452.036163
v 129.000000 105.041519 -461.139465
v 129.000000 202.272003 -937.808472
v 129.000000 202.272003 -929.325073
v 129.000000 104.875626 -929.325073
v 129.000000 104.875626 -937.808472
v 129.000000 11.000000 -1466.651245
v 129.000000 14.061504 -1466.651245
v 130.161301 97.020782 -1466.651245
v 130.161301 211.049988 -1466.651245
v 129.000000 246.858368 -1466.651245
v 123.318062 252.699997 -1466.651245
v 108.788704 263.262421 -1466.651245
v 64.496765 270.171021 -1466.651245
v 45.041363 272.990845 -1466.651245
v 129.000000 14.060000 77.470001
v 129.000000 97.020782 77.470001
v 129.000000 211.049988 77.470001
v 129.000000 246.858368 77.470001
v 122.600189 252.699997 77.470001
v 108.788704 263.262421 77.470001
v 64.496765 270.171021 77.470001
v 45.041363 272.990845 77.470001
# 3108 vertices

vt 0.50000 0.07880
vt 0.50000 1.00000
vt 1.00000 1.00000
vt 1.00000 0.07880
vt 0.66380 0.00000
vt 0.50000 0.00000
vt 0.50000 0.92120
vt 0.66380 0.92120
vt 0.73636 0.00000
vt 0.73636 0.92120
vt 0.89817 0.00000
vt 0.89817 0.92120
vt 0.96855 0.00000
vt 0.96855 0.92120
vt 1.00000 0.94922
vt 0.07880 1.00000
vt 0.07880 0.93867
vt 0.16643 0.93967
vt 0.20234 0.94009
vt 0.23845 0.94050
vt 0.47015 0.94315
vt 0.50558 0.94356
vt 0.54135 0.94397
vt 0.77315 0.94662
vt 0.80902 0.94703
vt 0.84489 0.94744
vt 0.16671 0.59049
vt 0.16675 0.61132
vt 0.23875 0.58985
vt 0.23832 0.19484
vt 0.23877 0.61173
vt 0.46980 0.19544
vt 0.47009 0.59141
vt 0.47010 0.61306
vt 0.54166 0.59040
vt 0.54141 0.19402
vt 0.54167 0.61348
vt 0.77335 0.19428
vt 0.77312 0.59283
vt 0.77310 0.61481
vt 0.84509 0.59354
vt 0.84520 0.19457
vt 0.84508 0.61522
vt 0.16602 0.19653
vt 0.16596 0.15967
vt 0.20191 0.15962
vt 0.23828 0.15957
vt 0.47015 0.94315
vt 0.46977 0.15925
vt 0.50528 0.15920
vt 0.54138 0.15915
vt 0.77337 0.15883
vt 0.80902 0.15878
vt 0.84521 0.15873
vt 0.27802 0.19448
vt 0.27855 0.57998
vt 0.42925 0.58109
vt 0.42895 0.19471
vt 0.58138 0.19382
vt 0.58147 0.58214
vt 0.73226 0.58344
vt 0.73226 0.19425
vt 0.09657 0.19495
vt 0.09675 0.57978
vt 0.88465 0.19357
vt 0.88464 0.58373
vt 0.98126 0.58476
vt 0.98085 0.19405
vt 0.00000 0.00000
vt 0.09975 0.15977
vt 0.09922 0.16306
vt 0.09869 0.16636
vt 0.09816 0.16966
vt 0.09763 0.17296
vt 0.09710 0.17625
vt 0.09657 0.17955
vt 0.12647 0.17952
vt 0.12593 0.17622
vt 0.12540 0.17292
vt 0.12487 0.16963
vt 0.12434 0.16633
vt 0.12381 0.16303
vt 0.12328 0.15973
vt 0.11859 0.19493
vt 0.11913 0.19823
vt 0.11966 0.20153
vt 0.12019 0.20483
vt 0.12073 0.20813
vt 0.12126 0.21143
vt 0.12179 0.21473
vt 0.10487 0.19494
vt 0.10434 0.19824
vt 0.10381 0.20154
vt 0.10328 0.20483
vt 0.10275 0.20813
vt 0.10222 0.21143
vt 0.10168 0.21472
vt 0.12329 0.61107
vt 0.12382 0.60780
vt 0.12435 0.60453
vt 0.12488 0.60127
vt 0.12540 0.59800
vt 0.12593 0.59473
vt 0.12646 0.59146
vt 0.09676 0.59097
vt 0.09729 0.59430
vt 0.09782 0.59763
vt 0.09835 0.60095
vt 0.09888 0.60428
vt 0.09940 0.60761
vt 0.09993 0.61094
vt 0.10506 0.57997
vt 0.10453 0.57666
vt 0.10400 0.57335
vt 0.10348 0.57004
vt 0.10295 0.56673
vt 0.10242 0.56343
vt 0.10189 0.56012
vt 0.11858 0.58027
vt 0.11911 0.57698
vt 0.11963 0.57369
vt 0.12016 0.57041
vt 0.12069 0.56712
vt 0.12121 0.56383
vt 0.12174 0.56054
vt 0.10190 0.57989
vt 0.10453 0.57666
vt 0.10348 0.57004
vt 0.10295 0.56673
vt 0.10242 0.56343
vt 0.10275 0.20813
vt 0.10381 0.20154
vt 0.10167 0.19495
vt 0.12180 0.19493
vt 0.12121 0.56383
vt 0.12069 0.56712
vt 0.12016 0.57041
vt 0.11911 0.57698
vt 0.12174 0.58034
vt 0.09763 0.17296
vt 0.09922 0.16306
vt 0.09656 0.15977
vt 0.12381 0.16303
vt 0.12647 0.15973
vt 0.12646 0.59146
vt 0.12593 0.59473
vt 0.12488 0.60127
vt 0.12646 0.61109
vt 0.09940 0.60761
vt 0.09888 0.60428
vt 0.09835 0.60095
vt 0.09782 0.59763
vt 0.09729 0.59430
vt 0.09677 0.61092
vt 0.12647 0.19493
vt 0.12646 0.58045
vt 0.09656 0.15977
vt 0.07880 0.15979
vt 0.07880 0.61081
vt 0.12636 0.17440
vt 0.12604 0.16962
vt 0.12554 0.16553
vt 0.12487 0.16238
vt 0.12410 0.16041
vt 0.09892 0.16044
vt 0.09815 0.16242
vt 0.09749 0.16556
vt 0.09698 0.16966
vt 0.09667 0.17443
vt 0.09687 0.59614
vt 0.09719 0.60095
vt 0.09769 0.60510
vt 0.09835 0.60828
vt 0.09911 0.61026
vt 0.12411 0.61041
vt 0.12488 0.60845
vt 0.12553 0.60533
vt 0.12603 0.60127
vt 0.12635 0.59654
vt 0.42133 0.19469
vt 0.42186 0.19801
vt 0.42239 0.20133
vt 0.42293 0.20465
vt 0.42346 0.20797
vt 0.42399 0.21129
vt 0.42453 0.21461
vt 0.28600 0.19449
vt 0.28548 0.19780
vt 0.28495 0.20111
vt 0.28443 0.20441
vt 0.28390 0.20772
vt 0.28337 0.21102
vt 0.28285 0.21433
vt 0.28657 0.58004
vt 0.28604 0.57673
vt 0.28550 0.57342
vt 0.28497 0.57010
vt 0.28443 0.56679
vt 0.28389 0.56348
vt 0.28336 0.56017
vt 0.42169 0.58104
vt 0.42221 0.57773
vt 0.42274 0.57442
vt 0.42327 0.57110
vt 0.42379 0.56779
vt 0.42432 0.56448
vt 0.42484 0.56117
vt 0.28116 0.15951
vt 0.28063 0.16281
vt 0.28010 0.16610
vt 0.27958 0.16939
vt 0.27905 0.17268
vt 0.27853 0.17597
vt 0.27800 0.17926
vt 0.42894 0.17930
vt 0.42841 0.17597
vt 0.42787 0.17264
vt 0.42734 0.16931
vt 0.42681 0.16598
vt 0.42627 0.16264
vt 0.42574 0.15931
vt 0.42610 0.61281
vt 0.42663 0.60952
vt 0.42716 0.60622
vt 0.42768 0.60293
vt 0.42821 0.59963
vt 0.42874 0.59634
vt 0.42926 0.59304
vt 0.27856 0.59202
vt 0.27910 0.59535
vt 0.27963 0.59868
vt 0.28016 0.60200
vt 0.28070 0.60533
vt 0.28123 0.60866
vt 0.28177 0.61198
vt 0.42484 0.56117
vt 0.42486 0.58106
vt 0.42169 0.58104
vt 0.42221 0.57773
vt 0.42432 0.56448
vt 0.28336 0.56017
vt 0.28339 0.58001
vt 0.28495 0.20111
vt 0.28282 0.19449
vt 0.42451 0.19470
vt 0.42346 0.20797
vt 0.28063 0.16281
vt 0.27797 0.15952
vt 0.42841 0.17597
vt 0.42894 0.17930
vt 0.42892 0.15931
vt 0.42874 0.59634
vt 0.42768 0.60293
vt 0.42716 0.60622
vt 0.42663 0.60952
vt 0.42928 0.61283
vt 0.28177 0.61198
vt 0.28070 0.60533
vt 0.27856 0.59202
vt 0.27859 0.61196
vt 0.42468 0.37969
vt 0.42466 0.36162
vt 0.35721 0.19460
vt 0.35014 0.19459
vt 0.35068 0.58051
vt 0.35775 0.58056
vt 0.42883 0.17412
vt 0.42850 0.16930
vt 0.42799 0.16516
vt 0.42733 0.16199
vt 0.42657 0.15999
vt 0.28033 0.16019
vt 0.27957 0.16216
vt 0.27891 0.16530
vt 0.27841 0.16939
vt 0.27810 0.17415
vt 0.27868 0.59719
vt 0.27900 0.60200
vt 0.27952 0.60613
vt 0.28018 0.60930
vt 0.28094 0.61130
vt 0.42692 0.61214
vt 0.42769 0.61017
vt 0.42834 0.60703
vt 0.42884 0.60293
vt 0.42916 0.59816
vt 0.72451 0.19423
vt 0.72504 0.19755
vt 0.72557 0.20088
vt 0.72610 0.20420
vt 0.72663 0.20753
vt 0.72716 0.21085
vt 0.72769 0.21418
vt 0.58930 0.19384
vt 0.58877 0.19716
vt 0.58824 0.20048
vt 0.58771 0.20380
vt 0.58719 0.20712
vt 0.58666 0.21044
vt 0.58613 0.21377
vt 0.58939 0.58220
vt 0.58886 0.57888
vt 0.58833 0.57555
vt 0.58780 0.57222
vt 0.58727 0.56889
vt 0.58673 0.56557
vt 0.58620 0.56224
vt 0.72444 0.58337
vt 0.72497 0.58004
vt 0.72550 0.57671
vt 0.72603 0.57338
vt 0.72656 0.57005
vt 0.72709 0.56672
vt 0.72762 0.56339
vt 0.58455 0.15910
vt 0.58402 0.16239
vt 0.58349 0.16569
vt 0.58296 0.16898
vt 0.58244 0.17228
vt 0.58191 0.17558
vt 0.58138 0.17887
vt 0.73226 0.17903
vt 0.73173 0.17568
vt 0.73120 0.17232
vt 0.73067 0.16896
vt 0.73014 0.16561
vt 0.72961 0.16225
vt 0.72908 0.15890
vt 0.72908 0.61455
vt 0.72961 0.61125
vt 0.73014 0.60795
vt 0.73067 0.60465
vt 0.73120 0.60135
vt 0.73173 0.59805
vt 0.73226 0.59475
vt 0.58147 0.59361
vt 0.58200 0.59696
vt 0.58253 0.60031
vt 0.58306 0.60367
vt 0.58359 0.60702
vt 0.58412 0.61037
vt 0.58466 0.61372
vt 0.58621 0.58218
vt 0.58780 0.57222
vt 0.58727 0.56889
vt 0.58673 0.56557
vt 0.58666 0.21044
vt 0.58719 0.20712
vt 0.58824 0.20048
vt 0.58612 0.19383
vt 0.72603 0.57338
vt 0.72550 0.57671
vt 0.72497 0.58004
vt 0.72444 0.58337
vt 0.72762 0.58340
vt 0.72770 0.19424
vt 0.72451 0.19423
vt 0.72716 0.21085
vt 0.58244 0.17228
vt 0.58402 0.16239
vt 0.58137 0.15910
vt 0.73173 0.17568
vt 0.73226 0.15889
vt 0.73173 0.59805
vt 0.73120 0.60135
vt 0.73067 0.60465
vt 0.73014 0.60795
vt 0.72961 0.61125
vt 0.73226 0.61457
vt 0.58466 0.61372
vt 0.58412 0.61037
vt 0.58359 0.60702
vt 0.58253 0.60031
vt 0.58148 0.61371
vt 0.72766 0.38028
vt 0.72766 0.36211
vt 0.66040 0.19404
vt 0.65367 0.19402
vt 0.65383 0.58276
vt 0.66042 0.58282
vt 0.73215 0.17382
vt 0.73184 0.16896
vt 0.73133 0.16479
vt 0.73067 0.16158
vt 0.72990 0.15957
vt 0.58373 0.15977
vt 0.58296 0.16175
vt 0.58231 0.16489
vt 0.58180 0.16899
vt 0.58148 0.17376
vt 0.58158 0.59881
vt 0.58190 0.60366
vt 0.58241 0.60783
vt 0.58307 0.61103
vt 0.58383 0.61304
vt 0.72991 0.61388
vt 0.73067 0.61191
vt 0.73133 0.60876
vt 0.73183 0.60466
vt 0.73215 0.59988
vt 0.97299 0.19401
vt 0.97352 0.19736
vt 0.97406 0.20070
vt 0.97459 0.20405
vt 0.97512 0.20740
vt 0.97565 0.21074
vt 0.97619 0.21409
vt 0.89231 0.19361
vt 0.89178 0.19694
vt 0.89125 0.20028
vt 0.89073 0.20362
vt 0.89020 0.20695
vt 0.88967 0.21029
vt 0.88914 0.21362
vt 0.89233 0.58382
vt 0.89180 0.58047
vt 0.89127 0.57713
vt 0.89074 0.57378
vt 0.89021 0.57044
vt 0.88968 0.56709
vt 0.88915 0.56375
vt 0.97345 0.58468
vt 0.97398 0.58134
vt 0.97450 0.57801
vt 0.97503 0.57467
vt 0.97556 0.57133
vt 0.97608 0.56799
vt 0.97661 0.56466
vt 0.88782 0.15868
vt 0.88730 0.16199
vt 0.88677 0.16530
vt 0.88624 0.16861
vt 0.88571 0.17192
vt 0.88518 0.17524
vt 0.88466 0.17855
vt 0.98084 0.17877
vt 0.98031 0.17540
vt 0.97978 0.17203
vt 0.97924 0.16866
vt 0.97871 0.16529
vt 0.97818 0.16192
vt 0.97765 0.15855
vt 0.97811 0.61599
vt 0.97864 0.61267
vt 0.97917 0.60936
vt 0.97969 0.60605
vt 0.98022 0.60274
vt 0.98075 0.59942
vt 0.98128 0.59611
vt 0.88464 0.59525
vt 0.88517 0.59862
vt 0.88570 0.60199
vt 0.88623 0.60536
vt 0.88676 0.60873
vt 0.88729 0.61210
vt 0.88783 0.61547
vt 0.88915 0.58378
vt 0.88968 0.56709
vt 0.88914 0.19359
vt 0.97616 0.19403
vt 0.97565 0.21074
vt 0.97608 0.56799
vt 0.97556 0.57133
vt 0.97450 0.57801
vt 0.97663 0.58471
vt 0.88571 0.17192
vt 0.88624 0.16861
vt 0.88782 0.15868
vt 0.88466 0.15868
vt 0.97765 0.15855
vt 0.97924 0.16866
vt 0.98082 0.15855
vt 0.98075 0.59942
vt 0.98022 0.60274
vt 0.97969 0.60605
vt 0.97917 0.60936
vt 0.97811 0.61599
vt 0.98130 0.61600
vt 0.88783 0.61547
vt 0.88729 0.61210
vt 0.88623 0.60536
vt 0.88464 0.61545
vt 0.98130 0.61600
vt 1.00000 0.61611
vt 1.00000 0.15852
vt 0.97619 0.21409
vt 0.98072 0.17353
vt 0.98040 0.16865
vt 0.97990 0.16446
vt 0.97924 0.16125
vt 0.97847 0.15923
vt 0.88700 0.15935
vt 0.88624 0.16134
vt 0.88558 0.16450
vt 0.88508 0.16862
vt 0.88476 0.17341
vt 0.88475 0.60048
vt 0.88507 0.60536
vt 0.88557 0.60954
vt 0.88623 0.61276
vt 0.88700 0.61478
vt 0.97894 0.61531
vt 0.97970 0.61333
vt 0.98036 0.61017
vt 0.98086 0.60606
vt 0.98117 0.60126
vt 0.23210 0.94043
vt 0.23316 0.93383
vt 0.23423 0.92724
vt 0.23529 0.92065
vt 0.23636 0.91406
vt 0.23742 0.90746
vt 0.23849 0.90087
vt 0.16647 0.90009
vt 0.16752 0.90670
vt 0.16858 0.91331
vt 0.16963 0.91992
vt 0.17068 0.92653
vt 0.17173 0.93314
vt 0.17279 0.93975
vt 0.17232 0.15967
vt 0.17127 0.16657
vt 0.17023 0.17347
vt 0.16918 0.18036
vt 0.16813 0.18726
vt 0.16708 0.19416
vt 0.16603 0.20106
vt 0.23833 0.19918
vt 0.23725 0.19258
vt 0.23618 0.18598
vt 0.23511 0.17938
vt 0.23403 0.17278
vt 0.23296 0.16618
vt 0.23189 0.15958
vt 0.53502 0.94389
vt 0.53608 0.93727
vt 0.53714 0.93064
vt 0.53820 0.92401
vt 0.53926 0.91738
vt 0.54032 0.91076
vt 0.54139 0.90413
vt 0.47014 0.90336
vt 0.47120 0.91001
vt 0.47226 0.91665
vt 0.47332 0.92329
vt 0.47438 0.92994
vt 0.47544 0.93658
vt 0.47650 0.94322
vt 0.47614 0.15925
vt 0.47508 0.16600
vt 0.47402 0.17276
vt 0.47297 0.17952
vt 0.47191 0.18628
vt 0.47086 0.19304
vt 0.46980 0.19979
vt 0.54141 0.19822
vt 0.54034 0.19171
vt 0.53927 0.18520
vt 0.53820 0.17869
vt 0.53713 0.17218
vt 0.53606 0.16567
vt 0.53500 0.15916
vt 0.77314 0.90662
vt 0.77420 0.91330
vt 0.77527 0.91998
vt 0.77633 0.92666
vt 0.77740 0.93334
vt 0.77846 0.94002
vt 0.77953 0.94669
vt 0.83857 0.94737
vt 0.83963 0.94071
vt 0.84069 0.93405
vt 0.84174 0.92738
vt 0.84280 0.92072
vt 0.84385 0.91406
vt 0.84491 0.90740
vt 0.77971 0.15883
vt 0.77865 0.16547
vt 0.77759 0.17212
vt 0.77653 0.17877
vt 0.77547 0.18542
vt 0.77440 0.19207
vt 0.77334 0.19871
vt 0.84520 0.19906
vt 0.84414 0.19234
vt 0.84308 0.18562
vt 0.84202 0.17890
vt 0.84096 0.17218
vt 0.83990 0.16546
vt 0.83884 0.15874
vt 0.23316 0.93383
vt 0.23742 0.90746
vt 0.16963 0.91992
vt 0.16858 0.91331
vt 0.53502 0.94389
vt 0.53714 0.93064
vt 0.53820 0.92401
vt 0.54032 0.91076
vt 0.54032 0.91076
vt 0.53608 0.93727
vt 0.47014 0.90336
vt 0.47332 0.92329
vt 0.47544 0.93658
vt 0.47438 0.92994
vt 0.53500 0.15916
vt 0.54141 0.19822
vt 0.53713 0.17218
vt 0.53606 0.16567
vt 0.53606 0.16567
vt 0.77314 0.90662
vt 0.77420 0.91330
vt 0.77527 0.91998
vt 0.77633 0.92666
vt 0.77740 0.93334
vt 0.77740 0.93334
vt 0.77527 0.91998
vt 0.83857 0.94737
vt 0.83963 0.94071
vt 0.84069 0.93405
vt 0.84385 0.91406
vt 0.84280 0.92072
vt 0.84069 0.93405
vt 0.77971 0.15883
vt 0.77759 0.17212
vt 0.77547 0.18542
vt 0.77440 0.19207
vt 0.77547 0.18542
vt 0.77337 0.15883
vt 0.83884 0.15874
vt 0.84520 0.19906
vt 0.84414 0.19234
vt 0.84308 0.18562
vt 0.84202 0.17890
vt 0.84096 0.17218
vt 0.83990 0.16546
vt 0.47650 0.94322
vt 0.42894 0.17930
vt 0.42895 0.19471
vt 0.97811 0.61599
vt 0.16536 0.00000
vt 0.07880 0.00000
vt 0.09975 0.15977
vt 0.47029 0.00000
vt 0.23884 0.00000
vt 0.77304 0.00000
vt 0.54206 0.00000
vt 0.73226 0.15889
vt 1.00000 0.00000
vt 0.84569 0.00000
vt 1.00000 0.92120
vt 1.00000 0.83464
vt 1.00000 0.76116
vt 1.00000 0.52971
vt 1.00000 0.45794
vt 1.00000 0.22696
vt 1.00000 0.15431
vt 0.16600 0.18065
vt 0.12646 0.23410
vt 0.12646 0.22011
vt 0.12647 0.20140
vt 0.16606 0.21595
vt 0.16608 0.22950
vt 0.16596 0.15967
vt 0.17232 0.15967
vt 0.20191 0.15962
vt 0.23189 0.15958
vt 0.23828 0.15957
vt 0.23884 0.00000
vt 0.16536 0.00000
vt 0.54206 0.00000
vt 0.47029 0.00000
vt 0.46977 0.15925
vt 0.47614 0.15925
vt 0.50528 0.15920
vt 0.53500 0.15916
vt 0.54138 0.15915
vt 0.84569 0.00000
vt 0.77304 0.00000
vt 0.77337 0.15883
vt 0.77971 0.15883
vt 0.80902 0.15878
vt 0.83884 0.15874
vt 0.84521 0.15873
vt 0.42466 0.36162
vt 0.42468 0.37969
vt 0.72766 0.36211
vt 0.72766 0.38028
vt 0.35726 0.37940
vt 0.35726 0.37939
vt 0.35754 0.58056
vt 0.35775 0.58056
vt 0.35726 0.37938
vt 0.35732 0.58056
vt 0.35726 0.37938
vt 0.35711 0.58056
vt 0.35068 0.58051
vt 0.35090 0.58051
vt 0.35036 0.19459
vt 0.35014 0.19459
vt 0.35111 0.58051
vt 0.35057 0.19459
vt 0.35132 0.58052
vt 0.35078 0.19459
vt 0.35721 0.19460
vt 0.35700 0.19460
vt 0.35721 0.36084
vt 0.35721 0.36083
vt 0.35679 0.19460
vt 0.35722 0.36085
vt 0.35657 0.19460
vt 0.35722 0.36086
vt 0.35726 0.37938
vt 0.35726 0.37938
vt 0.35111 0.58051
vt 0.35068 0.58051
vt 0.35078 0.19459
vt 0.35057 0.19459
vt 0.35722 0.36085
vt 0.35754 0.58056
vt 0.35662 0.36106
vt 0.35665 0.37940
vt 0.35132 0.58052
vt 0.35722 0.36217
vt 0.42466 0.36293
vt 0.35722 0.36352
vt 0.42466 0.36423
vt 0.35722 0.36486
vt 0.42466 0.36554
vt 0.35726 0.37806
vt 0.42468 0.37839
vt 0.35726 0.37672
vt 0.42467 0.37708
vt 0.35725 0.37537
vt 0.42467 0.37577
vt 0.35722 0.36352
vt 0.42467 0.37577
vt 0.42467 0.37708
vt 0.66053 0.38042
vt 0.66053 0.38042
vt 0.66021 0.58282
vt 0.66042 0.58282
vt 0.66052 0.38042
vt 0.66000 0.58281
vt 0.66051 0.38043
vt 0.65979 0.58281
vt 0.65383 0.58276
vt 0.65404 0.58276
vt 0.65389 0.19402
vt 0.65367 0.19402
vt 0.65425 0.58276
vt 0.65410 0.19402
vt 0.65446 0.58277
vt 0.65432 0.19403
vt 0.66040 0.19404
vt 0.66019 0.19404
vt 0.66036 0.36239
vt 0.66035 0.36239
vt 0.65997 0.19404
vt 0.66036 0.36238
vt 0.65976 0.19404
vt 0.66037 0.36238
vt 0.66035 0.36239
vt 0.66053 0.38042
vt 0.72766 0.36344
vt 0.66036 0.36372
vt 0.72766 0.36477
vt 0.66038 0.36504
vt 0.72766 0.36611
vt 0.66039 0.36636
vt 0.72766 0.37895
vt 0.66052 0.37910
vt 0.72766 0.37761
vt 0.66051 0.37777
vt 0.72766 0.37628
vt 0.66049 0.37645
vt 0.66052 0.38042
vt 0.66052 0.38042
vt 0.65979 0.58281
vt 0.66021 0.58282
vt 0.66000 0.58281
vt 0.65404 0.58276
vt 0.65432 0.19403
vt 0.66036 0.36238
vt 0.66036 0.36239
vt 0.66019 0.19404
vt 0.66000 0.58281
vt 0.66038 0.36504
vt 0.72766 0.36344
vt 0.66052 0.37910
vt 0.66051 0.37777
vt 0.65988 0.36227
vt 0.65989 0.38039
vt 1.00000 0.07880
vt 1.00000 1.00000
vt 0.50000 1.00000
vt 0.50000 0.07880
vt 0.66380 0.92120
vt 0.50000 0.92120
vt 0.50000 0.00000
vt 0.66380 0.00000
vt 0.73636 0.92120
vt 0.73636 0.00000
vt 0.89817 0.92120
vt 0.89817 0.00000
vt 0.96855 0.00000
vt 1.00000 0.00000
vt 1.00000 0.92120
vt 0.96855 0.92120
vt 0.16643 0.93967
vt 0.07880 0.93867
vt 0.07880 0.61081
vt 0.09677 0.61092
vt 0.12646 0.61109
vt 0.16675 0.61132
vt 0.27859 0.61196
vt 0.23877 0.61173
vt 0.23875 0.58985
vt 0.23832 0.19484
vt 0.23828 0.15957
vt 0.27797 0.15952
vt 0.27802 0.19448
vt 0.27855 0.57998
vt 0.47015 0.94315
vt 0.23845 0.94050
vt 0.42928 0.61283
vt 0.47010 0.61306
vt 0.42925 0.58109
vt 0.42895 0.19471
vt 0.42892 0.15931
vt 0.46977 0.15925
vt 0.46980 0.19544
vt 0.47009 0.59141
vt 0.58148 0.61371
vt 0.54167 0.61348
vt 0.54166 0.59040
vt 0.54141 0.19402
vt 0.54138 0.15915
vt 0.58137 0.15910
vt 0.58138 0.19382
vt 0.58147 0.58214
vt 0.77315 0.94662
vt 0.54135 0.94397
vt 0.73226 0.61457
vt 0.77310 0.61481
vt 0.73226 0.58344
vt 0.73226 0.19425
vt 0.73226 0.15889
vt 0.77337 0.15883
vt 0.77335 0.19428
vt 0.77312 0.59283
vt 0.07880 0.15979
vt 0.09656 0.15977
vt 0.09657 0.19495
vt 0.09675 0.57978
vt 0.12646 0.58045
vt 0.12647 0.19493
vt 0.12647 0.15973
vt 0.16596 0.15967
vt 0.16602 0.19653
vt 0.16671 0.59049
vt 0.07880 0.00000
vt 1.00000 0.15852
vt 0.98082 0.15855
vt 0.88466 0.15868
vt 0.84521 0.15873
vt 0.80902 0.15878
vt 0.77337 0.15883
vt 0.73226 0.15889
vt 0.50528 0.15920
vt 0.20191 0.15962
vt 0.09656 0.15977
vt 0.84508 0.61522
vt 0.88464 0.61545
vt 0.98130 0.61600
vt 1.00000 0.61611
vt 1.00000 0.94922
vt 0.84489 0.94744
vt 0.84509 0.59354
vt 0.84520 0.19457
vt 0.88465 0.19357
vt 0.88464 0.58373
vt 0.98130 0.61600
vt 0.98126 0.58476
vt 0.98085 0.19405
vt 0.00000 0.00000
vt 0.10190 0.57989
vt 0.12174 0.58034
vt 0.10167 0.19495
vt 0.12180 0.19493
vt 0.10189 0.56012
vt 0.10168 0.21472
vt 0.12179 0.21473
vt 0.12174 0.56054
vt 0.10506 0.57997
vt 0.11858 0.58027
vt 0.28285 0.21433
vt 0.28282 0.19449
vt 0.28600 0.19449
vt 0.28548 0.19780
vt 0.28495 0.20111
vt 0.28443 0.20441
vt 0.28390 0.20772
vt 0.28337 0.21102
vt 0.28336 0.56017
vt 0.28389 0.56348
vt 0.28443 0.56679
vt 0.28497 0.57010
vt 0.28550 0.57342
vt 0.28604 0.57673
vt 0.28657 0.58004
vt 0.28339 0.58001
vt 0.42453 0.21461
vt 0.42399 0.21129
vt 0.42346 0.20797
vt 0.42293 0.20465
vt 0.42239 0.20133
vt 0.42186 0.19801
vt 0.42133 0.19469
vt 0.42451 0.19470
vt 0.28336 0.56017
vt 0.42895 0.19471
vt 0.42486 0.58106
vt 0.42484 0.56117
vt 0.42468 0.37969
vt 0.42466 0.36162
vt 0.58613 0.21377
vt 0.58612 0.19383
vt 0.58930 0.19384
vt 0.58877 0.19716
vt 0.58824 0.20048
vt 0.58771 0.20380
vt 0.58719 0.20712
vt 0.58666 0.21044
vt 0.58620 0.56224
vt 0.58673 0.56557
vt 0.58727 0.56889
vt 0.58780 0.57222
vt 0.58833 0.57555
vt 0.58886 0.57888
vt 0.58939 0.58220
vt 0.58621 0.58218
vt 0.72762 0.56339
vt 0.72762 0.58340
vt 0.72444 0.58337
vt 0.72497 0.58004
vt 0.72550 0.57671
vt 0.72603 0.57338
vt 0.72656 0.57005
vt 0.72709 0.56672
vt 0.72769 0.21418
vt 0.72716 0.21085
vt 0.72663 0.20753
vt 0.72610 0.20420
vt 0.72557 0.20088
vt 0.72504 0.19755
vt 0.72451 0.19423
vt 0.72770 0.19424
vt 0.72766 0.38028
vt 0.72766 0.36211
vt 0.88914 0.21362
vt 0.88914 0.19359
vt 0.89231 0.19361
vt 0.89178 0.19694
vt 0.89125 0.20028
vt 0.89073 0.20362
vt 0.89020 0.20695
vt 0.88967 0.21029
vt 0.88915 0.56375
vt 0.88968 0.56709
vt 0.89021 0.57044
vt 0.89074 0.57378
vt 0.89127 0.57713
vt 0.89180 0.58047
vt 0.89233 0.58382
vt 0.88915 0.58378
vt 0.97661 0.56466
vt 0.97663 0.58471
vt 0.97345 0.58468
vt 0.97398 0.58134
vt 0.97450 0.57801
vt 0.97503 0.57467
vt 0.97556 0.57133
vt 0.97608 0.56799
vt 0.97619 0.21409
vt 0.97565 0.21074
vt 0.97512 0.20740
vt 0.97459 0.20405
vt 0.97406 0.20070
vt 0.97352 0.19736
vt 0.97299 0.19401
vt 0.97616 0.19403
vt 0.97619 0.21409
vt 0.35721 0.19460
vt 0.35657 0.19460
vt 0.35078 0.19459
vt 0.35014 0.19459
vt 0.35068 0.58051
vt 0.35132 0.58052
vt 0.35711 0.58056
vt 0.35775 0.58056
vt 0.42169 0.58104
vt 0.72451 0.19423
vt 0.66040 0.19404
vt 0.65976 0.19404
vt 0.65432 0.19403
vt 0.65367 0.19402
vt 0.65383 0.58276
vt 0.65446 0.58277
vt 0.65979 0.58281
vt 0.66042 0.58282
vt 0.72444 0.58337
# 1011 texture vertices

vn 0.00000 -1.00000 0.00000
vn -0.08699 0.99621 0.00000
vn 0.00000 1.00000 0.00000
vn -0.14170 0.98991 0.00000
vn -0.34498 0.93861 0.00000
vn -0.61816 0.78605 -0.00000
vn 1.00000 0.00000 0.00000
vn 1.00000 0.00000 0.00000
vn 0.00000 0.00000 0.00000
vn -0.00000 0.00000 -1.00000
vn 0.00000 0.00000 -1.00000
vn -0.00000 0.00000 -1.00000
vn 0.00000 0.00000 1.00000
vn -0.00000 0.00000 1.00000
vn -0.00000 0.00000 1.00000
vn 0.00000 1.00000 0.00000
vn 0.00000 1.00000 0.00000
vn 0.00000 1.00000 0.00000
vn -0.00000 1.00000 0.00000
vn 0.00000 1.00000 0.00000
vn 0.00000 1.00000 0.00000
vn 0.00000 0.00000 -1.00000
vn 0.00000 -0.00000 -1.00000
vn 0.00000 -0.00000 -1.00000
vn 0.00000 -1.00000 -0.00000
vn 0.00000 -1.00000 -0.00000
vn 0.00000 -1.00000 -0.00000
vn 0.00000 -1.00000 -0.00000
vn 0.00000 -0.00000 -1.00000
vn 0.00000 -0.00000 -1.00000
vn 0.00000 -1.00000 0.00000
vn 0.00000 -1.00000 0.00000
vn 0.00000 1.00000 0.00000
vn 0.00000 1.00000 0.00000
vn 0.00000 1.00000 0.00000
vn -0.00000 1.00000 0.00000
vn -0.00000 0.00000 1.00000
vn 0.00000 1.00000 0.00000
vn 0.00000 1.00000 0.00000
vn 0.00000 -1.00000 0.00000
vn 0.00000 -1.00000 0.00000
vn -0.00000 0.00000 1.00000
vn -0.00000 0.00000 1.00000
vn 0.00000 1.00000 0.00000
vn 0.00000 1.00000 0.00000
vn 0.00000 1.00000 0.00000
vn 0.00000 1.00000 0.00000
vn 0.00000 1.00000 0.00000
vn -0.00000 1.00000 0.00000
vn -0.00000 -1.00000 0.00000
vn -0.00000 -1.00000 0.00000
vn 0.00000 -1.00000 0.00000
vn 0.00000 -0.00000 -1.00000
vn 0.00000 0.06540 -0.99786
vn 0.00000 0.25882 -0.96593
vn 0.00000 0.50000 -0.86603
vn 0.00000 0.50000 -0.86603
vn 0.00000 0.70711 -0.70711
vn 0.00000 0.86603 -0.50000
vn 0.00000 0.86603 -0.50000
vn 0.00000 0.96593 -0.25882
vn 0.00000 0.96593 -0.25882
vn 0.00000 0.99786 -0.06540
vn 0.00000 0.99786 -0.06540
vn 0.00000 -0.99786 -0.06540
vn 0.00000 -0.96593 -0.25882
vn 0.00000 -0.86602 -0.50000
vn 0.00000 -0.70711 -0.70711
vn 0.00000 -0.50000 -0.86603
vn 0.00000 -0.50000 -0.86603
vn 0.00000 -0.25882 -0.96593
vn 0.00000 -0.06540 -0.99786
vn 0.00000 0.06540 0.99786
vn 0.00000 0.25882 0.96593
vn 0.00000 0.50000 0.86603
vn 0.00000 0.50000 0.86603
vn 0.00000 0.70711 0.70711
vn 0.00000 0.86603 0.50000
vn 0.00000 0.96593 0.25882
vn 0.00000 0.99786 0.06540
vn 0.00000 0.99786 0.06540
vn 0.00000 -0.06540 0.99786
vn 0.00000 -0.25882 0.96593
vn 0.00000 -0.50000 0.86603
vn 0.00000 -0.50000 0.86603
vn 0.00000 -0.70711 0.70711
vn 0.00000 -0.86602 0.50000
vn 0.00000 -0.86603 0.50000
vn 0.00000 -0.96593 0.25882
vn 0.00000 -0.96593 0.25882
vn 0.00000 -0.99786 0.06540
vn 0.00000 -0.99786 0.06540
vn 0.00000 0.99786 0.06540
vn 0.00000 0.96593 0.25882
vn 0.00000 0.86602 0.50000
vn 0.00000 0.70711 0.70711
vn 0.00000 0.50000 0.86603
vn 0.00000 0.25882 0.96593
vn 0.00000 0.25882 -0.96593
vn 0.00000 0.50000 -0.86603
vn 0.00000 0.70711 -0.70711
vn 0.00000 0.86602 -0.50000
vn 0.00000 0.96593 -0.25882
vn 0.00000 0.99786 -0.06540
vn 0.00000 -0.99786 -0.06540
vn 0.00000 -0.96593 -0.25882
vn 0.00000 -0.86603 -0.50000
vn 0.00000 -0.70711 -0.70711
vn 0.00000 -0.50000 -0.86603
vn 0.00000 -0.25882 -0.96593
vn 0.00000 -0.25882 0.96593
vn 0.00000 -0.50000 0.86603
vn 0.00000 -0.70711 0.70711
vn 0.00000 -0.86603 0.50000
vn 0.00000 -0.96593 0.25882
vn 0.00000 -0.99786 0.06540
vn 0.00000 0.96593 -0.25882
vn 0.00000 0.86603 -0.50000
vn 0.00000 0.86603 0.50000
vn -1.00000 0.00000 0.00000
vn -1.00000 0.00000 0.00000
vn -1.00000 -0.00000 0.00006
vn -1.00000 -0.00000 0.00002
vn 0.00000 -0.99786 0.06540
vn 0.00000 -0.96593 0.25882
vn 0.00000 -0.96593 0.25882
vn 0.00000 -0.86603 0.50000
vn 0.00000 -0.70711 0.70710
vn 0.00000 -0.50001 0.86602
vn 0.00000 -0.50001 0.86602
vn 0.00000 -0.25881 0.96593
vn 0.00000 -0.25881 0.96593
vn 0.00000 -0.06539 0.99786
vn 0.00000 -0.06539 0.99786
vn 0.00000 -0.99786 -0.06540
vn 0.00000 -0.96593 -0.25882
vn 0.00000 -0.96593 -0.25882
vn 0.00000 -0.99786 -0.06540
vn 0.00000 -0.86602 -0.50000
vn 0.00000 -0.86602 -0.50000
vn 0.00000 -0.70711 -0.70710
vn 0.00000 -0.50000 -0.86603
vn 0.00000 -0.50000 -0.86603
vn 0.00000 -0.25882 -0.96593
vn 0.00000 -0.06541 -0.99786
vn 0.00000 0.99786 -0.06540
vn 0.00000 0.96593 -0.25882
vn 0.00000 0.86602 -0.50000
vn 0.00000 0.70711 -0.70710
vn 0.00000 0.50000 -0.86602
vn 0.00000 0.25882 -0.96593
vn 0.00000 0.06541 -0.99786
vn 0.00000 0.99786 0.06540
vn 0.00000 0.96593 0.25882
vn 0.00000 0.96593 0.25882
vn 0.00000 0.86603 0.50000
vn 0.00000 0.86603 0.50000
vn 0.00000 0.70711 0.70710
vn 0.00000 0.50001 0.86602
vn 0.00000 0.50001 0.86602
vn 0.00000 0.25881 0.96593
vn 0.00000 0.25881 0.96593
vn 0.00000 0.06539 0.99786
vn 0.00000 0.06539 0.99786
vn 0.00000 0.99786 0.06540
vn 0.00000 0.96593 0.25882
vn 0.00000 0.86602 0.50000
vn 0.00000 0.70711 0.70710
vn 0.00000 0.50000 0.86603
vn 0.00000 0.25882 0.96593
vn 0.00000 0.06541 0.99786
vn 0.00000 0.06539 -0.99786
vn 0.00000 0.25881 -0.96593
vn 0.00000 0.50001 -0.86602
vn 0.00000 0.70711 -0.70710
vn 0.00000 0.86603 -0.50000
vn 0.00000 0.96593 -0.25882
vn 0.00000 0.99786 -0.06540
vn 0.00000 -0.70711 0.70710
vn 0.00000 -0.50001 0.86602
vn 0.00000 -0.70711 -0.70710
vn 0.00000 -0.50000 -0.86603
vn 0.00000 -0.25882 -0.96593
vn 0.00000 -0.06541 -0.99786
vn 0.00000 -0.99786 -0.06540
vn 0.00000 -0.96593 -0.25882
vn 0.00000 -0.86603 -0.50000
vn 0.00000 -0.50001 -0.86602
vn 0.00000 -0.25881 -0.96593
vn 0.00000 -0.06539 -0.99786
vn 0.00000 -0.06541 0.99786
vn 0.00000 -0.25882 0.96593
vn 0.00000 -0.50000 0.86603
vn 0.00000 -0.86602 0.50000
vn 0.00000 -0.96593 0.25882
vn 0.00000 -0.99786 0.06540
vn 0.00000 0.86602 -0.50000
vn 0.00000 0.50000 -0.86602
vn 0.00000 0.25882 -0.96593
vn 0.00000 0.06541 -0.99786
vn 0.00000 0.86603 0.50000
vn 0.00000 0.50001 0.86602
vn 0.00000 1.00000 0.00000
vn 0.00000 1.00000 0.00000
vn 0.00000 1.00000 0.00000
vn 0.00000 -0.70710 0.70712
vn 0.00000 -0.49999 0.86603
vn 0.00000 -0.25884 0.96592
vn 0.00000 -0.06542 0.99786
vn 0.00000 -0.06542 0.99786
vn 0.00000 -0.99786 -0.06540
vn 0.00000 -0.96593 -0.25882
vn 0.00000 -0.96593 -0.25882
vn 0.00000 -0.86603 -0.50000
vn 0.00000 -0.50001 -0.86602
vn 0.00000 -0.50001 -0.86602
vn 0.00000 -0.25881 -0.96593
vn 0.00000 -0.06539 -0.99786
vn 0.00000 0.99786 -0.06540
vn 0.00000 0.96593 -0.25882
vn 0.00000 0.96593 -0.25882
vn 0.00000 0.86603 -0.50000
vn 0.00000 0.86603 -0.50000
vn 0.00000 0.70711 -0.70710
vn 0.00000 0.50001 -0.86602
vn 0.00000 0.50001 -0.86602
vn 0.00000 0.25881 -0.96593
vn 0.00000 0.06539 -0.99786
vn 0.00000 0.70710 0.70712
vn 0.00000 0.49999 0.86603
vn 0.00000 0.25884 0.96592
vn 0.00000 0.06542 0.99786
vn 0.00000 0.06542 0.99786
vn 0.00000 0.99786 0.06540
vn 0.00000 0.96593 0.25882
vn 0.00000 0.86603 0.50000
vn 0.00000 0.06542 -0.99786
vn 0.00000 0.25884 -0.96592
vn 0.00000 0.49999 -0.86603
vn 0.00000 0.70710 -0.70712
vn 0.00000 -0.70710 0.70712
vn 0.00000 -0.25884 0.96592
vn 0.00000 -0.70710 -0.70712
vn 0.00000 -0.49999 -0.86603
vn 0.00000 -0.25884 -0.96592
vn 0.00000 -0.06542 -0.99786
vn 0.00000 -0.86603 0.50000
vn 0.00000 -0.96593 0.25882
vn 0.00000 -0.99786 0.06540
vn 0.00000 0.86603 -0.50000
vn 0.00000 0.70710 0.70712
vn 0.00000 0.25884 0.96592
vn 0.00000 -0.99786 0.06539
vn 0.00000 -0.96595 0.25872
vn 0.00000 -0.86620 0.49970
vn 0.00000 -0.70757 0.70665
vn 0.00000 -0.50087 0.86552
vn 0.00000 -0.28123 0.95964
vn 0.00361 -0.27595 0.96116
vn 0.00000 -0.08801 0.99612
vn 0.00359 -0.08263 0.99657
vn 0.00000 -0.70710 -0.70712
vn 0.00000 -0.25884 -0.96592
vn 0.00000 -0.06542 -0.99786
vn 0.00000 0.70710 -0.70712
vn 0.00000 0.25884 -0.96592
vn 0.00000 0.06542 -0.99786
vn 0.00000 0.99786 0.06542
vn 0.00000 0.96590 0.25892
vn 0.00000 0.99786 0.06542
vn 0.00000 0.86585 0.50030
vn 0.00000 0.70663 0.70759
vn 0.00000 0.49911 0.86654
vn -0.00366 0.24145 0.97041
vn 0.00000 0.23603 0.97174
vn -0.00362 0.04794 0.99884
vn 0.00000 0.04252 0.99910
vn 0.00723 -0.27065 0.96265
vn 0.00721 -0.07746 0.99697
vn 0.00000 -0.99786 -0.06540
vn 0.00000 -0.49999 0.86603
vn 0.00000 -0.70710 0.70712
vn 0.00000 -0.86603 0.50000
vn 0.00000 -0.99786 0.06540
vn 0.00000 0.96590 0.25892
vn 0.00000 0.86585 0.50030
vn 0.00000 0.49911 0.86654
vn -0.00731 0.24684 0.96903
vn -0.00723 0.05325 0.99856
vn 0.00000 0.99786 0.06540
vn 0.00000 0.96593 0.25882
vn -0.00000 0.99947 0.03268
vn 0.00000 0.86603 0.50000
vn 0.00000 0.70711 0.70711
vn 0.00000 0.50000 0.86602
vn 0.00000 0.25882 0.96593
vn 0.00000 0.06540 0.99786
vn 0.00000 0.03268 0.99947
vn 0.00000 0.06540 -0.99786
vn 0.00000 0.25882 -0.96593
vn 0.00000 0.03269 -0.99947
vn 0.00000 0.50000 -0.86602
vn 0.00000 0.70711 -0.70711
vn 0.00000 0.86603 -0.50000
vn 0.00000 0.96593 -0.25882
vn 0.00000 0.99786 -0.06540
vn 0.00000 0.99947 -0.03268
vn 0.00000 -0.99786 -0.06540
vn 0.00000 -0.99947 -0.03269
vn 0.00000 -0.86602 -0.50000
vn 0.00000 -0.70711 -0.70711
vn 0.00000 -0.50000 -0.86602
vn 0.00000 -0.13053 -0.99144
vn 0.00000 -0.13052 0.99145
vn 0.00000 -0.25882 0.96593
vn 0.00000 -0.50000 0.86602
vn 0.00000 -0.70711 0.70711
vn 0.00000 -0.86603 0.50000
vn 0.00000 -0.99786 0.06540
vn 0.00000 -0.99947 0.03268
vn -0.00000 0.99947 0.03268
vn 0.00000 0.86602 0.50000
vn 0.00000 0.70711 0.70710
vn 0.00000 0.50000 0.86603
vn 0.00000 0.25882 0.96593
vn 0.00000 0.06541 0.99786
vn -0.00000 0.03268 0.99947
vn 0.00000 0.06541 -0.99786
vn 0.00000 0.25882 -0.96593
vn 0.00000 0.03268 -0.99947
vn 0.00000 0.50000 -0.86603
vn 0.00000 0.70711 -0.70710
vn 0.00000 0.86602 -0.50000
vn 0.00000 0.96593 -0.25882
vn 0.00000 0.99786 -0.06540
vn 0.00000 0.99947 -0.03268
vn 0.00000 -0.99947 -0.03268
vn 0.00000 -0.86602 -0.50000
vn 0.00000 -0.13053 -0.99144
vn 0.00000 -0.13053 0.99144
vn 0.00000 -0.99947 0.03268
vn 0.00000 0.06539 -0.99786
vn 0.00000 0.25881 -0.96593
vn 0.00000 0.03268 -0.99947
vn 0.00000 0.50001 -0.86602
vn 0.00000 0.86603 -0.50000
vn 0.00000 0.96593 -0.25882
vn 0.00000 0.99786 -0.06540
vn 0.00000 0.99947 -0.03268
vn 0.00000 0.99786 0.06541
vn -0.00000 0.99947 0.03269
vn 0.00000 0.86603 0.50000
vn 0.00000 0.70711 0.70710
vn 0.00000 0.50001 0.86602
vn 0.00000 0.25881 0.96593
vn 0.00000 0.06539 0.99786
vn 0.00000 0.03268 0.99947
vn -0.00000 -0.99947 -0.03268
vn 0.00000 -0.13051 -0.99145
vn 0.00000 -0.13051 0.99145
vn 0.00000 -0.99947 0.03268
vn 0.00000 1.00000 0.00000
vn 0.00000 1.00000 0.00000
vn 0.00000 -1.00000 -0.00000
vn 0.00000 -1.00000 -0.00000
vn 0.00000 1.00000 0.00000
vn 0.00000 1.00000 0.00000
vn 0.00000 1.00000 0.00000
vn 0.00000 1.00000 0.00000
vn -0.00000 -1.00000 0.00000
vn 0.00000 -1.00000 0.00000
vn 0.00000 1.00000 0.00000
vn -0.00000 1.00000 0.00000
vn 0.00000 -1.00000 0.00000
vn -0.00000 0.00000 1.00000
vn -0.00000 0.00000 1.00000
vn -0.00000 1.00000 0.00000
vn 0.00000 1.00000 0.00000
vn -0.00000 1.00000 0.00000
vn 0.00000 -1.00000 0.00000
vn 0.00000 -1.00000 -0.00000
vn 0.00001 -0.00000 -1.00000
vn 0.00000 1.00000 0.00000
vn -1.00000 -0.00000 0.00003
vn 0.00000 1.00000 0.00000
vn -0.85779 0.51400 -0.00000
vn -0.92111 0.38930 -0.00000
vn -1.00000 -0.00000 0.00002
vn -0.85780 0.51398 -0.00000
vn -0.85780 0.51399 -0.00000
vn -1.00000 -0.00000 0.00006
vn -0.00000 0.00000 -1.00000
vn -0.00000 0.00000 -1.00000
vn -1.00000 -0.00000 0.00006
vn 0.00000 0.00000 -1.00000
vn -0.00000 -0.00000 1.00000
vn 0.00000 0.00000 1.00000
vn 0.08699 0.99621 0.00000
vn 0.14170 0.98991 0.00000
vn 0.34498 0.93861 0.00000
vn 0.61816 0.78605 0.00000
vn 0.00000 0.00000 -1.00000
vn 0.00000 0.00000 -1.00000
vn -0.00000 0.00000 1.00000
vn 0.00000 1.00000 0.00000
vn -0.00000 1.00000 0.00000
vn -0.00000 1.00000 0.00000
vn -0.00000 -0.00000 -1.00000
vn -0.00000 -1.00000 -0.00000
vn -0.00000 -1.00000 -0.00000
vn -0.00000 -0.00000 -1.00000
vn -0.00000 -1.00000 0.00000
vn 0.00000 1.00000 0.00000
vn -0.00000 1.00000 0.00000
vn -0.00000 0.00000 1.00000
vn -0.00000 1.00000 0.00000
vn -0.00000 -1.00000 0.00000
vn -0.00000 -1.00000 0.00000
vn -0.00000 1.00000 0.00000
vn -0.00000 1.00000 0.00000
vn 0.00000 1.00000 0.00000
vn 0.00000 -1.00000 0.00000
vn 0.00000 -1.00000 0.00000
vn 0.00000 -1.00000 0.00000
vn -0.00000 -0.00000 -1.00000
vn 1.00000 0.00000 0.00002
vn 1.00000 0.00000 0.00006
vn -0.00361 -0.27595 0.96116
vn -0.00359 -0.08263 0.99657
vn 0.00366 0.24145 0.97041
vn 0.00362 0.04794 0.99884
vn -0.00723 -0.27065 0.96265
vn -0.00721 -0.07746 0.99697
vn 0.00731 0.24684 0.96903
vn 0.00723 0.05325 0.99856
vn 0.00000 0.99947 0.03268
vn -0.00000 0.99947 -0.03268
vn -0.00000 -0.99947 -0.03269
vn -0.00000 -0.99947 0.03268
vn 0.00000 0.99947 0.03268
vn -0.00000 0.03268 0.99947
vn -0.00000 0.99947 -0.03268
vn -0.00000 -0.99947 -0.03268
vn -0.00000 0.99947 -0.03268
vn 0.00000 0.99947 0.03269
vn 0.00000 -0.99947 -0.03268
vn 0.00000 -0.99947 0.03268
vn -0.00000 1.00000 0.00000
vn -0.00000 -1.00000 -0.00000
vn -0.00000 1.00000 0.00000
vn -0.00000 1.00000 0.00000
vn 0.00000 -1.00000 0.00000
vn 0.00000 -1.00000 0.00000
vn -0.00000 1.00000 0.00000
vn 0.00000 1.00000 0.00000
vn -0.00000 -1.00000 0.00000
vn -0.00000 0.00000 1.00000
vn 0.00000 1.00000 0.00000
vn -0.00000 1.00000 0.00000
vn 0.00000 1.00000 0.00000
vn -0.00000 -1.00000 0.00000
vn -0.00000 -1.00000 -0.00000
vn -0.00001 -0.00000 -1.00000
vn -0.00000 1.00000 0.00000
vn 1.00000 0.00000 0.00003
vn 1.00000 0.00000 0.00002
vn 0.92111 0.38930 0.00000
vn 0.85779 0.51400 0.00000
vn 0.85780 0.51398 0.00000
vn 0.85780 0.51399 0.00000
vn 1.00000 0.00000 0.00003
vn 1.00000 0.00000 0.00006
vn 0.00000 0.00000 -1.00000
vn 0.00000 0.00000 -1.00000
vn 1.00000 0.00000 0.00006
vn 1.00000 0.00000 0.00006
vn -0.00000 -0.00000 1.00000
vn -0.00000 -0.00000 1.00000
vn -0.00000 -0.00000 1.00000
vn -0.00000 -0.00000 1.00000
vn -1.00000 0.00000 0.00000
vn -1.00000 0.00000 0.00000
vn 1.00000 0.00000 0.00000
vn -0.00000 0.00000 1.00000
vn 0.00000 0.00000 1.00000
vn -0.00000 -0.00000 1.00000
vn -0.13052 0.00000 -0.99145
vn -0.50000 0.00000 -0.86603
vn -0.86603 0.00000 -0.50000
vn -0.99145 0.00000 -0.13052
vn -0.99145 0.00000 -0.13052
vn 0.13052 0.00000 -0.99145
vn 0.50000 0.00000 -0.86603
vn 0.86603 0.00000 -0.50000
vn 0.99145 0.00000 -0.13052
vn 0.99145 0.00000 -0.13052
vn -0.13052 0.00000 0.99145
vn -0.50000 0.00000 0.86603
vn -0.86603 0.00000 0.50000
vn -0.99145 0.00000 0.13052
vn 0.13052 0.00000 0.99145
vn 0.50000 0.00000 0.86603
vn 0.86603 0.00000 0.50000
vn 0.99145 0.00000 0.13052
vn -0.99145 0.00000 -0.13052
vn 0.00000 0.00000 0.00000
vn 0.00000 -1.00000 0.00000
vn 0.00000 1.00000 0.00000
vn 0.00000 1.00000 0.00000
vn 0.00000 -1.00000 0.00000
vn -0.13052 0.99145 0.00000
vn -0.50000 0.86603 0.00000
vn -0.86603 0.50000 0.00000
vn -0.99145 0.13052 0.00000
vn 0.13052 0.99145 0.00000
vn 0.50000 0.86603 0.00000
vn 0.86603 0.50000 0.00000
vn 0.99145 0.13052 0.00000
vn 0.13052 -0.99145 0.00000
vn 0.50000 -0.86603 0.00000
vn 0.86603 -0.50000 0.00000
vn 0.99145 -0.13052 0.00000
vn -0.13052 -0.99145 0.00000
vn -0.50000 -0.86603 0.00000
vn -0.86603 -0.50000 0.00000
vn -0.99145 -0.13052 0.00000
vn 0.00000 0.00000 -1.00000
vn 0.00000 0.00000 -1.00000
vn -0.00000 0.00000 1.00000
vn 0.00000 0.00000 1.00000
vn 0.00000 0.00000 1.00000
vn 0.00000 0.00000 1.00000
vn -0.99145 0.00000 -0.13052
vn -0.13052 0.00000 0.99145
vn 0.13052 0.00000 0.99145
vn 0.99145 0.00000 0.13052
vn 0.50000 0.86603 0.00000
vn 0.86603 0.50000 0.00000
vn -0.50000 0.86603 0.00000
vn -0.86603 0.50000 0.00000
vn -0.50000 -0.86603 0.00000
vn -0.86603 -0.50000 0.00000
vn 0.50000 -0.86603 0.00000
vn 0.86603 -0.50000 0.00000
vn -0.00003 1.00000 0.00000
vn -0.00015 0.00015 -1.00000
vn -0.00008 0.00008 -1.00000
vn 0.00002 -0.00002 1.00000
vn 0.00015 -0.00015 1.00000
vn 0.00030 -0.00030 1.00000
vn 0.00030 -0.00030 1.00000
vn 0.00002 0.00002 1.00000
vn 0.00030 0.00030 1.00000
vn 0.00030 0.00030 1.00000
vn 0.00015 0.00015 1.00000
vn -0.00015 -0.00015 -1.00000
vn -0.00008 -0.00008 -1.00000
vn -0.00015 -0.00015 -1.00000
vn 0.00015 -0.00015 -1.00000
vn 0.00015 -0.00015 -1.00000
vn 0.00008 -0.00008 -1.00000
vn -0.00002 0.00002 1.00000
vn -0.00015 0.00015 1.00000
vn -0.00030 0.00030 1.00000
vn -0.00030 0.00030 1.00000
vn -0.00002 -0.00002 1.00000
vn -0.00030 -0.00030 1.00000
vn -0.00030 -0.00030 1.00000
vn -0.00015 -0.00015 1.00000
vn 0.00015 0.00015 -1.00000
vn 0.00008 0.00008 -1.00000
vn 0.00000 -0.00000 1.00000
vn 0.00000 -0.00000 1.00000
vn -0.00000 0.00000 1.00000
vn -0.00000 0.00000 1.00000
vn -0.00000 0.00000 1.00000
vn 0.00000 1.00000 -0.00006
vn 0.00006 1.00000 0.00002
vn -0.00002 -0.00002 1.00000
vn -0.00002 0.00002 1.00000
vn 0.00002 0.00002 1.00000
vn 0.00002 -0.00002 1.00000
vn -0.00000 -0.00000 1.00000
vn 0.00000 1.00000 0.00000
vn 0.00000 1.00000 0.00000
vn 0.09461 -0.99551 0.00000
vn 0.00000 -1.00000 0.00000
vn 0.09561 -0.99542 0.00000
vn 0.14878 -0.98887 0.00000
vn 0.38733 -0.92194 -0.00007
vn 0.64815 -0.76151 -0.00015
vn 0.92077 -0.39012 -0.00029
vn 0.64813 -0.76153 -0.00015
vn 1.00000 0.00000 0.00000
vn 1.00000 0.00000 0.00000
vn 1.00000 -0.00017 -0.00025
vn 1.00000 -0.00013 -0.00019
vn 1.00000 -0.00013 -0.00019
vn 1.00000 -0.00017 -0.00025
vn 1.00000 -0.00013 -0.00019
vn 1.00000 -0.00013 -0.00019
vn 1.00000 -0.00017 -0.00025
vn 0.99972 -0.00013 -0.02350
vn 0.99993 -0.00013 -0.01192
vn 1.00000 -0.00017 -0.00025
vn 1.00000 -0.00026 -0.00038
vn 1.00000 0.00036 -0.00122
vn 1.00000 0.00036 -0.00122
vn 0.99992 0.00036 -0.01294
vn 0.99970 0.00036 -0.02452
vn 1.00000 0.00073 -0.00243
vn 0.99973 -0.00000 -0.02330
vn 0.99973 -0.00000 -0.02330
vn 0.00000 0.00000 1.00000
vn 0.00000 0.00000 1.00000
vn 0.00000 0.00000 1.00000
vn 0.00000 0.00000 1.00000
vn 0.00000 0.00000 1.00000
vn 0.00000 0.00000 1.00000
vn 0.00000 -0.00000 -1.00000
vn 0.00000 -0.00000 -1.00000
vn 0.00000 -0.00000 -1.00000
vn 0.00000 -0.00000 -1.00000
vn 0.00000 -0.00000 -1.00000
vn -0.09561 -0.99542 0.00000
vn -0.09461 -0.99551 0.00000
vn -0.14878 -0.98887 0.00000
vn -0.38733 -0.92194 -0.00007
vn -0.64813 -0.76153 -0.00015
vn -0.92077 -0.39012 -0.00029
vn -0.64815 -0.76151 -0.00015
vn -1.00000 0.00000 0.00000
vn -1.00000 0.00000 0.00000
vn -1.00000 -0.00013 -0.00019
vn -1.00000 -0.00017 -0.00025
vn -1.00000 -0.00017 -0.00025
vn -1.00000 -0.00013 -0.00019
vn -1.00000 -0.00013 -0.00019
vn -1.00000 -0.00013 -0.00019
vn -1.00000 -0.00017 -0.00025
vn -1.00000 -0.00026 -0.00038
vn -1.00000 -0.00017 -0.00025
vn -0.99993 -0.00013 -0.01192
vn -0.99972 -0.00013 -0.02350
vn -1.00000 0.00073 -0.00243
vn -0.99970 0.00036 -0.02452
vn -0.99992 0.00036 -0.01294
vn -1.00000 0.00036 -0.00122
vn -1.00000 0.00036 -0.00122
vn -0.99973 0.00000 -0.02330
vn -0.99973 0.00000 -0.02330
vn -0.00000 0.00000 1.00000
vn -0.00000 0.00000 1.00000
vn -0.00000 0.00000 1.00000
vn -0.00000 0.00000 1.00000
vn -0.00000 0.00000 1.00000
vn 0.00000 -0.00000 -1.00000
vn 0.00000 -0.00000 -1.00000
vn 0.00000 -0.00000 -1.00000
# 659 normal vertices

g obj1
s 1
usemtl mat1
f 3/1/1 6/3/1 2/2/1
f 3/1/1 7/4/1 6/3/1
f 10/8/2 1/6/3 9/5/2
f 10/8/2 4/7/3 1/6/3
f 12/10/4 9/5/2 11/9/4
f 12/10/4 10/8/2 9/5/2
f 14/12/5 11/9/4 13/11/5
f 14/12/5 12/10/4 11/9/4
f 16/14/6 13/11/5 15/13/6
f 16/14/6 14/12/5 13/11/5
f 114/18/7 104/16/9 103/3/8
f 114/18/7 108/17/9 104/16/9
f 116/19/7 114/18/7 103/3/8
f 115/20/7 116/19/7 103/3/8
f 133/21/7 115/20/7 103/3/8
f 134/22/7 133/21/7 103/3/8
f 132/23/7 134/22/7 103/3/8
f 146/24/8 132/23/7 103/3/8
f 153/25/7 146/24/8 103/3/8
f 148/26/7 153/25/7 103/3/8
f 103/3/8 107/15/7 148/26/7
f 35/27/10 163/28/11 28/28/11
f 35/27/10 170/27/12 163/28/11
f 171/29/13 38/30/13 36/29/13
f 171/29/13 173/30/13 38/30/13
f 165/31/13 36/29/13 30/31/13
f 165/31/13 171/29/13 36/29/13
f 62/32/11 182/33/11 61/33/11
f 62/32/11 183/32/11 182/33/11
f 61/33/11 175/34/11 54/34/11
f 61/33/11 182/33/11 175/34/11
f 184/35/13 64/36/13 63/35/13
f 184/35/13 185/36/14 64/36/13
f 177/37/15 63/35/13 56/37/13
f 177/37/15 184/35/13 63/35/13
f 89/38/11 194/39/11 87/39/11
f 89/38/11 196/38/11 194/39/11
f 87/39/11 187/40/11 80/40/11
f 87/39/11 194/39/11 187/40/11
f 195/41/13 90/42/13 88/41/13
f 195/41/13 197/42/13 90/42/13
f 189/43/13 88/41/13 82/43/13
f 189/43/13 195/41/13 88/41/13
f 204/20/19 116/19/17 115/20/16
f 204/20/19 205/19/18 116/19/17
f 112/31/13 204/20/13 115/20/13
f 112/31/13 201/31/13 204/20/13
f 203/18/11 110/28/11 114/18/11
f 203/18/11 199/28/11 110/28/11
f 205/19/18 114/18/20 116/19/17
f 205/19/18 203/18/21 114/18/20
f 206/27/22 119/44/23 117/27/22
f 206/27/22 208/44/24 119/44/23
f 109/45/25 202/46/27 113/46/26
f 109/45/25 198/45/28 202/46/27
f 208/44/24 109/45/29 119/44/23
f 208/44/24 198/45/30 109/45/29
f 199/28/11 117/27/22 110/28/11
f 199/28/11 206/27/22 117/27/22
f 120/30/13 207/29/13 118/29/13
f 120/30/13 209/30/13 207/29/13
f 118/29/13 201/31/13 112/31/13
f 118/29/13 207/29/13 201/31/13
f 111/47/13 209/30/13 120/30/13
f 111/47/13 200/47/13 209/30/13
f 113/46/26 200/47/32 111/47/31
f 113/46/26 202/46/27 200/47/32
f 214/23/36 134/22/34 132/23/33
f 214/23/36 216/22/35 134/22/34
f 131/37/13 214/23/37 132/23/13
f 131/37/13 213/37/15 214/23/37
f 215/48/11 129/34/11 133/48/11
f 215/48/11 211/34/11 129/34/11
f 216/22/35 133/48/38 134/22/34
f 216/22/35 215/48/39 133/48/38
f 218/33/11 137/32/11 136/33/11
f 218/33/11 219/32/11 137/32/11
f 128/49/1 217/50/40 135/50/1
f 128/49/1 210/49/41 217/50/40
f 219/32/11 128/49/11 137/32/11
f 219/32/11 210/49/11 128/49/11
f 211/34/11 136/33/11 129/34/11
f 211/34/11 218/33/11 136/33/11
f 139/36/13 220/35/13 138/35/13
f 139/36/13 221/36/42 220/35/13
f 130/51/13 221/36/42 139/36/13
f 130/51/13 212/51/43 221/36/42
f 135/50/1 212/51/1 130/51/1
f 135/50/1 217/50/40 212/51/1
f 138/35/13 213/37/15 131/37/13
f 138/35/13 220/35/13 213/37/15
f 222/24/11 147/40/11 146/24/11
f 222/24/11 223/40/11 147/40/11
f 229/25/47 146/24/45 153/25/44
f 229/25/47 222/24/46 146/24/45
f 224/26/49 153/25/44 148/26/48
f 224/26/49 229/25/47 153/25/44
f 149/43/13 224/26/13 148/26/13
f 149/43/13 225/43/13 224/26/13
f 230/39/11 156/38/11 154/39/11
f 230/39/11 232/38/11 156/38/11
f 151/52/1 228/53/50 152/53/1
f 151/52/1 227/52/51 228/53/50
f 232/38/11 151/52/11 156/38/11
f 232/38/11 227/52/11 151/52/11
f 223/40/11 154/39/11 147/40/11
f 223/40/11 230/39/11 154/39/11
f 157/42/13 231/41/13 155/41/13
f 157/42/13 233/42/13 231/41/13
f 155/41/13 225/43/13 149/43/13
f 155/41/13 231/41/13 225/43/13
f 150/54/13 233/42/13 157/42/13
f 150/54/13 226/54/13 233/42/13
f 152/53/1 226/54/52 150/54/1
f 152/53/1 228/53/50 226/54/52
f 231/41/13 189/43/13 225/43/13
f 231/41/13 195/41/13 189/43/13
f 233/42/13 195/41/13 231/41/13
f 233/42/13 197/42/13 195/41/13
f 194/39/11 223/40/11 187/40/11
f 194/39/11 230/39/11 223/40/11
f 196/38/11 230/39/11 194/39/11
f 196/38/11 232/38/11 230/39/11
f 182/33/11 211/34/11 175/34/11
f 182/33/11 218/33/11 211/34/11
f 183/32/11 218/33/11 182/33/11
f 183/32/11 219/32/11 218/33/11
f 220/35/13 177/37/15 213/37/15
f 220/35/13 184/35/13 177/37/15
f 221/36/42 184/35/13 220/35/13
f 221/36/42 185/36/14 184/35/13
f 207/29/13 165/31/13 201/31/13
f 207/29/13 171/29/13 165/31/13
f 209/30/13 171/29/13 207/29/13
f 209/30/13 173/30/13 171/29/13
f 172/44/53 206/27/22 170/27/12
f 172/44/53 208/44/24 206/27/22
f 170/27/12 199/28/11 163/28/11
f 170/27/12 206/27/22 199/28/11
f 45/55/13 235/56/13 44/56/13
f 45/55/13 236/55/13 235/56/13
f 234/57/11 46/58/11 43/57/11
f 234/57/11 237/58/11 46/58/11
f 72/59/13 249/60/13 70/60/13
f 72/59/13 251/59/13 249/60/13
f 248/61/11 71/62/11 69/61/11
f 248/61/11 250/62/11 71/62/11
f 92/63/13 264/64/13 93/64/13
f 92/63/13 263/63/13 264/64/13
f 101/65/13 271/66/13 100/66/13
f 101/65/13 272/65/13 271/66/13
f 270/67/11 102/68/11 99/67/11
f 270/67/11 273/68/11 102/68/11
f 285/69/54 318/69/55 319/69/55
f 285/69/54 284/69/54 318/69/55
f 319/69/55 320/69/57 321/69/56
f 319/69/55 318/69/55 320/69/57
f 321/69/56 322/69/58 323/69/58
f 321/69/56 320/69/57 322/69/58
f 323/69/58 324/69/60 325/69/59
f 323/69/58 322/69/58 324/69/60
f 325/69/59 326/69/62 327/69/61
f 325/69/59 324/69/60 326/69/62
f 327/69/61 279/69/64 278/69/63
f 327/69/61 326/69/62 279/69/64
f 289/69/65 329/69/66 286/69/65
f 289/69/65 328/69/66 329/69/66
f 328/69/66 331/69/67 329/69/66
f 328/69/66 330/69/67 331/69/67
f 330/69/67 333/69/68 331/69/67
f 330/69/67 332/69/68 333/69/68
f 333/69/68 334/69/70 335/69/69
f 333/69/68 332/69/68 334/69/70
f 335/69/69 336/69/71 337/69/71
f 335/69/69 334/69/70 336/69/71
f 337/69/71 283/69/72 282/69/72
f 337/69/71 336/69/71 283/69/72
f 291/69/73 338/69/74 339/69/74
f 291/69/73 290/69/73 338/69/74
f 339/69/74 340/69/76 341/69/75
f 339/69/74 338/69/74 340/69/76
f 341/69/75 342/69/77 343/69/77
f 341/69/75 340/69/76 342/69/77
f 342/69/77 345/69/78 343/69/77
f 342/69/77 344/69/78 345/69/78
f 344/69/78 347/69/79 345/69/78
f 344/69/78 346/69/79 347/69/79
f 346/69/79 280/69/80 347/69/79
f 346/69/79 281/69/81 280/69/80
f 292/69/82 349/69/83 293/69/82
f 292/69/82 348/69/83 349/69/83
f 348/69/83 351/69/84 349/69/83
f 348/69/83 350/69/85 351/69/84
f 350/69/85 353/69/86 351/69/84
f 350/69/85 352/69/86 353/69/86
f 352/69/86 355/69/87 353/69/86
f 352/69/86 354/69/88 355/69/87
f 354/69/88 357/69/89 355/69/87
f 354/69/88 356/69/90 357/69/89
f 356/69/90 287/69/91 357/69/89
f 356/69/90 288/69/92 287/69/91
f 301/70/93 359/71/94 302/70/93
f 301/70/93 358/71/94 359/71/94
f 358/71/94 361/72/95 359/71/94
f 358/71/94 360/72/95 361/72/95
f 360/72/95 363/73/96 361/72/95
f 360/72/95 362/73/96 363/73/96
f 363/73/96 364/74/97 365/74/97
f 363/73/96 362/73/96 364/74/97
f 365/74/97 366/75/98 367/75/98
f 365/74/97 364/74/97 366/75/98
f 367/75/98 298/76/73 299/76/73
f 367/75/98 366/75/98 298/76/73
f 304/77/54 369/78/99 305/77/54
f 304/77/54 368/78/99 369/78/99
f 368/78/99 371/79/100 369/78/99
f 368/78/99 370/79/100 371/79/100
f 370/79/100 373/80/101 371/79/100
f 370/79/100 372/80/101 373/80/101
f 372/80/101 375/81/102 373/80/101
f 372/80/101 374/81/102 375/81/102
f 374/81/102 377/82/103 375/81/102
f 374/81/102 376/82/103 377/82/103
f 376/82/103 303/83/104 377/82/103
f 376/82/103 300/83/104 303/83/104
f 287/84/91 378/85/89 357/85/89
f 287/84/91 307/84/92 378/85/89
f 357/85/89 379/86/88 355/86/87
f 357/85/89 378/85/89 379/86/88
f 355/86/87 380/87/86 353/87/86
f 355/86/87 379/86/88 380/87/86
f 353/87/86 381/88/84 351/88/84
f 353/87/86 380/87/86 381/88/84
f 351/88/84 382/89/83 349/89/83
f 351/88/84 381/88/84 382/89/83
f 349/89/83 296/90/82 293/90/82
f 349/89/83 382/89/83 296/90/82
f 286/91/65 383/92/66 306/91/65
f 286/91/65 329/92/66 383/92/66
f 329/92/66 384/93/67 383/92/66
f 329/92/66 331/93/67 384/93/67
f 331/93/67 385/94/68 384/93/67
f 331/93/67 333/94/68 385/94/68
f 385/94/68 335/95/69 386/95/69
f 385/94/68 333/94/68 335/95/69
f 386/95/69 337/96/71 387/96/71
f 386/95/69 335/95/69 337/96/71
f 387/96/71 282/97/72 295/97/72
f 387/96/71 337/96/71 282/97/72
f 312/98/105 388/99/106 389/99/106
f 312/98/105 311/98/105 388/99/106
f 389/99/106 390/100/107 391/100/107
f 389/99/106 388/99/106 390/100/107
f 391/100/107 392/101/108 393/101/108
f 391/100/107 390/100/107 392/101/108
f 392/101/108 395/102/109 393/101/108
f 392/101/108 394/102/109 395/102/109
f 394/102/109 397/103/110 395/102/109
f 394/102/109 396/103/110 397/103/110
f 396/103/110 309/104/72 397/103/110
f 396/103/110 308/104/72 309/104/72
f 315/105/82 398/106/111 399/106/111
f 315/105/82 314/105/82 398/106/111
f 399/106/111 400/107/112 401/107/112
f 399/106/111 398/106/111 400/107/112
f 401/107/112 402/108/113 403/108/113
f 401/107/112 400/107/112 402/108/113
f 403/108/113 404/109/114 405/109/114
f 403/108/113 402/108/113 404/109/114
f 405/109/114 406/110/115 407/110/115
f 405/109/114 404/109/114 406/110/115
f 407/110/115 310/111/116 313/111/116
f 407/110/115 406/110/115 310/111/116
f 317/112/63 327/113/61 278/112/63
f 317/112/63 408/113/117 327/113/61
f 408/113/117 325/114/59 327/113/61
f 408/113/117 409/114/118 325/114/59
f 409/114/118 323/115/58 325/114/59
f 409/114/118 410/115/58 323/115/58
f 410/115/58 321/116/56 323/115/58
f 410/115/58 411/116/56 321/116/56
f 411/116/56 319/117/55 321/116/56
f 411/116/56 412/117/55 319/117/55
f 412/117/55 285/118/54 319/117/55
f 412/117/55 294/118/54 285/118/54
f 316/119/80 346/120/79 413/120/79
f 316/119/80 281/119/81 346/120/79
f 413/120/79 344/121/78 414/121/119
f 413/120/79 346/120/79 344/121/78
f 414/121/119 342/122/77 415/122/77
f 414/121/119 344/121/78 342/122/77
f 342/122/77 416/123/76 415/122/77
f 342/122/77 340/123/76 416/123/76
f 340/123/76 417/124/74 416/123/76
f 340/123/76 338/124/74 417/124/74
f 338/124/74 297/125/73 417/124/74
f 338/124/74 290/125/73 297/125/73
f 408/127/120 317/112/120 266/126/120
f 409/114/120 408/127/120 266/126/120
f 410/128/120 409/114/120 266/126/120
f 411/129/120 410/128/120 266/126/120
f 412/130/120 411/129/120 266/126/120
f 266/126/120 294/118/120 412/130/120
f 267/133/120 387/96/120 295/97/120
f 267/133/120 386/131/120 387/96/120
f 267/133/120 385/94/120 386/131/120
f 267/133/120 384/132/120 385/94/120
f 267/133/120 383/92/120 384/132/120
f 267/133/120 306/91/121 383/92/120
f 382/89/120 268/134/121 296/90/121
f 381/88/120 268/134/121 382/89/120
f 380/87/120 268/134/121 381/88/120
f 379/86/120 268/134/121 380/87/120
f 378/85/120 268/134/121 379/86/120
f 378/85/120 307/84/121 268/134/121
f 413/138/120 269/139/120 316/119/120
f 417/135/120 297/125/121 269/139/120
f 269/139/120 416/136/120 417/135/120
f 269/139/120 415/137/120 416/136/120
f 269/139/120 414/121/120 415/137/120
f 269/139/120 413/138/120 414/121/120
f 21/142/120 367/75/120 299/76/120
f 21/142/120 365/140/120 367/75/120
f 21/142/120 363/73/120 365/140/120
f 21/142/120 361/72/120 363/73/120
f 21/142/120 359/141/120 361/72/120
f 21/142/120 302/70/120 359/141/120
f 369/78/120 23/144/123 305/77/122
f 371/79/120 23/144/123 369/78/120
f 373/80/120 23/144/123 371/79/120
f 375/81/120 23/144/123 373/80/120
f 377/143/120 23/144/123 375/81/120
f 377/143/120 303/83/120 23/144/123
f 389/99/120 24/148/123 312/98/121
f 397/146/120 309/145/122 24/148/123
f 24/148/123 395/102/120 397/146/120
f 24/148/123 393/147/120 395/102/120
f 24/148/123 391/100/120 393/147/120
f 24/148/123 389/99/120 391/100/120
f 22/154/120 407/149/120 313/111/120
f 405/150/120 407/149/120 22/154/120
f 403/151/120 405/150/120 22/154/120
f 401/152/120 403/151/120 22/154/120
f 399/153/120 401/152/120 22/154/120
f 22/154/120 315/105/120 399/153/120
f 278/69/63 280/69/80 281/69/81
f 278/69/63 279/69/64 280/69/80
f 282/69/72 284/69/54 285/69/54
f 282/69/72 283/69/72 284/69/54
f 289/69/65 287/69/91 288/69/92
f 289/69/65 286/69/65 287/69/91
f 292/69/82 290/69/73 291/69/73
f 292/69/82 293/69/82 290/69/73
f 294/118/54 282/97/72 285/118/54
f 294/118/54 295/97/72 282/97/72
f 293/90/82 297/125/73 290/125/73
f 293/90/82 296/90/82 297/125/73
f 299/76/73 263/63/13 92/63/13
f 299/76/73 298/76/73 263/63/13
f 300/83/104 302/70/93 303/83/104
f 300/83/104 301/70/93 302/70/93
f 262/155/11 305/77/54 91/155/11
f 262/155/11 304/77/54 305/77/54
f 286/91/65 307/84/92 287/84/91
f 286/91/65 306/91/65 307/84/92
f 308/104/72 94/156/11 309/104/72
f 308/104/72 265/156/11 94/156/11
f 313/111/116 311/98/105 312/98/105
f 313/111/116 310/111/116 311/98/105
f 93/64/13 314/105/82 315/105/82
f 93/64/13 264/64/13 314/105/82
f 316/119/80 278/112/63 281/119/81
f 316/119/80 317/112/63 278/112/63
f 20/158/120 22/154/120 18/159/120
f 20/158/120 315/105/120 22/154/120
f 20/158/120 93/64/120 315/105/120
f 20/158/120 92/63/120 93/64/120
f 20/158/120 299/76/120 92/63/120
f 20/158/120 21/157/120 299/76/120
f 160/133/7 105/157/7 159/63/7
f 106/144/7 161/134/7 158/155/8
f 106/144/7 288/84/7 161/134/7
f 106/144/7 289/91/7 288/84/7
f 106/144/7 160/133/7 289/91/7
f 106/144/7 105/157/7 160/133/7
f 263/63/120 266/126/120 264/64/120
f 263/63/120 294/118/120 266/126/120
f 263/63/120 295/97/120 294/118/120
f 263/63/120 267/133/120 295/97/120
f 297/125/121 265/156/120 269/139/120
f 297/125/121 262/155/120 265/156/120
f 296/90/121 262/155/120 297/125/121
f 296/90/121 268/134/121 262/155/120
f 268/134/121 304/77/120 262/155/120
f 298/76/120 267/133/120 263/63/120
f 298/76/120 306/91/121 267/133/120
f 298/76/120 307/84/121 306/91/121
f 298/76/120 268/134/121 307/84/121
f 298/76/120 304/77/120 268/134/121
f 366/169/120 304/77/120 298/76/120
f 366/169/120 368/160/120 304/77/120
f 364/168/120 368/160/120 366/169/120
f 364/168/120 370/161/120 368/160/120
f 362/167/120 370/161/120 364/168/120
f 362/167/120 372/162/120 370/161/120
f 360/166/120 372/162/120 362/167/120
f 360/166/120 374/163/120 372/162/120
f 358/165/120 374/163/120 360/166/120
f 358/165/120 376/164/120 374/163/120
f 301/70/120 376/164/120 358/165/120
f 301/70/120 300/83/120 376/164/120
f 406/174/120 311/98/120 310/111/121
f 406/174/120 388/175/120 311/98/120
f 406/174/120 390/176/120 388/175/120
f 404/173/120 390/176/120 406/174/120
f 404/173/120 392/177/120 390/176/120
f 402/172/120 392/177/120 404/173/120
f 402/172/120 394/178/120 392/177/120
f 400/171/120 394/178/120 402/172/120
f 400/171/120 396/179/120 394/178/120
f 398/170/120 396/179/120 400/171/120
f 398/170/120 308/104/120 396/179/120
f 314/105/120 308/104/120 398/170/120
f 314/105/120 265/156/120 308/104/120
f 269/139/120 265/156/120 314/105/120
f 316/119/120 269/139/120 314/105/120
f 264/64/120 316/119/120 314/105/120
f 264/64/120 317/112/120 316/119/120
f 264/64/120 266/126/120 317/112/120
f 427/180/124 458/181/126 459/181/125
f 427/180/124 426/180/124 458/181/126
f 459/181/125 460/182/127 461/182/127
f 459/181/125 458/181/126 460/182/127
f 461/182/127 462/183/128 463/183/128
f 461/182/127 460/182/127 462/183/128
f 463/183/128 464/184/130 465/184/129
f 463/183/128 462/183/128 464/184/130
f 465/184/129 466/185/132 467/185/131
f 465/184/129 464/184/130 466/185/132
f 467/185/131 424/186/134 425/186/133
f 467/185/131 466/185/132 424/186/134
f 429/187/138 469/188/136 428/187/135
f 429/187/138 468/188/137 469/188/136
f 468/188/137 471/189/139 469/188/136
f 468/188/137 470/189/140 471/189/139
f 470/189/140 473/190/141 471/189/139
f 470/189/140 472/190/141 473/190/141
f 473/190/141 474/191/143 475/191/142
f 473/190/141 472/190/141 474/191/143
f 475/191/142 476/192/144 477/192/144
f 475/191/142 474/191/143 476/192/144
f 477/192/144 420/193/145 419/193/145
f 477/192/144 476/192/144 420/193/145
f 430/194/146 479/195/147 431/194/146
f 430/194/146 478/195/147 479/195/147
f 478/195/147 481/196/148 479/195/147
f 478/195/147 480/196/148 481/196/148
f 480/196/148 483/197/149 481/196/148
f 480/196/148 482/197/149 483/197/149
f 482/197/149 485/198/150 483/197/149
f 482/197/149 484/198/150 485/198/150
f 484/198/150 487/199/151 485/198/150
f 484/198/150 486/199/151 487/199/151
f 486/199/151 421/200/152 487/199/151
f 486/199/151 418/200/152 421/200/152
f 432/201/153 488/202/155 489/202/154
f 432/201/153 433/201/153 488/202/155
f 489/202/154 490/203/157 491/203/156
f 489/202/154 488/202/155 490/203/157
f 491/203/156 492/204/158 493/204/158
f 491/203/156 490/203/157 492/204/158
f 492/204/158 495/205/159 493/204/158
f 492/204/158 494/205/160 495/205/159
f 494/205/160 497/206/161 495/205/159
f 494/205/160 496/206/162 497/206/161
f 496/206/162 422/207/163 497/206/161
f 496/206/162 423/207/164 422/207/163
f 441/208/165 499/209/166 442/208/165
f 441/208/165 498/209/166 499/209/166
f 498/209/166 501/210/167 499/209/166
f 498/209/166 500/210/167 501/210/167
f 500/210/167 503/211/168 501/210/167
f 500/210/167 502/211/168 503/211/168
f 503/211/168 504/212/169 505/212/169
f 503/211/168 502/211/168 504/212/169
f 505/212/169 506/213/170 507/213/170
f 505/212/169 504/212/169 506/213/170
f 507/213/170 438/214/171 439/214/171
f 507/213/170 506/213/170 438/214/171
f 444/215/172 509/216/173 445/215/172
f 444/215/172 508/216/173 509/216/173
f 508/216/173 511/217/174 509/216/173
f 508/216/173 510/217/174 511/217/174
f 510/217/174 513/218/175 511/217/174
f 510/217/174 512/218/175 513/218/175
f 512/218/175 515/219/176 513/218/175
f 512/218/175 514/219/176 515/219/176
f 514/219/176 517/220/177 515/219/176
f 514/219/176 516/220/177 517/220/177
f 516/220/177 443/221/178 517/220/177
f 516/220/177 440/221/178 443/221/178
f 426/180/124 518/181/125 458/181/126
f 426/180/124 446/180/124 518/181/125
f 458/181/126 519/182/127 460/182/127
f 458/181/126 518/181/125 519/182/127
f 460/182/127 520/183/179 462/183/128
f 460/182/127 519/182/127 520/183/179
f 462/183/128 521/184/180 464/184/130
f 462/183/128 520/183/179 521/184/180
f 464/184/130 522/185/131 466/185/132
f 464/184/130 521/184/180 522/185/131
f 466/185/132 437/186/134 424/186/134
f 466/185/132 522/185/131 437/186/134
f 428/187/135 523/188/136 447/187/138
f 428/187/135 469/188/136 523/188/136
f 469/188/136 524/189/140 523/188/136
f 469/188/136 471/189/139 524/189/140
f 471/189/139 525/190/181 524/189/140
f 471/189/139 473/190/141 525/190/181
f 525/190/181 475/191/142 526/191/182
f 525/190/181 473/190/141 475/191/142
f 526/191/182 477/192/144 527/192/183
f 526/191/182 475/191/142 477/192/144
f 527/192/183 419/193/145 435/193/184
f 527/192/183 477/192/144 419/193/145
f 452/222/185 528/223/186 529/223/186
f 452/222/185 451/222/185 528/223/186
f 529/223/186 530/224/187 531/224/187
f 529/223/186 528/223/186 530/224/187
f 531/224/187 532/225/181 533/225/181
f 531/224/187 530/224/187 532/225/181
f 532/225/181 535/226/188 533/225/181
f 532/225/181 534/226/188 535/226/188
f 534/226/188 537/227/189 535/226/188
f 534/226/188 536/227/189 537/227/189
f 536/227/189 449/228/190 537/227/189
f 536/227/189 448/228/190 449/228/190
f 455/229/191 538/230/192 539/230/192
f 455/229/191 454/229/191 538/230/192
f 539/230/192 540/231/193 541/231/193
f 539/230/192 538/230/192 540/231/193
f 541/231/193 542/232/179 543/232/179
f 541/231/193 540/231/193 542/232/179
f 543/232/179 544/233/194 545/233/194
f 543/232/179 542/232/179 544/233/194
f 545/233/194 546/234/195 547/234/195
f 545/233/194 544/233/194 546/234/195
f 547/234/195 450/235/196 453/235/196
f 547/234/195 546/234/195 450/235/196
f 456/194/146 478/195/147 430/194/146
f 456/194/146 548/195/147 478/195/147
f 548/195/147 480/196/148 478/195/147
f 548/195/147 549/196/197 480/196/148
f 549/196/197 482/197/149 480/196/148
f 549/196/197 550/197/149 482/197/149
f 550/197/149 484/198/150 482/197/149
f 550/197/149 551/198/198 484/198/150
f 551/198/198 486/199/151 484/198/150
f 551/198/198 552/199/199 486/199/151
f 552/199/199 418/200/152 486/199/151
f 552/199/199 434/200/200 418/200/152
f 457/201/153 489/202/154 553/202/154
f 457/201/153 432/201/153 489/202/154
f 553/202/154 491/203/156 554/203/201
f 553/202/154 489/202/154 491/203/156
f 554/203/201 493/204/158 555/204/168
f 554/203/201 491/203/156 493/204/158
f 493/204/158 556/205/202 555/204/168
f 493/204/158 495/205/159 556/205/202
f 495/205/159 557/206/162 556/205/202
f 495/205/159 497/206/161 557/206/162
f 497/206/161 436/207/163 557/206/162
f 497/206/161 422/207/163 436/207/163
f 488/239/7 433/238/7 121/237/7
f 490/203/8 488/239/7 121/237/7
f 492/204/7 490/203/8 121/237/7
f 494/205/7 492/204/7 121/237/7
f 496/240/7 494/205/7 121/237/7
f 121/237/7 423/236/7 496/240/7
f 548/195/120 456/194/120 239/242/120
f 549/196/120 548/195/120 239/242/120
f 550/197/120 549/196/120 239/242/120
f 551/198/120 550/197/120 239/242/120
f 552/199/120 551/198/120 239/242/120
f 239/242/120 434/241/121 552/199/120
f 238/244/120 527/192/120 435/193/121
f 238/244/120 526/191/120 527/192/120
f 238/244/120 525/190/120 526/191/120
f 238/244/120 524/243/120 525/190/120
f 238/244/120 523/188/120 524/243/120
f 238/244/120 447/187/121 523/188/120
f 553/239/120 240/237/120 457/238/120
f 557/240/120 436/236/120 240/237/120
f 240/237/120 556/205/120 557/240/120
f 240/237/120 555/204/120 556/205/120
f 240/237/120 554/203/121 555/204/120
f 240/237/120 553/239/120 554/203/121
f 522/185/120 241/245/120 437/186/120
f 521/246/120 241/245/120 522/185/120
f 520/183/120 241/245/120 521/246/120
f 519/182/120 241/245/120 520/183/120
f 518/181/121 241/245/120 519/182/120
f 518/181/121 446/180/120 241/245/120
f 39/248/121 507/213/120 439/214/121
f 39/248/121 505/212/120 507/213/120
f 39/248/121 503/211/120 505/212/120
f 39/248/121 501/210/120 503/211/120
f 39/248/121 499/247/120 501/210/120
f 39/248/121 442/208/121 499/247/120
f 509/249/120 42/251/120 445/250/120
f 511/217/120 42/251/120 509/249/120
f 513/218/120 42/251/120 511/217/120
f 515/219/120 42/251/120 513/218/120
f 517/220/121 42/251/120 515/219/120
f 517/220/121 443/221/120 42/251/120
f 529/255/120 41/256/121 452/222/121
f 537/252/120 449/228/121 41/256/121
f 41/256/121 535/226/120 537/252/120
f 41/256/121 533/253/120 535/226/120
f 41/256/121 531/254/121 533/253/120
f 41/256/121 529/255/120 531/254/121
f 40/260/121 547/234/120 453/257/121
f 545/258/120 547/234/120 40/260/121
f 543/232/120 545/258/120 40/260/121
f 541/231/120 543/232/120 40/260/121
f 539/230/120 541/231/120 40/260/121
f 40/260/121 455/259/120 539/230/120
f 418/200/152 420/193/145 421/200/152
f 418/200/152 419/193/145 420/193/145
f 122/261/13 422/207/163 423/207/164
f 122/261/13 47/261/13 422/207/163
f 425/186/133 49/262/13 124/262/13
f 425/186/133 424/186/134 49/262/13
f 434/200/200 419/193/145 418/200/152
f 434/200/200 435/193/184 419/193/145
f 47/261/13 436/207/163 422/207/163
f 47/261/13 242/261/13 436/207/163
f 424/186/134 244/262/13 49/262/13
f 424/186/134 437/186/134 244/262/13
f 439/214/171 236/55/13 45/55/13
f 439/214/171 438/214/171 236/55/13
f 440/221/178 442/208/165 443/221/178
f 440/221/178 441/208/165 442/208/165
f 237/58/11 445/215/172 46/58/11
f 237/58/11 444/215/172 445/215/172
f 50/263/1 446/180/124 426/180/124
f 50/263/1 245/263/1 446/180/124
f 428/187/135 246/264/1 51/264/1
f 428/187/135 447/187/138 246/264/1
f 448/228/190 43/57/11 449/228/190
f 448/228/190 234/57/11 43/57/11
f 453/235/196 451/222/185 452/222/185
f 453/235/196 450/235/196 451/222/185
f 44/56/13 454/229/191 455/229/191
f 44/56/13 235/56/13 454/229/191
f 247/265/204 430/194/146 52/265/203
f 247/265/204 456/194/146 430/194/146
f 457/201/153 48/266/205 432/201/153
f 457/201/153 243/266/205 48/266/205
f 236/55/120 239/242/120 235/56/120
f 236/55/120 434/200/121 239/242/120
f 236/55/120 435/193/121 434/200/121
f 236/55/120 238/244/120 435/193/121
f 240/237/120 237/58/120 234/57/120
f 436/207/120 237/58/120 240/237/120
f 242/261/120 237/58/120 436/207/120
f 244/262/120 237/58/120 242/261/120
f 437/186/120 237/58/120 244/262/120
f 437/186/120 241/245/120 237/58/120
f 236/55/120 447/187/121 238/244/120
f 236/55/120 246/264/120 447/187/121
f 236/55/120 245/263/121 246/264/120
f 236/55/120 446/180/120 245/263/121
f 236/55/120 241/245/120 446/180/120
f 236/55/120 237/58/120 241/245/120
f 236/55/120 444/215/121 237/58/120
f 438/214/120 444/215/121 236/55/120
f 438/214/120 508/267/120 444/215/121
f 506/276/120 508/267/120 438/214/120
f 506/276/120 510/268/120 508/267/120
f 504/275/120 510/268/120 506/276/120
f 504/275/120 512/269/120 510/268/120
f 502/274/120 512/269/120 504/275/120
f 502/274/120 514/270/120 512/269/120
f 500/273/120 514/270/120 502/274/120
f 500/273/120 516/271/121 514/270/120
f 498/272/120 516/271/121 500/273/120
f 498/272/120 440/221/120 516/271/121
f 498/272/120 441/208/120 440/221/120
f 546/281/120 451/222/121 450/235/120
f 546/281/120 528/282/120 451/222/121
f 546/281/120 530/283/121 528/282/120
f 544/280/120 530/283/121 546/281/120
f 544/280/120 532/284/120 530/283/121
f 542/279/120 532/284/120 544/280/120
f 542/279/120 534/285/120 532/284/120
f 540/278/120 534/285/120 542/279/120
f 540/278/120 536/286/120 534/285/120
f 538/277/120 536/286/120 540/278/120
f 538/277/120 448/228/120 536/286/120
f 454/229/120 448/228/120 538/277/120
f 454/229/120 234/57/120 448/228/120
f 456/194/120 234/57/120 454/229/120
f 456/194/120 240/237/120 234/57/120
f 457/201/120 240/237/120 456/194/120
f 243/266/121 457/201/120 456/194/120
f 456/194/120 247/265/120 243/266/121
f 239/242/120 456/194/120 454/229/120
f 454/229/120 235/56/120 239/242/120
f 567/287/124 598/288/126 599/288/125
f 567/287/124 566/287/124 598/288/126
f 599/288/125 600/289/127 601/289/127
f 599/288/125 598/288/126 600/289/127
f 601/289/127 602/290/206 603/290/206
f 601/289/127 600/289/127 602/290/206
f 603/290/206 604/291/207 605/291/207
f 603/290/206 602/290/206 604/291/207
f 605/291/207 606/292/208 607/292/208
f 605/291/207 604/291/207 606/292/208
f 607/292/208 564/293/210 565/293/209
f 607/292/208 606/292/208 564/293/210
f 569/294/211 609/295/212 568/294/211
f 569/294/211 608/295/213 609/295/212
f 608/295/213 611/296/214 609/295/212
f 608/295/213 610/296/214 611/296/214
f 610/296/214 613/297/141 611/296/214
f 610/296/214 612/297/141 613/297/141
f 613/297/141 614/298/216 615/298/215
f 613/297/141 612/297/141 614/298/216
f 615/298/215 616/299/189 617/299/217
f 615/298/215 614/298/216 616/299/189
f 617/299/217 560/300/218 559/300/190
f 617/299/217 616/299/189 560/300/218
f 570/301/219 619/302/220 571/301/219
f 570/301/219 618/302/221 619/302/220
f 618/302/221 621/303/222 619/302/220
f 618/302/221 620/303/223 621/303/222
f 620/303/223 623/304/224 621/303/222
f 620/303/223 622/304/224 623/304/224
f 622/304/224 625/305/225 623/304/224
f 622/304/224 624/305/226 625/305/225
f 624/305/226 627/306/173 625/305/225
f 624/305/226 626/306/227 627/306/173
f 626/306/227 561/307/228 627/306/173
f 626/306/227 558/307/172 561/307/228
f 572/308/153 628/309/155 629/309/154
f 572/308/153 573/308/153 628/309/155
f 629/309/154 630/310/157 631/310/156
f 629/309/154 628/309/155 630/310/157
f 631/310/156 632/311/229 633/311/229
f 631/310/156 630/310/157 632/311/229
f 632/311/229 635/312/230 633/311/229
f 632/311/229 634/312/230 635/312/230
f 634/312/230 637/313/231 635/312/230
f 634/312/230 636/313/231 637/313/231
f 636/313/231 562/314/232 637/313/231
f 636/313/231 563/314/233 562/314/232
f 581/315/234 639/316/235 582/315/234
f 581/315/234 638/316/235 639/316/235
f 638/316/235 641/317/236 639/316/235
f 638/316/235 640/317/236 641/317/236
f 640/317/236 643/318/168 641/317/236
f 640/317/236 642/318/168 643/318/168
f 643/318/168 644/319/202 645/319/202
f 643/318/168 642/318/168 644/319/202
f 645/319/202 646/320/162 647/320/162
f 645/319/202 644/319/202 646/320/162
f 647/320/162 578/321/163 579/321/163
f 647/320/162 646/320/162 578/321/163
f 584/322/237 649/323/238 585/322/237
f 584/322/237 648/323/238 649/323/238
f 648/323/238 651/324/239 649/323/238
f 648/323/238 650/324/239 651/324/239
f 650/324/239 653/325/240 651/324/239
f 650/324/239 652/325/240 653/325/240
f 652/325/240 655/326/176 653/325/240
f 652/325/240 654/326/176 655/326/176
f 654/326/176 657/327/177 655/326/176
f 654/326/176 656/327/177 657/327/177
f 656/327/177 583/328/178 657/327/177
f 656/327/177 580/328/178 583/328/178
f 566/287/124 658/288/125 598/288/126
f 566/287/124 586/287/124 658/288/125
f 598/288/126 659/289/127 600/289/127
f 598/288/126 658/288/125 659/289/127
f 600/289/127 660/290/241 602/290/206
f 600/289/127 659/289/127 660/290/241
f 602/290/206 661/291/207 604/291/207
f 602/290/206 660/290/241 661/291/207
f 604/291/207 662/292/242 606/292/208
f 604/291/207 661/291/207 662/292/242
f 606/292/208 577/293/209 564/293/210
f 606/292/208 662/292/242 577/293/209
f 568/294/211 663/295/213 587/294/211
f 568/294/211 609/295/212 663/295/213
f 609/295/212 664/296/214 663/295/213
f 609/295/212 611/296/214 664/296/214
f 611/296/214 665/297/181 664/296/214
f 611/296/214 613/297/141 665/297/181
f 665/297/181 615/298/215 666/298/188
f 665/297/181 613/297/141 615/298/215
f 666/298/188 617/299/217 667/299/189
f 666/298/188 615/298/215 617/299/217
f 667/299/189 559/300/190 575/300/190
f 667/299/189 617/299/217 559/300/190
f 592/329/185 668/330/186 669/330/186
f 592/329/185 591/329/185 668/330/186
f 669/330/186 670/331/187 671/331/187
f 669/330/186 668/330/186 670/331/187
f 671/331/187 672/332/243 673/332/243
f 671/331/187 670/331/187 672/332/243
f 672/332/243 675/333/244 673/332/243
f 672/332/243 674/333/244 675/333/244
f 674/333/244 677/334/245 675/333/244
f 674/333/244 676/334/245 677/334/245
f 676/334/245 589/335/246 677/334/245
f 676/334/245 588/335/246 589/335/246
f 595/336/134 678/337/131 679/337/131
f 595/336/134 594/336/134 678/337/131
f 679/337/131 680/338/180 681/338/180
f 679/337/131 678/337/131 680/338/180
f 681/338/180 682/339/179 683/339/179
f 681/338/180 680/338/180 682/339/179
f 683/339/179 684/340/247 685/340/247
f 683/339/179 682/339/179 684/340/247
f 685/340/247 686/341/248 687/341/248
f 685/340/247 684/340/247 686/341/248
f 687/341/248 590/342/249 593/342/249
f 687/341/248 686/341/248 590/342/249
f 596/301/219 618/302/221 570/301/219
f 596/301/219 688/302/221 618/302/221
f 688/302/221 620/303/223 618/302/221
f 688/302/221 689/303/250 620/303/223
f 689/303/250 622/304/224 620/303/223
f 689/303/250 690/304/175 622/304/224
f 690/304/175 624/305/226 622/304/224
f 690/304/175 691/305/174 624/305/226
f 691/305/174 626/306/227 624/305/226
f 691/305/174 692/306/173 626/306/227
f 692/306/173 558/307/172 626/306/227
f 692/306/173 574/307/172 558/307/172
f 597/308/153 629/309/154 693/309/154
f 597/308/153 572/308/153 629/309/154
f 693/309/154 631/310/156 694/310/201
f 693/309/154 629/309/154 631/310/156
f 694/310/201 633/311/229 695/311/251
f 694/310/201 631/310/156 633/311/229
f 633/311/229 696/312/230 695/311/251
f 633/311/229 635/312/230 696/312/230
f 635/312/230 697/313/252 696/312/230
f 635/312/230 637/313/231 697/313/252
f 637/313/231 576/314/233 697/313/252
f 637/313/231 562/314/232 576/314/233
f 688/302/120 596/301/120 254/343/120
f 689/303/121 688/302/120 254/343/120
f 690/344/120 689/303/121 254/343/120
f 691/345/120 690/344/120 254/343/120
f 692/346/120 691/345/120 254/343/120
f 254/343/120 574/307/121 692/346/120
f 255/350/120 667/347/120 575/300/121
f 255/350/120 666/348/120 667/347/120
f 255/350/120 665/297/120 666/348/120
f 255/350/120 664/349/120 665/297/120
f 255/350/120 663/295/121 664/349/120
f 255/350/120 587/294/120 663/295/121
f 693/353/120 252/355/121 597/354/120
f 697/313/120 576/314/120 252/355/121
f 252/355/121 696/312/120 697/313/120
f 252/355/121 695/351/120 696/312/120
f 252/355/121 694/352/121 695/351/120
f 252/355/121 693/353/120 694/352/121
f 662/358/120 253/356/120 577/293/120
f 661/291/120 253/356/120 662/358/120
f 660/290/120 253/356/120 661/291/120
f 659/289/120 253/356/120 660/290/120
f 658/288/121 253/356/120 659/289/120
f 658/288/121 586/357/120 253/356/120
f 65/361/120 647/320/120 579/321/120
f 65/361/120 645/359/120 647/320/120
f 65/361/120 643/318/120 645/359/120
f 65/361/120 641/317/120 643/318/120
f 65/361/120 639/360/121 641/317/120
f 65/361/120 582/315/120 639/360/121
f 649/362/120 68/363/120 585/322/120
f 651/324/120 68/363/120 649/362/120
f 653/325/120 68/363/120 651/324/120
f 655/326/120 68/363/120 653/325/120
f 657/327/121 68/363/120 655/326/120
f 657/327/121 583/328/120 68/363/120
f 669/368/120 67/369/121 592/329/120
f 677/364/120 589/335/120 67/369/121
f 67/369/121 675/365/120 677/364/120
f 67/369/121 673/366/120 675/365/120
f 67/369/121 671/367/121 673/366/120
f 67/369/121 669/368/120 671/367/121
f 66/374/120 687/371/120 593/370/120
f 685/372/121 687/371/120 66/374/120
f 683/339/120 685/372/121 66/374/120
f 681/373/120 683/339/120 66/374/120
f 679/337/120 681/373/120 66/374/120
f 66/374/120 595/336/120 679/337/120
f 558/307/172 560/300/218 561/307/228
f 558/307/172 559/300/190 560/300/218
f 142/375/13 562/314/232 563/314/233
f 142/375/13 75/375/13 562/314/232
f 565/293/209 73/376/13 140/376/13
f 565/293/209 564/293/210 73/376/13
f 574/307/172 559/300/190 558/307/172
f 574/307/172 575/300/190 559/300/190
f 75/375/13 576/314/233 562/314/232
f 75/375/13 258/375/13 576/314/233
f 564/293/210 256/376/13 73/376/13
f 564/293/210 577/293/209 256/376/13
f 579/321/163 251/59/13 72/59/13
f 579/321/163 578/321/163 251/59/13
f 580/328/178 582/315/234 583/328/178
f 580/328/178 581/315/234 582/315/234
f 250/62/11 585/322/237 71/62/11
f 250/62/11 584/322/237 585/322/237
f 74/377/1 586/287/124 566/287/124
f 74/377/1 257/377/1 586/287/124
f 568/294/211 260/378/1 77/378/1
f 568/294/211 587/294/211 260/378/1
f 588/335/246 69/61/11 589/335/246
f 588/335/246 248/61/11 69/61/11
f 593/342/249 591/329/185 592/329/185
f 593/342/249 590/342/249 591/329/185
f 70/60/13 594/336/134 595/336/134
f 70/60/13 249/60/13 594/336/134
f 261/379/205 570/301/219 78/379/205
f 261/379/205 596/301/219 570/301/219
f 597/308/153 76/380/205 572/308/153
f 597/308/153 259/380/205 76/380/205
f 251/59/120 254/343/120 249/60/120
f 251/59/120 574/307/121 254/343/120
f 251/59/120 575/300/121 574/307/121
f 251/59/120 255/350/120 575/300/121
f 576/314/120 248/61/120 252/355/121
f 576/314/120 250/62/120 248/61/120
f 258/375/120 250/62/120 576/314/120
f 256/376/120 250/62/120 258/375/120
f 577/293/120 250/62/120 256/376/120
f 577/293/120 253/356/120 250/62/120
f 251/59/120 587/294/120 255/350/120
f 251/59/120 260/378/120 587/294/120
f 251/59/120 257/377/120 260/378/120
f 251/59/120 586/287/120 257/377/120
f 251/59/120 253/356/120 586/287/120
f 251/59/120 250/62/120 253/356/120
f 251/59/120 584/322/121 250/62/120
f 578/321/121 584/322/121 251/59/120
f 578/321/121 648/381/120 584/322/121
f 646/390/120 648/381/120 578/321/121
f 646/390/120 650/382/120 648/381/120
f 644/389/120 650/382/120 646/390/120
f 644/389/120 652/383/120 650/382/120
f 642/388/120 652/383/120 644/389/120
f 642/388/120 654/384/120 652/383/120
f 640/387/120 654/384/120 642/388/120
f 640/387/120 656/385/121 654/384/120
f 638/386/121 656/385/121 640/387/120
f 638/386/121 580/328/120 656/385/121
f 638/386/121 581/315/120 580/328/120
f 686/395/120 591/329/120 590/342/120
f 686/395/120 668/396/120 591/329/120
f 686/395/120 670/397/121 668/396/120
f 684/394/121 670/397/121 686/395/120
f 684/394/121 672/398/120 670/397/121
f 682/393/120 672/398/120 684/394/121
f 682/393/120 674/399/120 672/398/120
f 680/392/120 674/399/120 682/393/120
f 680/392/120 676/400/120 674/399/120
f 678/391/120 676/400/120 680/392/120
f 678/391/120 588/335/121 676/400/120
f 594/336/120 588/335/121 678/391/120
f 594/336/120 248/61/120 588/335/121
f 252/355/121 248/61/120 594/336/120
f 597/308/120 252/355/121 594/336/120
f 259/380/120 597/308/120 594/336/120
f 261/379/120 259/380/120 594/336/120
f 596/301/120 261/379/120 594/336/120
f 254/343/120 596/301/120 594/336/120
f 594/336/120 249/60/120 254/343/120
f 708/401/253 738/402/254 739/402/254
f 708/401/253 707/401/253 738/402/254
f 739/402/254 740/403/255 741/403/255
f 739/402/254 738/402/254 740/403/255
f 741/403/255 742/404/256 743/404/256
f 741/403/255 740/403/255 742/404/256
f 743/404/256 744/405/257 745/405/257
f 743/404/256 742/404/256 744/405/257
f 745/405/257 746/406/259 747/406/258
f 745/405/257 744/405/257 746/406/259
f 747/406/258 702/407/261 705/407/260
f 747/406/258 746/406/259 702/407/261
f 709/408/211 749/409/212 706/408/211
f 709/408/211 748/409/213 749/409/212
f 748/409/213 751/410/214 749/409/212
f 748/409/213 750/410/214 751/410/214
f 750/410/214 753/411/262 751/410/214
f 750/410/214 752/411/262 753/411/262
f 753/411/262 754/412/244 755/412/244
f 753/411/262 752/411/262 754/412/244
f 755/412/244 756/413/263 757/413/263
f 755/412/244 754/412/244 756/413/263
f 757/413/263 700/414/246 699/414/264
f 757/413/263 756/413/263 700/414/246
f 711/415/219 759/416/220 712/415/219
f 711/415/219 758/416/221 759/416/220
f 758/416/221 761/417/222 759/416/220
f 758/416/221 760/417/223 761/417/222
f 760/417/223 763/418/265 761/417/222
f 760/417/223 762/418/265 763/418/265
f 762/418/265 765/419/239 763/418/265
f 762/418/265 764/419/239 765/419/239
f 764/419/239 767/420/266 765/419/239
f 764/419/239 766/420/266 767/420/266
f 766/420/266 701/421/237 767/420/266
f 766/420/266 698/421/267 701/421/237
f 710/422/268 768/423/269 769/423/269
f 710/422/268 713/422/270 768/423/269
f 769/423/269 770/424/271 771/424/271
f 769/423/269 768/423/269 770/424/271
f 771/424/271 772/425/272 773/425/272
f 771/424/271 770/424/271 772/425/272
f 772/425/272 775/426/273 773/425/272
f 772/425/272 774/426/273 775/426/273
f 774/426/273 777/427/274 775/426/273
f 774/426/273 776/427/275 777/427/274
f 776/427/275 703/428/276 777/427/274
f 776/427/275 704/428/277 703/428/276
f 721/429/234 779/430/235 722/429/234
f 721/429/234 778/430/235 779/430/235
f 778/430/235 781/431/236 779/430/235
f 778/430/235 780/431/236 781/431/236
f 780/431/236 783/432/251 781/431/236
f 780/431/236 782/432/251 783/432/251
f 783/432/251 784/433/230 785/433/230
f 783/432/251 782/432/251 784/433/230
f 785/433/230 786/434/252 787/434/252
f 785/433/230 784/433/230 786/434/252
f 787/434/252 718/435/233 719/435/233
f 787/434/252 786/434/252 718/435/233
f 724/436/237 789/437/238 725/436/237
f 724/436/237 788/437/238 789/437/238
f 788/437/238 791/438/239 789/437/238
f 788/437/238 790/438/239 791/438/239
f 790/438/239 793/439/240 791/438/239
f 790/438/239 792/439/240 793/439/240
f 792/439/240 795/440/176 793/439/240
f 792/439/240 794/440/176 795/440/176
f 794/440/176 797/441/177 795/440/176
f 794/440/176 796/441/177 797/441/177
f 796/441/177 723/442/178 797/441/177
f 796/441/177 720/442/178 723/442/178
f 707/401/253 798/402/254 738/402/254
f 707/401/253 727/401/253 798/402/254
f 738/402/254 799/403/255 740/403/255
f 738/402/254 798/402/254 799/403/255
f 740/403/255 800/404/256 742/404/256
f 740/403/255 799/403/255 800/404/256
f 742/404/256 801/405/257 744/405/257
f 742/404/256 800/404/256 801/405/257
f 744/405/257 802/406/278 746/406/259
f 744/405/257 801/405/257 802/406/278
f 746/406/259 716/407/279 702/407/261
f 746/406/259 802/406/278 716/407/279
f 706/408/211 803/409/213 726/408/211
f 706/408/211 749/409/212 803/409/213
f 749/409/212 804/410/214 803/409/213
f 749/409/212 751/410/214 804/410/214
f 751/410/214 805/411/243 804/410/214
f 751/410/214 753/411/262 805/411/243
f 805/411/243 755/412/244 806/412/244
f 805/411/243 753/411/262 755/412/244
f 806/412/244 757/413/263 807/413/245
f 806/412/244 755/412/244 757/413/263
f 807/413/245 699/414/264 715/414/246
f 807/413/245 757/413/263 699/414/264
f 732/443/280 808/444/186 809/444/186
f 732/443/280 731/443/280 808/444/186
f 809/444/186 810/445/187 811/445/187
f 809/444/186 808/444/186 810/445/187
f 811/445/187 812/446/243 813/446/243
f 811/445/187 810/445/187 812/446/243
f 812/446/243 815/447/244 813/446/243
f 812/446/243 814/447/244 815/447/244
f 814/447/244 817/448/245 815/447/244
f 814/447/244 816/448/245 817/448/245
f 816/448/245 729/449/246 817/448/245
f 816/448/245 728/449/246 729/449/246
f 735/450/209 818/451/242 819/451/242
f 735/450/209 734/450/209 818/451/242
f 819/451/242 820/452/281 821/452/281
f 819/451/242 818/451/242 820/452/281
f 821/452/281 822/453/282 823/453/282
f 821/452/281 820/452/281 822/453/282
f 823/453/282 824/454/283 825/454/283
f 823/453/282 822/453/282 824/454/283
f 825/454/283 826/455/248 827/455/248
f 825/454/283 824/454/283 826/455/248
f 827/455/248 730/456/284 733/456/284
f 827/455/248 826/455/248 730/456/284
f 737/415/219 758/416/221 711/415/219
f 737/415/219 828/416/221 758/416/221
f 828/416/221 760/417/223 758/416/221
f 828/416/221 829/417/250 760/417/223
f 829/417/250 762/418/265 760/417/223
f 829/417/250 830/418/240 762/418/265
f 830/418/240 764/419/239 762/418/265
f 830/418/240 831/419/239 764/419/239
f 831/419/239 766/420/266 764/419/239
f 831/419/239 832/420/238 766/420/266
f 832/420/238 698/421/267 766/420/266
f 832/420/238 714/421/237 698/421/267
f 736/422/270 769/423/269 833/423/285
f 736/422/270 710/422/268 769/423/269
f 833/423/285 771/424/271 834/424/286
f 833/423/285 769/423/269 771/424/271
f 834/424/286 773/425/272 835/425/272
f 834/424/286 771/424/271 773/425/272
f 773/425/272 836/426/287 835/425/272
f 773/425/272 775/426/273 836/426/287
f 775/426/273 837/427/288 836/426/287
f 775/426/273 777/427/274 837/427/288
f 777/427/274 717/428/289 837/427/288
f 777/427/274 703/428/276 717/428/289
f 828/416/120 737/415/120 274/457/120
f 829/417/121 828/416/120 274/457/120
f 830/418/120 829/417/121 274/457/120
f 831/419/120 830/418/120 274/457/120
f 832/458/120 831/419/120 274/457/120
f 274/457/120 714/421/120 832/458/120
f 275/459/120 807/413/120 715/414/120
f 275/459/120 806/412/120 807/413/120
f 275/459/120 805/411/120 806/412/120
f 275/459/120 804/410/120 805/411/120
f 275/459/120 803/409/121 804/410/120
f 275/459/120 726/408/120 803/409/121
f 802/461/120 276/460/120 716/407/120
f 801/405/120 276/460/120 802/461/120
f 800/404/120 276/460/120 801/405/120
f 799/403/120 276/460/120 800/404/120
f 798/402/121 276/460/120 799/403/120
f 798/402/121 727/401/120 276/460/120
f 833/423/120 277/465/120 736/422/120
f 837/462/120 717/428/120 277/465/120
f 277/465/120 836/463/120 837/462/120
f 277/465/120 835/425/120 836/463/120
f 277/465/120 834/464/120 835/425/120
f 277/465/120 833/423/120 834/464/120
f 96/469/120 787/434/120 719/435/120
f 96/469/120 785/466/120 787/434/120
f 96/469/120 783/467/120 785/466/120
f 96/469/120 781/431/120 783/467/120
f 96/469/120 779/430/121 781/431/120
f 96/469/120 722/468/120 779/430/121
f 789/437/120 97/472/120 725/436/120
f 791/438/120 97/472/120 789/437/120
f 793/471/120 97/472/120 791/438/120
f 795/440/120 97/472/120 793/471/120
f 797/441/121 97/472/120 795/440/120
f 797/441/121 723/470/120 97/472/120
f 809/444/120 98/478/121 732/477/121
f 817/473/120 729/449/120 98/478/121
f 98/478/121 815/474/120 817/473/120
f 98/478/121 813/475/120 815/474/120
f 98/478/121 811/476/121 813/475/120
f 98/478/121 809/444/120 811/476/121
f 95/482/121 827/480/120 733/479/121
f 825/454/120 827/480/120 95/482/121
f 823/481/120 825/454/120 95/482/121
f 821/452/120 823/481/120 95/482/121
f 819/451/120 821/452/120 95/482/121
f 95/482/121 735/450/120 819/451/120
f 698/421/267 700/414/246 701/421/237
f 698/421/267 699/414/264 700/414/246
f 705/407/260 703/428/276 704/428/277
f 705/407/260 702/407/261 703/428/276
f 709/408/211 707/401/253 708/401/253
f 709/408/211 706/408/211 707/401/253
f 710/422/268 712/415/219 713/422/270
f 710/422/268 711/415/219 712/415/219
f 714/421/237 699/414/264 698/421/267
f 714/421/237 715/414/246 699/414/264
f 703/428/276 716/407/279 717/428/289
f 703/428/276 702/407/261 716/407/279
f 719/435/233 272/65/13 101/65/13
f 719/435/233 718/435/233 272/65/13
f 720/442/178 722/429/234 723/442/178
f 720/442/178 721/429/234 722/429/234
f 273/68/11 725/436/237 102/68/11
f 273/68/11 724/436/237 725/436/237
f 706/408/211 727/401/253 707/401/253
f 706/408/211 726/408/211 727/401/253
f 728/449/246 99/67/11 729/449/246
f 728/449/246 270/67/11 99/67/11
f 733/456/284 731/443/280 732/443/280
f 733/456/284 730/456/284 731/443/280
f 100/66/13 734/450/209 735/450/209
f 100/66/13 271/66/13 734/450/209
f 736/422/270 711/415/219 710/422/268
f 736/422/270 737/415/219 711/415/219
f 729/449/120 17/484/120 98/483/121
f 729/449/120 19/485/120 17/484/120
f 99/67/120 19/485/120 729/449/120
f 102/68/120 19/485/120 99/67/120
f 725/436/120 19/485/120 102/68/120
f 725/436/120 97/472/120 19/485/120
f 272/65/120 274/457/120 271/66/120
f 272/65/120 714/421/120 274/457/120
f 272/65/120 715/414/120 714/421/120
f 272/65/120 275/459/120 715/414/120
f 717/428/120 270/67/120 277/465/120
f 717/428/120 273/68/120 270/67/120
f 716/486/120 273/68/120 717/428/120
f 716/486/120 276/460/120 273/68/120
f 272/65/120 726/408/120 275/459/120
f 272/65/120 727/401/120 726/408/120
f 272/65/120 276/460/120 727/401/120
f 272/65/120 273/68/120 276/460/120
f 272/65/120 724/436/120 273/68/120
f 718/435/120 724/436/120 272/65/120
f 718/435/120 788/487/120 724/436/120
f 786/496/120 788/487/120 718/435/120
f 786/496/120 790/488/120 788/487/120
f 784/495/120 790/488/120 786/496/120
f 784/495/120 792/489/120 790/488/120
f 782/494/120 792/489/120 784/495/120
f 782/494/120 794/490/120 792/489/120
f 780/493/120 794/490/120 782/494/120
f 780/493/120 796/491/121 794/490/120
f 778/492/121 796/491/121 780/493/120
f 778/492/121 720/442/120 796/491/121
f 778/492/121 721/429/120 720/442/120
f 730/456/120 808/502/120 731/443/120
f 826/501/120 808/502/120 730/456/120
f 826/501/120 810/503/121 808/502/120
f 824/500/120 810/503/121 826/501/120
f 824/500/120 812/504/120 810/503/121
f 822/499/120 812/504/120 824/500/120
f 822/499/120 814/505/120 812/504/120
f 820/498/120 814/505/120 822/499/120
f 820/498/120 816/506/120 814/505/120
f 818/497/120 816/506/120 820/498/120
f 818/497/120 728/449/120 816/506/120
f 734/450/120 728/449/120 818/497/120
f 734/450/120 270/67/120 728/449/120
f 277/465/120 270/67/120 734/450/120
f 736/422/120 277/465/120 734/450/120
f 737/415/120 736/422/120 734/450/120
f 274/457/120 737/415/120 734/450/120
f 734/450/120 271/66/120 274/457/120
f 841/507/290 886/508/291 887/508/291
f 841/507/290 840/507/292 886/508/291
f 887/508/291 888/509/293 889/509/293
f 887/508/291 886/508/291 888/509/293
f 889/509/293 890/510/294 891/510/294
f 889/509/293 888/509/293 890/510/294
f 890/510/294 893/511/295 891/510/294
f 890/510/294 892/511/295 893/511/295
f 892/511/295 895/512/296 893/511/295
f 892/511/295 894/512/296 895/512/296
f 894/512/296 839/513/297 895/512/296
f 894/512/296 838/513/298 839/513/297
f 845/514/299 896/515/300 897/515/300
f 845/514/299 844/514/301 896/515/300
f 897/515/300 898/516/302 899/516/302
f 897/515/300 896/515/300 898/516/302
f 899/516/302 900/517/303 901/517/303
f 899/516/302 898/516/302 900/517/303
f 901/517/303 902/518/304 903/518/304
f 901/517/303 900/517/303 902/518/304
f 903/518/304 904/519/305 905/519/305
f 903/518/304 902/518/304 904/519/305
f 905/519/305 842/520/307 843/520/306
f 905/519/305 904/519/305 842/520/307
f 848/521/309 907/522/106 849/521/308
f 848/521/309 906/522/106 907/522/106
f 906/522/106 909/523/310 907/522/106
f 906/522/106 908/523/310 909/523/310
f 908/523/310 911/524/311 909/523/310
f 908/523/310 910/524/311 911/524/311
f 911/524/311 912/525/312 913/525/312
f 911/524/311 910/524/311 912/525/312
f 913/525/312 914/526/110 915/526/110
f 913/525/312 912/525/312 914/526/110
f 915/526/110 846/527/313 847/527/313
f 915/526/110 914/526/110 846/527/313
f 852/528/314 917/529/315 853/528/314
f 852/528/314 916/529/315 917/529/315
f 916/529/315 919/530/316 917/529/315
f 916/529/315 918/530/316 919/530/316
f 918/530/316 921/531/317 919/530/316
f 918/530/316 920/531/317 921/531/317
f 920/531/317 923/532/318 921/531/317
f 920/531/317 922/532/318 923/532/318
f 922/532/318 925/533/195 923/532/318
f 922/532/318 924/533/195 925/533/195
f 924/533/195 851/534/319 925/533/195
f 924/533/195 850/534/320 851/534/319
f 857/535/290 926/536/291 927/536/291
f 857/535/290 856/535/321 926/536/291
f 927/536/291 928/537/322 929/537/322
f 927/536/291 926/536/291 928/537/322
f 929/537/322 930/538/323 931/538/323
f 929/537/322 928/537/322 930/538/323
f 930/538/323 933/539/324 931/538/323
f 930/538/323 932/539/324 933/539/324
f 932/539/324 935/540/325 933/539/324
f 932/539/324 934/540/325 935/540/325
f 934/540/325 855/541/326 935/540/325
f 934/540/325 854/541/327 855/541/326
f 861/542/328 936/543/329 937/543/329
f 861/542/328 860/542/330 936/543/329
f 937/543/329 938/544/331 939/544/331
f 937/543/329 936/543/329 938/544/331
f 939/544/331 940/545/332 941/545/332
f 939/544/331 938/544/331 940/545/332
f 941/545/332 942/546/333 943/546/333
f 941/545/332 940/545/332 942/546/333
f 943/546/333 944/547/334 945/547/334
f 943/546/333 942/546/333 944/547/334
f 945/547/334 858/548/336 859/548/335
f 945/547/334 944/547/334 858/548/336
f 864/549/337 947/550/106 865/549/105
f 864/549/337 946/550/106 947/550/106
f 946/550/106 949/551/338 947/550/106
f 946/550/106 948/551/338 949/551/338
f 948/551/338 951/552/181 949/551/338
f 948/551/338 950/552/181 951/552/181
f 951/552/181 952/553/182 953/553/182
f 951/552/181 950/552/181 952/553/182
f 953/553/182 954/554/183 955/554/183
f 953/553/182 952/553/182 954/554/183
f 955/554/183 862/555/339 863/555/339
f 955/554/183 954/554/183 862/555/339
f 868/556/340 957/557/192 869/556/340
f 868/556/340 956/557/192 957/557/192
f 956/557/192 959/558/193 957/557/192
f 956/557/192 958/558/193 959/558/193
f 958/558/193 961/559/179 959/558/193
f 958/558/193 960/559/179 961/559/179
f 960/559/179 963/560/194 961/559/179
f 960/559/179 962/560/194 963/560/194
f 962/560/194 965/561/195 963/560/194
f 962/560/194 964/561/195 965/561/195
f 964/561/195 867/562/196 965/561/195
f 964/561/195 866/562/341 867/562/196
f 873/563/342 966/564/343 967/564/343
f 873/563/342 872/563/344 966/564/343
f 967/564/343 968/565/345 969/565/345
f 967/564/343 966/564/343 968/565/345
f 969/565/345 970/566/332 971/566/332
f 969/565/345 968/565/345 970/566/332
f 971/566/332 972/567/346 973/567/346
f 971/566/332 970/566/332 972/567/346
f 973/567/346 974/568/347 975/568/347
f 973/567/346 972/567/346 974/568/347
f 975/568/347 870/569/349 871/569/348
f 975/568/347 974/568/347 870/569/349
f 877/570/350 976/571/235 977/571/235
f 877/570/350 876/570/351 976/571/235
f 977/571/235 978/572/352 979/572/352
f 977/571/235 976/571/235 978/572/352
f 979/572/352 980/573/353 981/573/353
f 979/572/352 978/572/352 980/573/353
f 980/573/353 983/574/354 981/573/353
f 980/573/353 982/574/354 983/574/354
f 982/574/354 985/575/355 983/574/354
f 982/574/354 984/575/355 985/575/355
f 984/575/355 875/576/356 985/575/355
f 984/575/355 874/576/357 875/576/356
f 880/577/358 987/578/186 881/577/185
f 880/577/358 986/578/186 987/578/186
f 986/578/186 989/579/187 987/578/186
f 986/578/186 988/579/187 989/579/187
f 988/579/187 991/580/181 989/579/187
f 988/579/187 990/580/181 991/580/181
f 991/580/181 992/581/188 993/581/188
f 991/580/181 990/580/181 992/581/188
f 993/581/188 994/582/189 995/582/189
f 993/581/188 992/581/188 994/582/189
f 995/582/189 878/583/359 879/583/359
f 995/582/189 994/582/189 878/583/359
f 884/584/360 997/585/131 885/584/360
f 884/584/360 996/585/131 997/585/131
f 996/585/131 999/586/180 997/585/131
f 996/585/131 998/586/180 999/586/180
f 998/586/180 1001/587/179 999/586/180
f 998/586/180 1000/587/179 1001/587/179
f 1000/587/179 1003/588/247 1001/587/179
f 1000/587/179 1002/588/247 1003/588/247
f 1002/588/247 1005/589/248 1003/588/247
f 1002/588/247 1004/589/248 1005/589/248
f 1004/589/248 883/590/249 1005/589/248
f 1004/589/248 882/590/361 883/590/249
f 168/20/7 886/591/8 840/507/7
f 888/509/7 886/591/8 168/20/7
f 890/510/7 888/509/7 168/20/7
f 892/511/7 890/510/7 168/20/7
f 894/512/7 892/511/7 168/20/7
f 168/20/7 838/513/7 894/512/7
f 887/591/121 33/20/120 841/507/121
f 895/592/120 839/513/120 33/20/120
f 33/20/120 893/511/120 895/592/120
f 33/20/120 891/510/120 893/511/120
f 33/20/120 889/509/120 891/510/120
f 33/20/120 887/591/121 889/509/120
f 896/515/8 844/514/7 167/18/7
f 167/18/7 898/516/7 896/515/8
f 167/18/7 900/593/7 898/516/7
f 167/18/7 902/518/7 900/593/7
f 167/18/7 904/519/8 902/518/7
f 167/18/7 842/520/7 904/519/8
f 905/519/121 843/520/120 32/18/120
f 903/518/120 905/519/121 32/18/120
f 901/593/120 903/518/120 32/18/120
f 899/594/120 901/593/120 32/18/120
f 897/515/121 899/594/120 32/18/120
f 32/18/120 845/514/120 897/515/121
f 914/526/7 162/45/7 846/527/7
f 912/525/7 162/45/7 914/526/7
f 910/524/7 162/45/7 912/525/7
f 908/523/7 162/45/7 910/524/7
f 906/522/7 162/45/7 908/523/7
f 906/522/7 848/521/7 162/45/7
f 164/47/7 916/529/7 852/528/7
f 164/47/7 918/530/7 916/529/7
f 164/47/7 920/531/7 918/530/7
f 164/47/7 922/532/7 920/531/7
f 164/47/7 924/533/7 922/532/7
f 164/47/7 850/534/7 924/533/7
f 917/529/120 29/47/120 853/528/120
f 919/530/120 29/47/120 917/529/120
f 921/531/120 29/47/120 919/530/120
f 923/532/120 29/47/120 921/531/120
f 925/533/120 29/47/120 923/532/120
f 925/533/120 851/534/120 29/47/120
f 178/23/7 926/536/8 856/595/7
f 928/596/7 926/536/8 178/23/7
f 930/597/8 928/596/7 178/23/7
f 932/539/7 930/597/8 178/23/7
f 934/598/7 932/539/7 178/23/7
f 178/23/7 854/541/7 934/598/7
f 927/600/121 57/23/120 857/595/121
f 935/599/120 855/541/121 57/23/120
f 57/23/120 933/539/120 935/599/120
f 57/23/120 931/597/121 933/539/120
f 57/23/120 929/537/120 931/597/121
f 57/23/120 927/600/121 929/537/120
f 936/543/7 860/601/7 179/48/7
f 179/48/7 938/544/7 936/543/7
f 179/48/7 940/602/7 938/544/7
f 179/48/7 942/546/7 940/602/7
f 179/48/7 944/603/8 942/546/7
f 179/48/7 858/548/7 944/603/8
f 945/547/121 859/548/121 58/48/120
f 943/604/120 945/547/121 58/48/120
f 941/602/121 943/604/120 58/48/120
f 939/544/120 941/602/121 58/48/120
f 937/543/120 939/544/120 58/48/120
f 58/48/120 861/601/120 937/543/120
f 954/554/7 174/49/7 862/555/7
f 952/553/7 174/49/7 954/554/7
f 950/552/7 174/49/7 952/553/7
f 948/551/7 174/49/7 950/552/7
f 946/550/7 174/49/7 948/551/7
f 946/550/7 864/549/7 174/49/7
f 53/49/120 955/554/120 863/555/120
f 53/49/120 953/553/120 955/554/120
f 53/49/120 951/552/120 953/553/120
f 53/49/120 949/551/120 951/552/120
f 53/49/120 947/550/120 949/551/120
f 53/49/120 865/549/120 947/550/120
f 176/51/7 956/557/7 868/606/7
f 176/51/7 958/558/7 956/557/7
f 176/51/7 960/559/7 958/558/7
f 176/51/7 962/607/7 960/559/7
f 176/51/7 964/608/7 962/607/7
f 176/51/7 866/605/7 964/608/7
f 957/557/120 55/51/120 869/606/120
f 959/558/120 55/51/120 957/557/120
f 961/559/120 55/51/120 959/558/120
f 963/607/120 55/51/120 961/559/120
f 965/609/120 55/51/120 963/607/120
f 965/609/120 867/605/120 55/51/120
f 966/611/7 872/610/7 186/24/7
f 186/24/7 968/612/8 966/611/7
f 186/24/7 970/613/8 968/612/8
f 186/24/7 972/614/8 970/613/8
f 186/24/7 974/568/7 972/614/8
f 186/24/7 870/569/7 974/568/7
f 975/568/120 871/569/121 79/24/120
f 973/615/121 975/568/120 79/24/120
f 971/613/121 973/615/121 79/24/120
f 969/616/121 971/613/121 79/24/120
f 967/611/120 969/616/121 79/24/120
f 79/24/120 873/610/120 967/611/120
f 188/26/7 976/618/7 876/617/7
f 978/619/8 976/618/7 188/26/7
f 980/573/7 978/619/8 188/26/7
f 982/574/7 980/573/7 188/26/7
f 984/620/7 982/574/7 188/26/7
f 188/26/7 874/576/7 984/620/7
f 977/618/120 81/26/120 877/617/120
f 985/620/120 875/576/120 81/26/120
f 81/26/120 983/621/120 985/620/120
f 81/26/120 981/573/120 983/621/120
f 81/26/120 979/622/121 981/573/120
f 81/26/120 977/618/120 979/622/121
f 994/626/7 191/52/7 878/583/7
f 992/625/7 191/52/7 994/626/7
f 990/580/7 191/52/7 992/625/7
f 988/624/8 191/52/7 990/580/7
f 986/578/7 191/52/7 988/624/8
f 986/578/7 880/623/7 191/52/7
f 84/628/120 995/626/120 879/583/120
f 84/628/120 993/627/120 995/626/120
f 84/628/120 991/580/120 993/627/120
f 84/628/120 989/624/121 991/580/120
f 84/628/120 987/578/120 989/624/121
f 84/628/120 881/623/120 987/578/120
f 190/54/7 996/631/7 884/630/7
f 190/54/7 998/632/7 996/631/7
f 190/54/7 1000/633/7 998/632/7
f 190/54/7 1002/634/8 1000/633/7
f 190/54/7 1004/635/7 1002/634/8
f 190/54/7 882/629/7 1004/635/7
f 997/631/120 83/54/120 885/630/120
f 999/632/120 83/54/120 997/631/120
f 1001/633/120 83/54/120 999/632/120
f 1003/588/121 83/54/120 1001/633/120
f 1005/635/120 83/54/120 1003/588/121
f 1005/635/120 883/629/120 83/54/120
f 838/513/298 30/31/13 839/513/297
f 838/513/298 165/31/13 30/31/13
f 34/19/362 840/507/292 841/507/290
f 34/19/362 169/19/363 840/507/292
f 843/520/306 169/19/363 34/19/362
f 843/520/306 842/520/307 169/19/363
f 28/28/11 844/514/301 845/514/299
f 28/28/11 163/28/11 844/514/301
f 166/46/365 849/521/308 31/46/364
f 166/46/365 848/521/309 849/521/308
f 850/534/320 31/46/364 851/534/319
f 850/534/320 166/46/365 31/46/364
f 38/30/11 852/528/11 853/528/11
f 38/30/11 173/30/11 852/528/11
f 854/541/327 56/37/13 855/541/326
f 854/541/327 177/37/15 56/37/13
f 59/22/366 856/535/321 857/535/290
f 59/22/366 180/22/367 856/535/321
f 859/548/335 180/22/367 59/22/366
f 859/548/335 858/548/336 180/22/367
f 54/34/11 860/542/330 861/542/328
f 54/34/11 175/34/11 860/542/330
f 862/555/13 62/32/13 863/555/13
f 862/555/13 183/32/13 62/32/13
f 181/50/40 865/549/105 60/50/1
f 181/50/40 864/549/337 865/549/105
f 866/562/341 60/50/1 867/562/196
f 866/562/341 181/50/40 60/50/1
f 64/36/11 868/556/11 869/556/11
f 64/36/11 185/36/11 868/556/11
f 871/569/348 193/25/369 86/25/368
f 871/569/348 870/569/349 193/25/369
f 80/40/11 872/563/344 873/563/342
f 80/40/11 187/40/11 872/563/344
f 874/576/357 82/43/13 875/576/356
f 874/576/357 189/43/13 82/43/13
f 86/25/368 876/570/351 877/570/350
f 86/25/368 193/25/369 876/570/351
f 878/583/13 89/38/13 879/583/13
f 878/583/13 196/38/13 89/38/13
f 192/53/50 881/577/185 85/53/1
f 192/53/50 880/577/358 881/577/185
f 882/590/361 85/53/1 883/590/249
f 882/590/361 192/53/50 85/53/1
f 90/42/11 884/584/11 885/584/11
f 90/42/11 197/42/11 884/584/11
f 26/17/120 6/3/120 7/16/120
f 81/26/120 25/15/120 6/3/120
f 86/25/120 81/26/120 6/3/120
f 86/25/120 877/570/120 81/26/120
f 6/3/120 871/569/121 86/25/120
f 6/3/120 79/24/120 871/569/121
f 6/3/120 57/23/120 79/24/120
f 6/3/120 857/535/121 57/23/120
f 6/3/120 59/22/120 857/535/121
f 6/3/120 859/636/121 59/22/120
f 6/3/120 58/21/120 859/636/121
f 6/3/120 33/20/120 58/21/120
f 6/3/120 841/507/121 33/20/120
f 6/3/120 34/19/120 841/507/121
f 6/3/120 843/520/120 34/19/120
f 6/3/120 32/18/120 843/520/120
f 6/3/120 26/17/120 32/18/120
f 227/52/51 192/53/50 228/53/50
f 227/52/51 880/577/358 192/53/50
f 227/52/51 191/52/370 880/577/358
f 228/53/50 190/54/371 226/54/52
f 228/53/50 882/590/361 190/54/371
f 228/53/50 192/53/50 882/590/361
f 225/43/13 188/26/13 224/26/13
f 225/43/13 874/576/357 188/26/13
f 225/43/13 189/43/13 874/576/357
f 197/42/13 190/54/13 884/584/360
f 226/54/13 197/42/13 233/42/13
f 226/54/13 190/54/13 197/42/13
f 872/563/344 222/24/11 186/24/11
f 872/563/344 223/40/11 222/24/11
f 872/563/344 187/40/11 223/40/11
f 191/52/11 196/38/11 878/583/359
f 191/52/11 232/38/11 196/38/11
f 191/52/11 227/52/11 232/38/11
f 858/548/336 216/22/35 180/22/367
f 858/548/336 215/48/39 216/22/35
f 858/548/336 179/48/372 215/48/39
f 856/535/321 214/23/36 178/23/373
f 856/535/321 216/22/35 214/23/36
f 856/535/321 180/22/367 216/22/35
f 860/542/330 215/48/11 179/48/11
f 860/542/330 211/34/11 215/48/11
f 860/542/330 175/34/11 211/34/11
f 174/49/11 183/32/11 862/555/339
f 174/49/11 219/32/11 183/32/11
f 174/49/11 210/49/11 219/32/11
f 210/49/41 181/50/40 217/50/40
f 210/49/41 864/549/337 181/50/40
f 210/49/41 174/49/374 864/549/337
f 217/50/40 176/51/1 212/51/1
f 217/50/40 866/562/341 176/51/1
f 217/50/40 181/50/40 866/562/341
f 213/37/15 178/23/375 214/23/37
f 213/37/15 854/541/327 178/23/375
f 213/37/15 177/37/15 854/541/327
f 185/36/14 176/51/376 868/556/340
f 212/51/43 185/36/14 221/36/42
f 212/51/43 176/51/376 185/36/14
f 876/570/351 224/26/49 188/26/377
f 876/570/351 229/25/47 224/26/49
f 876/570/351 193/25/369 229/25/47
f 870/569/349 229/25/47 193/25/369
f 870/569/349 222/24/46 229/25/47
f 870/569/349 186/24/378 222/24/46
f 840/507/292 204/20/19 168/20/379
f 840/507/292 205/19/18 204/20/19
f 840/507/292 169/19/363 205/19/18
f 201/31/13 168/20/13 204/20/13
f 201/31/13 838/513/298 168/20/13
f 201/31/13 165/31/13 838/513/298
f 173/30/13 164/47/13 852/528/314
f 200/47/13 173/30/13 209/30/13
f 200/47/13 164/47/13 173/30/13
f 202/46/27 164/47/380 200/47/32
f 202/46/27 850/534/320 164/47/380
f 202/46/27 166/46/365 850/534/320
f 202/46/27 848/521/309 166/46/365
f 198/45/28 848/521/309 202/46/27
f 198/45/28 162/45/381 848/521/309
f 162/45/382 172/44/53 846/527/313
f 162/45/382 208/44/24 172/44/53
f 162/45/382 198/45/30 208/44/24
f 844/514/301 203/18/11 167/18/11
f 844/514/301 199/28/11 203/18/11
f 844/514/301 163/28/11 199/28/11
f 842/520/307 205/19/18 169/19/363
f 842/520/307 203/18/21 205/19/18
f 842/520/307 167/18/383 203/18/21
f 18/159/120 32/18/120 26/17/120
f 18/159/120 845/514/120 32/18/120
f 24/148/123 28/28/384 845/514/120
f 312/98/121 24/148/123 845/514/120
f 313/111/120 312/98/121 845/514/120
f 22/154/120 313/111/120 845/514/120
f 845/514/120 18/159/120 22/154/120
f 36/29/120 40/260/121 30/31/120
f 36/29/120 455/229/120 40/260/121
f 36/29/120 44/56/121 455/229/120
f 853/528/120 44/56/121 36/29/120
f 853/528/120 45/55/120 44/56/121
f 29/47/120 45/55/120 853/528/120
f 29/47/120 439/214/121 45/55/120
f 29/47/120 39/248/121 439/214/121
f 36/29/120 38/30/121 853/528/120
f 839/513/120 58/48/120 33/20/120
f 839/513/120 861/542/120 58/48/120
f 30/31/120 861/542/120 839/513/120
f 41/256/121 54/34/120 861/542/120
f 452/222/121 41/256/121 861/542/120
f 453/235/121 452/222/121 861/542/120
f 40/260/121 453/235/121 861/542/120
f 861/542/120 30/31/120 40/260/121
f 449/228/121 54/34/120 41/256/121
f 449/228/121 61/33/120 54/34/120
f 43/57/121 61/33/120 449/228/121
f 863/555/120 62/32/9 61/33/120
f 43/57/121 863/555/120 61/33/120
f 46/638/120 863/555/120 43/57/121
f 46/638/120 53/49/120 863/555/120
f 445/637/120 53/49/120 46/638/120
f 445/637/120 42/251/120 53/49/120
f 63/35/120 66/374/120 56/37/120
f 63/35/120 595/336/120 66/374/120
f 63/35/120 70/60/120 595/336/120
f 869/556/120 70/60/120 63/35/120
f 869/556/120 72/59/120 70/60/120
f 55/51/120 72/59/120 869/556/120
f 55/51/120 579/321/120 72/59/120
f 55/51/120 65/361/120 579/321/120
f 63/35/120 64/36/9 869/556/120
f 855/541/121 79/24/120 57/23/120
f 855/541/121 873/563/120 79/24/120
f 56/37/120 873/563/120 855/541/121
f 67/369/121 80/40/120 873/563/120
f 592/329/120 67/369/121 873/563/120
f 593/342/120 592/329/120 873/563/120
f 66/374/120 593/342/120 873/563/120
f 873/563/120 56/37/120 66/374/120
f 589/335/120 80/40/120 67/369/121
f 589/335/120 87/39/121 80/40/120
f 69/61/120 87/39/121 589/335/120
f 879/583/120 89/38/9 87/39/121
f 69/61/120 879/583/120 87/39/121
f 71/62/120 879/583/120 69/61/120
f 71/62/120 84/52/120 879/583/120
f 585/322/120 84/52/120 71/62/120
f 585/322/120 68/363/120 84/52/120
f 875/576/120 25/15/120 81/26/120
f 875/576/120 17/484/120 25/15/120
f 98/478/121 17/484/120 875/576/120
f 732/639/121 98/478/121 875/576/120
f 733/479/121 732/639/121 875/576/120
f 875/576/120 95/482/121 733/479/121
f 875/576/120 82/43/120 95/482/121
f 88/41/121 95/482/121 82/43/120
f 88/41/121 735/450/120 95/482/121
f 88/41/121 100/66/120 735/450/120
f 885/584/120 100/66/120 88/41/121
f 885/584/120 101/65/120 100/66/120
f 83/54/120 101/65/120 885/584/120
f 83/54/120 719/435/120 101/65/120
f 83/54/120 96/469/120 719/435/120
f 88/41/121 90/42/9 885/584/120
f 125/263/1 426/180/124 427/180/124
f 1012/263/1 50/263/1 426/180/124
f 1013/263/1 1012/263/1 426/180/124
f 426/180/124 125/263/1 1013/263/1
f 429/187/138 1011/264/1 126/264/1
f 429/187/138 1008/264/1 1011/264/1
f 429/187/138 51/264/1 1008/264/1
f 429/187/138 428/187/135 51/264/1
f 1009/265/203 127/265/385 1010/265/203
f 1009/265/203 431/194/146 127/265/385
f 430/194/146 1009/265/203 52/265/203
f 430/194/146 431/194/146 1009/265/203
f 432/201/153 123/266/205 433/201/153
f 1007/266/205 123/266/205 432/201/153
f 1006/266/205 1007/266/205 432/201/153
f 432/201/153 48/266/205 1006/266/205
f 141/377/1 566/287/124 567/287/124
f 1020/377/1 74/377/1 566/287/124
f 1021/377/1 1020/377/1 566/287/124
f 566/287/124 141/377/1 1021/377/1
f 569/294/211 1019/378/1 144/378/1
f 569/294/211 1016/378/1 1019/378/1
f 569/294/211 77/378/1 1016/378/1
f 569/294/211 568/294/211 77/378/1
f 1017/379/205 145/379/205 1018/379/205
f 1017/379/205 571/301/219 145/379/205
f 570/301/219 1017/379/205 78/379/205
f 570/301/219 571/301/219 1017/379/205
f 572/308/153 143/380/205 573/308/153
f 1015/380/205 143/380/205 572/308/153
f 1014/380/205 1015/380/205 572/308/153
f 572/308/153 76/380/205 1014/380/205
f 8/641/387 21/142/120 20/158/120
f 8/641/387 302/642/120 21/142/120
f 8/641/387 303/83/120 302/642/120
f 8/641/387 23/144/123 303/83/120
f 8/641/387 27/45/388 23/144/123
f 8/641/387 1023/640/386 27/45/388
f 29/47/120 442/208/121 39/248/121
f 29/47/120 443/221/120 442/208/121
f 29/47/120 42/251/120 443/221/120
f 29/47/120 53/49/120 42/251/120
f 29/47/120 1024/643/386 53/49/120
f 29/47/120 1022/644/389 1024/643/386
f 1025/646/386 65/361/120 55/51/120
f 1025/646/386 582/315/120 65/361/120
f 1025/646/386 583/328/120 582/315/120
f 1025/646/386 68/647/120 583/328/120
f 1025/646/386 84/628/120 68/647/120
f 1025/646/386 1026/645/386 84/628/120
f 1027/649/390 96/469/120 83/54/120
f 1027/649/390 722/429/120 96/469/120
f 1027/649/390 723/442/120 722/429/120
f 1027/649/390 97/472/120 723/442/120
f 1027/649/390 19/485/120 97/472/120
f 1027/649/390 5/648/387 19/485/120
f 1027/656/390 15/13/6 5/648/387
f 1027/656/390 16/14/6 15/13/6
f 1026/655/386 16/14/6 1027/656/390
f 1025/654/386 16/14/6 1026/655/386
f 1024/653/386 16/14/6 1025/654/386
f 1022/652/389 16/14/6 1024/653/386
f 1023/651/386 16/14/6 1022/652/389
f 1023/651/386 8/650/387 16/14/6
f 1028/657/384 915/526/120 847/527/391
f 1028/657/384 913/525/120 915/526/120
f 27/45/388 913/525/120 1028/657/384
f 27/45/388 911/524/120 913/525/120
f 27/45/388 909/523/120 911/524/120
f 27/45/388 907/522/120 909/523/120
f 27/45/388 849/521/120 907/522/120
f 265/156/11 1032/658/11 94/156/11
f 262/155/11 1032/658/11 265/156/11
f 262/155/11 1030/659/11 1032/658/11
f 262/155/11 1029/660/11 1030/659/11
f 262/155/11 91/155/11 1029/660/11
f 1033/662/393 170/27/12 35/27/10
f 1033/662/393 172/44/53 170/27/12
f 1031/661/393 172/44/53 1033/662/393
f 1031/661/393 37/44/392 172/44/53
f 309/145/122 28/28/384 24/148/123
f 309/145/122 35/27/394 28/28/384
f 94/156/394 35/27/394 309/145/122
f 94/156/394 1033/662/394 35/27/394
f 1032/658/394 1033/662/394 94/156/394
f 1030/659/394 1033/662/394 1032/658/394
f 1030/659/394 1031/661/394 1033/662/394
f 1029/660/394 1031/661/394 1030/659/394
f 847/527/391 37/44/394 1031/661/394
f 846/527/394 37/44/394 847/527/391
f 846/527/394 172/44/394 37/44/394
f 1029/660/394 847/527/391 1031/661/394
f 91/155/394 847/527/391 1029/660/394
f 91/155/394 1028/657/384 847/527/391
f 305/77/122 1028/657/384 91/155/394
f 305/77/122 27/45/388 1028/657/384
f 305/77/122 23/144/123 27/45/388
f 1036/69/11 1034/69/11 1035/69/11
f 1036/69/11 1043/69/11 1034/69/11
f 1037/69/11 1043/69/11 1036/69/11
f 1038/69/11 1043/69/11 1037/69/11
f 1039/69/11 1043/69/11 1038/69/11
f 1040/69/11 1043/69/11 1039/69/11
f 1041/69/11 1043/69/11 1040/69/11
f 1041/69/11 1042/69/395 1043/69/11
f 1054/69/396 1045/69/13 1044/69/396
f 1054/69/396 1046/69/13 1045/69/13
f 1054/69/396 1047/69/13 1046/69/13
f 1054/69/396 1048/69/13 1047/69/13
f 1054/69/396 1049/69/13 1048/69/13
f 1054/69/396 1050/69/13 1049/69/13
f 1054/69/396 1051/69/13 1050/69/13
f 1054/69/396 1052/69/13 1051/69/13
f 1054/69/396 1053/69/397 1052/69/13
f 1057/4/1 2/2/1 1056/3/1
f 1057/4/1 3/1/1 2/2/1
f 4/7/3 1059/5/398 1/6/3
f 4/7/3 1060/8/398 1059/5/398
f 1060/8/398 1061/9/399 1059/5/398
f 1060/8/398 1062/10/399 1061/9/399
f 1062/10/399 1063/11/400 1061/9/399
f 1062/10/399 1064/12/400 1063/11/400
f 1064/12/400 1065/13/401 1063/11/400
f 1064/12/400 1066/14/401 1065/13/401
f 1164/18/120 1154/16/9 1158/17/9
f 1164/18/120 1153/3/121 1154/16/9
f 1198/26/120 1157/15/120 1153/3/121
f 1153/3/121 1203/25/120 1198/26/120
f 1153/3/121 1196/24/121 1203/25/120
f 1153/3/121 1182/23/120 1196/24/121
f 1153/3/121 1184/22/120 1182/23/120
f 1153/3/121 1183/21/120 1184/22/120
f 1153/3/121 1165/20/120 1183/21/120
f 1153/3/121 1166/19/120 1165/20/120
f 1153/3/121 1164/18/120 1166/19/120
f 1220/27/402 1078/28/11 1213/28/11
f 1220/27/402 1085/27/403 1078/28/11
f 1086/29/13 1223/30/13 1221/29/13
f 1086/29/13 1088/30/13 1223/30/13
f 1080/31/13 1221/29/13 1215/31/13
f 1080/31/13 1086/29/13 1221/29/13
f 1233/32/11 1111/33/11 1232/33/11
f 1233/32/11 1112/32/11 1111/33/11
f 1232/33/11 1104/34/11 1225/34/11
f 1232/33/11 1111/33/11 1104/34/11
f 1113/35/13 1235/36/13 1234/35/13
f 1113/35/13 1114/36/13 1235/36/13
f 1106/37/13 1234/35/13 1227/37/404
f 1106/37/13 1113/35/13 1234/35/13
f 1246/38/11 1137/39/11 1244/39/11
f 1246/38/11 1139/38/11 1137/39/11
f 1244/39/11 1130/40/11 1237/40/11
f 1244/39/11 1137/39/11 1130/40/11
f 1138/41/13 1247/42/13 1245/41/13
f 1138/41/13 1140/42/13 1247/42/13
f 1132/43/13 1245/41/13 1239/43/13
f 1132/43/13 1138/41/13 1245/41/13
f 1165/20/16 1255/19/406 1254/20/405
f 1165/20/16 1166/19/17 1255/19/406
f 1251/31/13 1165/20/13 1254/20/13
f 1251/31/13 1162/31/13 1165/20/13
f 1164/18/11 1249/28/11 1253/18/11
f 1164/18/11 1160/28/11 1249/28/11
f 1166/19/17 1253/18/407 1255/19/406
f 1166/19/17 1164/18/20 1253/18/407
f 1167/27/22 1258/44/408 1256/27/22
f 1167/27/22 1169/44/23 1258/44/408
f 1248/45/409 1163/46/26 1252/46/410
f 1248/45/409 1159/45/25 1163/46/26
f 1169/44/23 1248/45/411 1258/44/408
f 1169/44/23 1159/45/29 1248/45/411
f 1160/28/11 1256/27/22 1249/28/11
f 1160/28/11 1167/27/22 1256/27/22
f 1259/30/13 1168/29/13 1257/29/13
f 1259/30/13 1170/30/13 1168/29/13
f 1257/29/13 1162/31/13 1251/31/13
f 1257/29/13 1168/29/13 1162/31/13
f 1250/47/13 1170/30/13 1259/30/13
f 1250/47/13 1161/47/13 1170/30/13
f 1252/46/410 1161/47/31 1250/47/412
f 1252/46/410 1163/46/26 1161/47/31
f 1182/23/33 1266/22/414 1264/23/413
f 1182/23/33 1184/22/34 1266/22/414
f 1263/37/404 1182/23/13 1264/23/415
f 1263/37/404 1181/37/13 1182/23/13
f 1183/48/11 1261/34/11 1265/48/11
f 1183/48/11 1179/34/11 1261/34/11
f 1184/22/34 1265/48/416 1266/22/414
f 1184/22/34 1183/48/38 1265/48/416
f 1186/33/11 1269/32/11 1268/33/11
f 1186/33/11 1187/32/11 1269/32/11
f 1260/49/417 1185/50/1 1267/50/418
f 1260/49/417 1178/49/1 1185/50/1
f 1187/32/11 1260/49/11 1269/32/11
f 1187/32/11 1178/49/11 1260/49/11
f 1179/34/11 1268/33/11 1261/34/11
f 1179/34/11 1186/33/11 1268/33/11
f 1271/36/13 1188/35/13 1270/35/13
f 1271/36/13 1189/36/13 1188/35/13
f 1262/51/13 1189/36/13 1271/36/13
f 1262/51/13 1180/51/13 1189/36/13
f 1267/50/418 1180/51/1 1262/51/1
f 1267/50/418 1185/50/1 1180/51/1
f 1270/35/13 1181/37/13 1263/37/404
f 1270/35/13 1188/35/13 1181/37/13
f 1196/24/11 1273/40/11 1272/24/11
f 1196/24/11 1197/40/11 1273/40/11
f 1203/25/44 1272/24/420 1279/25/419
f 1203/25/44 1196/24/45 1272/24/420
f 1198/26/48 1279/25/419 1274/26/421
f 1198/26/48 1203/25/44 1279/25/419
f 1275/43/13 1198/26/13 1274/26/13
f 1275/43/13 1199/43/13 1198/26/13
f 1204/39/11 1282/38/11 1280/39/11
f 1204/39/11 1206/38/11 1282/38/11
f 1277/52/422 1202/53/1 1278/53/423
f 1277/52/422 1201/52/1 1202/53/1
f 1206/38/11 1277/52/11 1282/38/11
f 1206/38/11 1201/52/11 1277/52/11
f 1197/40/11 1280/39/11 1273/40/11
f 1197/40/11 1204/39/11 1280/39/11
f 1283/42/13 1205/41/13 1281/41/13
f 1283/42/13 1207/42/13 1205/41/13
f 1281/41/13 1199/43/13 1275/43/13
f 1281/41/13 1205/41/13 1199/43/13
f 1276/54/13 1207/42/13 1283/42/13
f 1276/54/13 1200/54/13 1207/42/13
f 1278/53/423 1200/54/1 1276/54/424
f 1278/53/423 1202/53/1 1200/54/1
f 1245/41/13 1275/43/13 1239/43/13
f 1245/41/13 1281/41/13 1275/43/13
f 1247/42/13 1281/41/13 1245/41/13
f 1247/42/13 1283/42/13 1281/41/13
f 1280/39/11 1237/40/11 1273/40/11
f 1280/39/11 1244/39/11 1237/40/11
f 1282/38/11 1244/39/11 1280/39/11
f 1282/38/11 1246/38/11 1244/39/11
f 1268/33/11 1225/34/11 1261/34/11
f 1268/33/11 1232/33/11 1225/34/11
f 1269/32/11 1232/33/11 1268/33/11
f 1269/32/11 1233/32/11 1232/33/11
f 1234/35/13 1263/37/404 1227/37/404
f 1234/35/13 1270/35/13 1263/37/404
f 1235/36/13 1270/35/13 1234/35/13
f 1235/36/13 1271/36/13 1270/35/13
f 1221/29/13 1251/31/13 1215/31/13
f 1221/29/13 1257/29/13 1251/31/13
f 1223/30/13 1257/29/13 1221/29/13
f 1223/30/13 1259/30/13 1257/29/13
f 1258/44/408 1220/27/402 1256/27/22
f 1258/44/408 1222/44/425 1220/27/402
f 1256/27/22 1213/28/11 1249/28/11
f 1256/27/22 1220/27/402 1213/28/11
f 1286/55/13 1094/56/13 1285/56/13
f 1286/55/13 1095/55/13 1094/56/13
f 1093/57/11 1287/58/11 1284/57/11
f 1093/57/11 1096/58/11 1287/58/11
f 1301/59/13 1120/60/13 1299/60/13
f 1301/59/13 1122/59/13 1120/60/13
f 1119/61/11 1300/62/11 1298/61/11
f 1119/61/11 1121/62/11 1300/62/11
f 1313/63/13 1143/64/13 1314/64/13
f 1313/63/13 1142/63/13 1143/64/13
f 1322/65/13 1150/66/13 1321/66/13
f 1322/65/13 1151/65/13 1150/66/13
f 1149/67/11 1323/68/11 1320/67/11
f 1149/67/11 1152/68/11 1323/68/11
f 1334/69/54 1369/69/55 1368/69/55
f 1334/69/54 1335/69/54 1369/69/55
f 1368/69/55 1371/69/56 1370/69/57
f 1368/69/55 1369/69/55 1371/69/56
f 1370/69/57 1373/69/58 1372/69/58
f 1370/69/57 1371/69/56 1373/69/58
f 1372/69/58 1375/69/59 1374/69/60
f 1372/69/58 1373/69/58 1375/69/59
f 1374/69/60 1377/69/61 1376/69/62
f 1374/69/60 1375/69/59 1377/69/61
f 1376/69/62 1328/69/63 1329/69/64
f 1376/69/62 1377/69/61 1328/69/63
f 1336/69/65 1378/69/66 1339/69/65
f 1336/69/65 1379/69/66 1378/69/66
f 1379/69/66 1380/69/67 1378/69/66
f 1379/69/66 1381/69/67 1380/69/67
f 1381/69/67 1382/69/68 1380/69/67
f 1381/69/67 1383/69/68 1382/69/68
f 1382/69/68 1385/69/69 1384/69/70
f 1382/69/68 1383/69/68 1385/69/69
f 1384/69/70 1387/69/71 1386/69/71
f 1384/69/70 1385/69/69 1387/69/71
f 1386/69/71 1332/69/72 1333/69/72
f 1386/69/71 1387/69/71 1332/69/72
f 1340/69/73 1389/69/74 1388/69/74
f 1340/69/73 1341/69/73 1389/69/74
f 1388/69/74 1391/69/75 1390/69/76
f 1388/69/74 1389/69/74 1391/69/75
f 1390/69/76 1393/69/77 1392/69/77
f 1390/69/76 1391/69/75 1393/69/77
f 1393/69/77 1394/69/78 1392/69/77
f 1393/69/77 1395/69/78 1394/69/78
f 1395/69/78 1396/69/79 1394/69/78
f 1395/69/78 1397/69/79 1396/69/79
f 1397/69/79 1331/69/81 1396/69/79
f 1397/69/79 1330/69/80 1331/69/81
f 1343/69/82 1398/69/83 1342/69/82
f 1343/69/82 1399/69/83 1398/69/83
f 1399/69/83 1400/69/85 1398/69/83
f 1399/69/83 1401/69/84 1400/69/85
f 1401/69/84 1402/69/86 1400/69/85
f 1401/69/84 1403/69/86 1402/69/86
f 1403/69/86 1404/69/88 1402/69/86
f 1403/69/86 1405/69/87 1404/69/88
f 1405/69/87 1406/69/90 1404/69/88
f 1405/69/87 1407/69/89 1406/69/90
f 1407/69/89 1338/69/92 1406/69/90
f 1407/69/89 1337/69/91 1338/69/92
f 1352/70/93 1408/71/94 1351/70/93
f 1352/70/93 1409/71/94 1408/71/94
f 1409/71/94 1410/72/95 1408/71/94
f 1409/71/94 1411/72/95 1410/72/95
f 1411/72/95 1412/73/96 1410/72/95
f 1411/72/95 1413/73/96 1412/73/96
f 1412/73/96 1415/74/97 1414/74/97
f 1412/73/96 1413/73/96 1415/74/97
f 1414/74/97 1417/75/98 1416/75/98
f 1414/74/97 1415/74/97 1417/75/98
f 1416/75/98 1349/76/73 1348/76/73
f 1416/75/98 1417/75/98 1349/76/73
f 1355/77/54 1418/78/99 1354/77/54
f 1355/77/54 1419/78/99 1418/78/99
f 1419/78/99 1420/79/100 1418/78/99
f 1419/78/99 1421/79/100 1420/79/100
f 1421/79/100 1422/80/101 1420/79/100
f 1421/79/100 1423/80/101 1422/80/101
f 1423/80/101 1424/81/102 1422/80/101
f 1423/80/101 1425/81/102 1424/81/102
f 1425/81/102 1426/82/103 1424/81/102
f 1425/81/102 1427/82/103 1426/82/103
f 1427/82/103 1350/83/104 1426/82/103
f 1427/82/103 1353/83/104 1350/83/104
f 1357/84/92 1407/85/89 1428/85/89
f 1357/84/92 1337/84/91 1407/85/89
f 1428/85/89 1405/86/87 1429/86/88
f 1428/85/89 1407/85/89 1405/86/87
f 1429/86/88 1403/87/86 1430/87/86
f 1429/86/88 1405/86/87 1403/87/86
f 1430/87/86 1401/88/84 1431/88/84
f 1430/87/86 1403/87/86 1401/88/84
f 1431/88/84 1399/89/83 1432/89/83
f 1431/88/84 1401/88/84 1399/89/83
f 1432/89/83 1343/90/82 1346/90/82
f 1432/89/83 1399/89/83 1343/90/82
f 1356/91/65 1379/92/66 1336/91/65
f 1356/91/65 1433/92/66 1379/92/66
f 1433/92/66 1381/93/67 1379/92/66
f 1433/92/66 1434/93/67 1381/93/67
f 1434/93/67 1383/94/68 1381/93/67
f 1434/93/67 1435/94/68 1383/94/68
f 1383/94/68 1436/95/69 1385/95/69
f 1383/94/68 1435/94/68 1436/95/69
f 1385/95/69 1437/96/71 1387/96/71
f 1385/95/69 1436/95/69 1437/96/71
f 1387/96/71 1345/97/72 1332/97/72
f 1387/96/71 1437/96/71 1345/97/72
f 1361/98/105 1439/99/106 1438/99/106
f 1361/98/105 1362/98/105 1439/99/106
f 1438/99/106 1441/100/107 1440/100/107
f 1438/99/106 1439/99/106 1441/100/107
f 1440/100/107 1443/101/108 1442/101/108
f 1440/100/107 1441/100/107 1443/101/108
f 1443/101/108 1444/102/109 1442/101/108
f 1443/101/108 1445/102/109 1444/102/109
f 1445/102/109 1446/103/110 1444/102/109
f 1445/102/109 1447/103/110 1446/103/110
f 1447/103/110 1358/104/72 1446/103/110
f 1447/103/110 1359/104/72 1358/104/72
f 1364/105/82 1449/106/111 1448/106/111
f 1364/105/82 1365/105/82 1449/106/111
f 1448/106/111 1451/107/112 1450/107/112
f 1448/106/111 1449/106/111 1451/107/112
f 1450/107/112 1453/108/113 1452/108/113
f 1450/107/112 1451/107/112 1453/108/113
f 1452/108/113 1455/109/114 1454/109/114
f 1452/108/113 1453/108/113 1455/109/114
f 1454/109/114 1457/110/115 1456/110/115
f 1454/109/114 1455/109/114 1457/110/115
f 1456/110/115 1363/111/116 1360/111/116
f 1456/110/115 1457/110/115 1363/111/116
f 1328/112/63 1458/113/117 1367/112/63
f 1328/112/63 1377/113/61 1458/113/117
f 1377/113/61 1459/114/118 1458/113/117
f 1377/113/61 1375/114/59 1459/114/118
f 1375/114/59 1460/115/58 1459/114/118
f 1375/114/59 1373/115/58 1460/115/58
f 1373/115/58 1461/116/56 1460/115/58
f 1373/115/58 1371/116/56 1461/116/56
f 1371/116/56 1462/117/55 1461/116/56
f 1371/116/56 1369/117/55 1462/117/55
f 1369/117/55 1344/118/54 1462/117/55
f 1369/117/55 1335/118/54 1344/118/54
f 1331/119/81 1463/120/79 1396/120/79
f 1331/119/81 1366/119/80 1463/120/79
f 1396/120/79 1464/121/119 1394/121/78
f 1396/120/79 1463/120/79 1464/121/119
f 1394/121/78 1465/122/77 1392/122/77
f 1394/121/78 1464/121/119 1465/122/77
f 1465/122/77 1390/123/76 1392/122/77
f 1465/122/77 1466/123/76 1390/123/76
f 1466/123/76 1388/124/74 1390/123/76
f 1466/123/76 1467/124/74 1388/124/74
f 1467/124/74 1340/125/73 1388/124/74
f 1467/124/74 1347/125/73 1340/125/73
f 1458/127/7 1316/126/8 1367/112/7
f 1462/130/7 1344/118/8 1316/126/8
f 1316/126/8 1461/129/7 1462/130/7
f 1316/126/8 1460/128/7 1461/129/7
f 1316/126/8 1459/114/7 1460/128/7
f 1316/126/8 1458/127/7 1459/114/7
f 1437/96/7 1317/133/7 1345/97/8
f 1436/131/7 1317/133/7 1437/96/7
f 1435/94/7 1317/133/7 1436/131/7
f 1434/132/7 1317/133/7 1435/94/7
f 1433/92/7 1317/133/7 1434/132/7
f 1433/92/7 1356/91/8 1317/133/7
f 1318/134/8 1432/89/7 1346/90/8
f 1318/134/8 1431/88/7 1432/89/7
f 1318/134/8 1430/87/7 1431/88/7
f 1318/134/8 1429/86/7 1430/87/7
f 1318/134/8 1428/85/7 1429/86/7
f 1318/134/8 1357/84/8 1428/85/7
f 1463/138/7 1366/119/8 1319/139/7
f 1464/121/7 1463/138/7 1319/139/7
f 1465/137/7 1464/121/7 1319/139/7
f 1466/136/7 1465/137/7 1319/139/7
f 1467/135/7 1466/136/7 1319/139/7
f 1319/139/7 1347/125/8 1467/135/7
f 1417/75/7 1071/142/7 1349/76/7
f 1415/140/7 1071/142/7 1417/75/7
f 1413/73/7 1071/142/7 1415/140/7
f 1411/72/7 1071/142/7 1413/73/7
f 1409/141/7 1071/142/7 1411/72/7
f 1409/141/7 1352/70/7 1071/142/7
f 1073/144/426 1419/78/7 1355/77/427
f 1073/144/426 1421/79/7 1419/78/7
f 1073/144/426 1423/80/7 1421/79/7
f 1073/144/426 1425/81/7 1423/80/7
f 1073/144/426 1427/143/7 1425/81/7
f 1073/144/426 1353/83/7 1427/143/7
f 1439/99/7 1362/98/8 1074/148/426
f 1441/100/7 1439/99/7 1074/148/426
f 1443/147/7 1441/100/7 1074/148/426
f 1445/102/7 1443/147/7 1074/148/426
f 1447/146/7 1445/102/7 1074/148/426
f 1074/148/426 1359/145/427 1447/146/7
f 1449/153/7 1365/105/7 1072/154/7
f 1072/154/7 1451/152/7 1449/153/7
f 1072/154/7 1453/151/7 1451/152/7
f 1072/154/7 1455/150/7 1453/151/7
f 1072/154/7 1457/149/7 1455/150/7
f 1072/154/7 1363/111/7 1457/149/7
f 1329/69/64 1331/69/81 1330/69/80
f 1329/69/64 1328/69/63 1331/69/81
f 1333/69/72 1335/69/54 1334/69/54
f 1333/69/72 1332/69/72 1335/69/54
f 1336/69/65 1338/69/92 1337/69/91
f 1336/69/65 1339/69/65 1338/69/92
f 1343/69/82 1341/69/73 1340/69/73
f 1343/69/82 1342/69/82 1341/69/73
f 1335/118/54 1345/97/72 1344/118/54
f 1335/118/54 1332/97/72 1345/97/72
f 1346/90/82 1340/125/73 1347/125/73
f 1346/90/82 1343/90/82 1340/125/73
f 1348/76/73 1142/63/13 1313/63/13
f 1348/76/73 1349/76/73 1142/63/13
f 1353/83/104 1351/70/93 1350/83/104
f 1353/83/104 1352/70/93 1351/70/93
f 1141/155/11 1354/77/54 1312/155/11
f 1141/155/11 1355/77/54 1354/77/54
f 1356/91/65 1337/84/91 1357/84/92
f 1356/91/65 1336/91/65 1337/84/91
f 1359/104/72 1315/156/11 1358/104/72
f 1359/104/72 1144/156/11 1315/156/11
f 1360/111/116 1362/98/105 1361/98/105
f 1360/111/116 1363/111/116 1362/98/105
f 1314/64/13 1365/105/82 1364/105/82
f 1314/64/13 1143/64/13 1365/105/82
f 1331/119/81 1367/112/63 1366/119/80
f 1331/119/81 1328/112/63 1367/112/63
f 1365/105/7 1068/159/7 1072/154/7
f 1365/105/7 1070/158/7 1068/159/7
f 1143/64/7 1070/158/7 1365/105/7
f 1142/63/7 1070/158/7 1143/64/7
f 1349/76/7 1070/158/7 1142/63/7
f 1349/76/7 1071/157/7 1070/158/7
f 1211/134/120 1156/144/120 1208/155/121
f 1155/157/120 1210/133/120 1209/63/120
f 1155/157/120 1339/91/120 1210/133/120
f 1155/157/120 1338/84/120 1339/91/120
f 1155/157/120 1211/134/120 1338/84/120
f 1155/157/120 1156/144/120 1211/134/120
f 1316/126/8 1313/63/7 1314/64/7
f 1344/118/8 1313/63/7 1316/126/8
f 1345/97/8 1313/63/7 1344/118/8
f 1345/97/8 1317/133/7 1313/63/7
f 1315/156/7 1347/125/8 1319/139/7
f 1312/155/7 1347/125/8 1315/156/7
f 1312/155/7 1346/90/8 1347/125/8
f 1312/155/7 1318/134/8 1346/90/8
f 1317/133/7 1348/76/7 1313/63/7
f 1354/77/7 1318/134/8 1312/155/7
f 1354/77/7 1357/84/8 1318/134/8
f 1354/77/7 1356/91/8 1357/84/8
f 1354/77/7 1317/133/7 1356/91/8
f 1354/77/7 1348/76/7 1317/133/7
f 1354/77/7 1416/169/7 1348/76/7
f 1418/160/7 1416/169/7 1354/77/7
f 1418/160/7 1414/168/7 1416/169/7
f 1420/161/7 1414/168/7 1418/160/7
f 1420/161/7 1412/167/7 1414/168/7
f 1422/162/7 1412/167/7 1420/161/7
f 1422/162/7 1410/166/7 1412/167/7
f 1424/163/7 1410/166/7 1422/162/7
f 1424/163/7 1408/165/7 1410/166/7
f 1426/164/7 1408/165/7 1424/163/7
f 1426/164/7 1351/70/7 1408/165/7
f 1426/164/7 1350/83/7 1351/70/7
f 1438/175/7 1360/111/7 1361/98/7
f 1438/175/7 1456/174/7 1360/111/7
f 1438/175/7 1454/173/7 1456/174/7
f 1440/176/7 1454/173/7 1438/175/7
f 1440/176/7 1452/172/7 1454/173/7
f 1442/177/7 1452/172/7 1440/176/7
f 1442/177/7 1450/171/7 1452/172/7
f 1444/178/7 1450/171/7 1442/177/7
f 1444/178/7 1448/170/7 1450/171/7
f 1446/179/7 1448/170/7 1444/178/7
f 1446/179/7 1364/105/8 1448/170/7
f 1358/104/8 1364/105/8 1446/179/7
f 1358/104/8 1314/64/7 1364/105/8
f 1366/119/8 1314/64/7 1358/104/8
f 1367/112/7 1314/64/7 1366/119/8
f 1367/112/7 1316/126/8 1314/64/7
f 1319/139/7 1366/119/8 1358/104/8
f 1358/104/8 1315/156/7 1319/139/7
f 1476/180/124 1509/181/125 1508/181/126
f 1476/180/124 1477/180/124 1509/181/125
f 1508/181/126 1511/182/127 1510/182/127
f 1508/181/126 1509/181/125 1511/182/127
f 1510/182/127 1513/183/128 1512/183/128
f 1510/182/127 1511/182/127 1513/183/128
f 1512/183/128 1515/184/129 1514/184/130
f 1512/183/128 1513/183/128 1515/184/129
f 1514/184/130 1517/185/131 1516/185/132
f 1514/184/130 1515/184/129 1517/185/131
f 1516/185/132 1475/186/133 1474/186/134
f 1516/185/132 1517/185/131 1475/186/133
f 1478/187/135 1518/188/137 1479/187/138
f 1478/187/135 1519/188/136 1518/188/137
f 1519/188/136 1520/189/140 1518/188/137
f 1519/188/136 1521/189/139 1520/189/140
f 1521/189/139 1522/190/141 1520/189/140
f 1521/189/139 1523/190/141 1522/190/141
f 1522/190/141 1525/191/142 1524/191/143
f 1522/190/141 1523/190/141 1525/191/142
f 1524/191/143 1527/192/144 1526/192/144
f 1524/191/143 1525/191/142 1527/192/144
f 1526/192/144 1469/193/145 1470/193/145
f 1526/192/144 1527/192/144 1469/193/145
f 1481/194/146 1528/195/147 1480/194/146
f 1481/194/146 1529/195/147 1528/195/147
f 1529/195/147 1530/196/148 1528/195/147
f 1529/195/147 1531/196/148 1530/196/148
f 1531/196/148 1532/197/149 1530/196/148
f 1531/196/148 1533/197/149 1532/197/149
f 1533/197/149 1534/198/150 1532/197/149
f 1533/197/149 1535/198/150 1534/198/150
f 1535/198/150 1536/199/151 1534/198/150
f 1535/198/150 1537/199/151 1536/199/151
f 1537/199/151 1468/200/152 1536/199/151
f 1537/199/151 1471/200/152 1468/200/152
f 1483/201/153 1539/202/154 1538/202/155
f 1483/201/153 1482/201/153 1539/202/154
f 1538/202/155 1541/203/156 1540/203/157
f 1538/202/155 1539/202/154 1541/203/156
f 1540/203/157 1543/204/158 1542/204/158
f 1540/203/157 1541/203/156 1543/204/158
f 1543/204/158 1544/205/160 1542/204/158
f 1543/204/158 1545/205/159 1544/205/160
f 1545/205/159 1546/206/162 1544/205/160
f 1545/205/159 1547/206/161 1546/206/162
f 1547/206/161 1473/207/164 1546/206/162
f 1547/206/161 1472/207/163 1473/207/164
f 1492/208/165 1548/209/166 1491/208/165
f 1492/208/165 1549/209/166 1548/209/166
f 1549/209/166 1550/210/167 1548/209/166
f 1549/209/166 1551/210/167 1550/210/167
f 1551/210/167 1552/211/168 1550/210/167
f 1551/210/167 1553/211/168 1552/211/168
f 1552/211/168 1555/212/169 1554/212/169
f 1552/211/168 1553/211/168 1555/212/169
f 1554/212/169 1557/213/170 1556/213/170
f 1554/212/169 1555/212/169 1557/213/170
f 1556/213/170 1489/214/171 1488/214/171
f 1556/213/170 1557/213/170 1489/214/171
f 1495/215/172 1558/216/173 1494/215/172
f 1495/215/172 1559/216/173 1558/216/173
f 1559/216/173 1560/217/174 1558/216/173
f 1559/216/173 1561/217/174 1560/217/174
f 1561/217/174 1562/218/175 1560/217/174
f 1561/217/174 1563/218/175 1562/218/175
f 1563/218/175 1564/219/176 1562/218/175
f 1563/218/175 1565/219/176 1564/219/176
f 1565/219/176 1566/220/177 1564/219/176
f 1565/219/176 1567/220/177 1566/220/177
f 1567/220/177 1490/221/178 1566/220/177
f 1567/220/177 1493/221/178 1490/221/178
f 1496/180/124 1508/181/126 1568/181/125
f 1496/180/124 1476/180/124 1508/181/126
f 1568/181/125 1510/182/127 1569/182/127
f 1568/181/125 1508/181/126 1510/182/127
f 1569/182/127 1512/183/128 1570/183/179
f 1569/182/127 1510/182/127 1512/183/128
f 1570/183/179 1514/184/130 1571/184/180
f 1570/183/179 1512/183/128 1514/184/130
f 1571/184/180 1516/185/132 1572/185/131
f 1571/184/180 1514/184/130 1516/185/132
f 1572/185/131 1474/186/134 1487/186/134
f 1572/185/131 1516/185/132 1474/186/134
f 1497/187/138 1519/188/136 1478/187/135
f 1497/187/138 1573/188/136 1519/188/136
f 1573/188/136 1521/189/139 1519/188/136
f 1573/188/136 1574/189/140 1521/189/139
f 1574/189/140 1523/190/141 1521/189/139
f 1574/189/140 1575/190/181 1523/190/141
f 1523/190/141 1576/191/182 1525/191/142
f 1523/190/141 1575/190/181 1576/191/182
f 1525/191/142 1577/192/183 1527/192/144
f 1525/191/142 1576/191/182 1577/192/183
f 1527/192/144 1485/193/184 1469/193/145
f 1527/192/144 1577/192/183 1485/193/184
f 1501/222/185 1579/223/186 1578/223/186
f 1501/222/185 1502/222/185 1579/223/186
f 1578/223/186 1581/224/187 1580/224/187
f 1578/223/186 1579/223/186 1581/224/187
f 1580/224/187 1583/225/181 1582/225/181
f 1580/224/187 1581/224/187 1583/225/181
f 1583/225/181 1584/226/188 1582/225/181
f 1583/225/181 1585/226/188 1584/226/188
f 1585/226/188 1586/227/189 1584/226/188
f 1585/226/188 1587/227/189 1586/227/189
f 1587/227/189 1498/228/190 1586/227/189
f 1587/227/189 1499/228/190 1498/228/190
f 1504/229/191 1589/230/192 1588/230/192
f 1504/229/191 1505/229/191 1589/230/192
f 1588/230/192 1591/231/193 1590/231/193
f 1588/230/192 1589/230/192 1591/231/193
f 1590/231/193 1593/232/179 1592/232/179
f 1590/231/193 1591/231/193 1593/232/179
f 1592/232/179 1595/233/194 1594/233/194
f 1592/232/179 1593/232/179 1595/233/194
f 1594/233/194 1597/234/195 1596/234/195
f 1594/233/194 1595/233/194 1597/234/195
f 1596/234/195 1503/235/196 1500/235/196
f 1596/234/195 1597/234/195 1503/235/196
f 1480/194/146 1598/195/147 1506/194/146
f 1480/194/146 1528/195/147 1598/195/147
f 1528/195/147 1599/196/197 1598/195/147
f 1528/195/147 1530/196/148 1599/196/197
f 1530/196/148 1600/197/149 1599/196/197
f 1530/196/148 1532/197/149 1600/197/149
f 1532/197/149 1601/198/198 1600/197/149
f 1532/197/149 1534/198/150 1601/198/198
f 1534/198/150 1602/199/199 1601/198/198
f 1534/198/150 1536/199/151 1602/199/199
f 1536/199/151 1484/200/200 1602/199/199
f 1536/199/151 1468/200/152 1484/200/200
f 1482/201/153 1603/202/154 1539/202/154
f 1482/201/153 1507/201/153 1603/202/154
f 1539/202/154 1604/203/201 1541/203/156
f 1539/202/154 1603/202/154 1604/203/201
f 1541/203/156 1605/204/168 1543/204/158
f 1541/203/156 1604/203/201 1605/204/168
f 1605/204/168 1545/205/159 1543/204/158
f 1605/204/168 1606/205/202 1545/205/159
f 1606/205/202 1547/206/161 1545/205/159
f 1606/205/202 1607/206/162 1547/206/161
f 1607/206/162 1472/207/163 1547/206/161
f 1607/206/162 1486/207/163 1472/207/163
f 1538/239/120 1171/237/120 1483/238/120
f 1546/240/120 1473/236/120 1171/237/120
f 1171/237/120 1544/205/120 1546/240/120
f 1171/237/120 1542/204/120 1544/205/120
f 1171/237/120 1540/203/121 1542/204/120
f 1171/237/120 1538/239/120 1540/203/121
f 1598/195/7 1289/242/7 1506/194/7
f 1602/199/7 1484/241/8 1289/242/7
f 1289/242/7 1601/198/7 1602/199/7
f 1289/242/7 1600/197/7 1601/198/7
f 1289/242/7 1599/196/7 1600/197/7
f 1289/242/7 1598/195/7 1599/196/7
f 1577/192/7 1288/244/7 1485/193/8
f 1576/191/7 1288/244/7 1577/192/7
f 1575/190/7 1288/244/7 1576/191/7
f 1574/243/7 1288/244/7 1575/190/7
f 1573/188/7 1288/244/7 1574/243/7
f 1573/188/7 1497/187/8 1288/244/7
f 1603/239/7 1507/238/7 1290/237/7
f 1604/203/8 1603/239/7 1290/237/7
f 1605/204/7 1604/203/8 1290/237/7
f 1606/205/7 1605/204/7 1290/237/7
f 1607/240/7 1606/205/7 1290/237/7
f 1290/237/7 1486/236/7 1607/240/7
f 1291/245/7 1572/185/7 1487/186/7
f 1291/245/7 1571/246/7 1572/185/7
f 1291/245/7 1570/183/7 1571/246/7
f 1291/245/7 1569/182/7 1570/183/7
f 1291/245/7 1568/181/8 1569/182/7
f 1291/245/7 1496/180/7 1568/181/8
f 1557/213/7 1089/248/8 1489/214/8
f 1555/212/7 1089/248/8 1557/213/7
f 1553/211/7 1089/248/8 1555/212/7
f 1551/210/7 1089/248/8 1553/211/7
f 1549/247/7 1089/248/8 1551/210/7
f 1549/247/7 1492/208/8 1089/248/8
f 1092/251/7 1559/249/7 1495/250/7
f 1092/251/7 1561/217/7 1559/249/7
f 1092/251/7 1563/218/7 1561/217/7
f 1092/251/7 1565/219/7 1563/218/7
f 1092/251/7 1567/220/8 1565/219/7
f 1092/251/7 1493/221/7 1567/220/8
f 1579/255/7 1502/222/8 1091/256/8
f 1581/254/8 1579/255/7 1091/256/8
f 1583/253/7 1581/254/8 1091/256/8
f 1585/226/7 1583/253/7 1091/256/8
f 1587/252/7 1585/226/7 1091/256/8
f 1091/256/8 1499/228/8 1587/252/7
f 1589/230/7 1505/259/7 1090/260/8
f 1090/260/8 1591/231/7 1589/230/7
f 1090/260/8 1593/232/7 1591/231/7
f 1090/260/8 1595/258/7 1593/232/7
f 1090/260/8 1597/234/7 1595/258/7
f 1090/260/8 1503/257/8 1597/234/7
f 1471/200/152 1469/193/145 1468/200/152
f 1471/200/152 1470/193/145 1469/193/145
f 1097/261/13 1473/207/164 1472/207/163
f 1097/261/13 1172/261/13 1473/207/164
f 1474/186/134 1174/262/13 1099/262/13
f 1474/186/134 1475/186/133 1174/262/13
f 1468/200/152 1485/193/184 1484/200/200
f 1468/200/152 1469/193/145 1485/193/184
f 1292/261/13 1472/207/163 1486/207/163
f 1292/261/13 1097/261/13 1472/207/163
f 1487/186/134 1099/262/13 1294/262/13
f 1487/186/134 1474/186/134 1099/262/13
f 1488/214/171 1095/55/13 1286/55/13
f 1488/214/171 1489/214/171 1095/55/13
f 1493/221/178 1491/208/165 1490/221/178
f 1493/221/178 1492/208/165 1491/208/165
f 1096/58/11 1494/215/172 1287/58/11
f 1096/58/11 1495/215/172 1494/215/172
f 1295/263/1 1476/180/124 1496/180/124
f 1295/263/1 1100/263/1 1476/180/124
f 1497/187/138 1101/264/1 1296/264/1
f 1497/187/138 1478/187/135 1101/264/1
f 1499/228/190 1284/57/11 1498/228/190
f 1499/228/190 1093/57/11 1284/57/11
f 1500/235/196 1502/222/185 1501/222/185
f 1500/235/196 1503/235/196 1502/222/185
f 1285/56/13 1505/229/191 1504/229/191
f 1285/56/13 1094/56/13 1505/229/191
f 1102/265/203 1506/194/146 1297/265/204
f 1102/265/203 1480/194/146 1506/194/146
f 1482/201/153 1293/266/205 1507/201/153
f 1482/201/153 1098/266/205 1293/266/205
f 1484/200/8 1285/56/7 1289/242/7
f 1484/200/8 1286/55/7 1285/56/7
f 1485/193/8 1286/55/7 1484/200/8
f 1485/193/8 1288/244/7 1286/55/7
f 1287/58/7 1290/237/7 1284/57/7
f 1287/58/7 1486/207/7 1290/237/7
f 1287/58/7 1292/261/7 1486/207/7
f 1287/58/7 1294/262/7 1292/261/7
f 1287/58/7 1487/186/7 1294/262/7
f 1287/58/7 1291/245/7 1487/186/7
f 1288/244/7 1488/214/7 1286/55/7
f 1494/215/8 1291/245/7 1287/58/7
f 1494/215/8 1496/180/7 1291/245/7
f 1494/215/8 1295/263/8 1496/180/7
f 1494/215/8 1296/264/7 1295/263/8
f 1494/215/8 1497/187/8 1296/264/7
f 1494/215/8 1288/244/7 1497/187/8
f 1494/215/8 1488/214/7 1288/244/7
f 1494/215/8 1556/276/7 1488/214/7
f 1558/267/7 1556/276/7 1494/215/8
f 1558/267/7 1554/275/7 1556/276/7
f 1560/268/7 1554/275/7 1558/267/7
f 1560/268/7 1552/274/7 1554/275/7
f 1562/269/7 1552/274/7 1560/268/7
f 1562/269/7 1550/273/7 1552/274/7
f 1564/270/7 1550/273/7 1562/269/7
f 1564/270/7 1548/272/7 1550/273/7
f 1566/271/8 1548/272/7 1564/270/7
f 1566/271/8 1491/208/7 1548/272/7
f 1566/271/8 1490/221/7 1491/208/7
f 1578/282/7 1500/235/7 1501/222/8
f 1578/282/7 1596/281/7 1500/235/7
f 1578/282/7 1594/280/7 1596/281/7
f 1580/283/8 1594/280/7 1578/282/7
f 1580/283/8 1592/279/7 1594/280/7
f 1582/284/7 1592/279/7 1580/283/8
f 1582/284/7 1590/278/7 1592/279/7
f 1584/285/7 1590/278/7 1582/284/7
f 1584/285/7 1588/277/7 1590/278/7
f 1586/286/7 1588/277/7 1584/285/7
f 1586/286/7 1504/229/7 1588/277/7
f 1498/228/7 1504/229/7 1586/286/7
f 1498/228/7 1285/56/7 1504/229/7
f 1289/242/7 1285/56/7 1498/228/7
f 1506/194/7 1289/242/7 1498/228/7
f 1284/57/7 1506/194/7 1498/228/7
f 1284/57/7 1297/265/7 1506/194/7
f 1293/266/8 1297/265/7 1284/57/7
f 1507/201/7 1293/266/8 1284/57/7
f 1284/57/7 1290/237/7 1507/201/7
f 1616/287/124 1649/288/125 1648/288/126
f 1616/287/124 1617/287/124 1649/288/125
f 1648/288/126 1651/289/127 1650/289/127
f 1648/288/126 1649/288/125 1651/289/127
f 1650/289/127 1653/290/206 1652/290/206
f 1650/289/127 1651/289/127 1653/290/206
f 1652/290/206 1655/291/207 1654/291/207
f 1652/290/206 1653/290/206 1655/291/207
f 1654/291/207 1657/292/208 1656/292/208
f 1654/291/207 1655/291/207 1657/292/208
f 1656/292/208 1615/293/209 1614/293/210
f 1656/292/208 1657/292/208 1615/293/209
f 1618/294/211 1658/295/213 1619/294/211
f 1618/294/211 1659/295/212 1658/295/213
f 1659/295/212 1660/296/214 1658/295/213
f 1659/295/212 1661/296/214 1660/296/214
f 1661/296/214 1662/297/141 1660/296/214
f 1661/296/214 1663/297/141 1662/297/141
f 1662/297/141 1665/298/215 1664/298/216
f 1662/297/141 1663/297/141 1665/298/215
f 1664/298/216 1667/299/217 1666/299/189
f 1664/298/216 1665/298/215 1667/299/217
f 1666/299/189 1609/300/190 1610/300/218
f 1666/299/189 1667/299/217 1609/300/190
f 1621/301/219 1668/302/221 1620/301/219
f 1621/301/219 1669/302/220 1668/302/221
f 1669/302/220 1670/303/223 1668/302/221
f 1669/302/220 1671/303/222 1670/303/223
f 1671/303/222 1672/304/224 1670/303/223
f 1671/303/222 1673/304/224 1672/304/224
f 1673/304/224 1674/305/226 1672/304/224
f 1673/304/224 1675/305/225 1674/305/226
f 1675/305/225 1676/306/227 1674/305/226
f 1675/305/225 1677/306/173 1676/306/227
f 1677/306/173 1608/307/172 1676/306/227
f 1677/306/173 1611/307/228 1608/307/172
f 1623/308/153 1679/309/154 1678/309/155
f 1623/308/153 1622/308/153 1679/309/154
f 1678/309/155 1681/310/156 1680/310/157
f 1678/309/155 1679/309/154 1681/310/156
f 1680/310/157 1683/311/229 1682/311/229
f 1680/310/157 1681/310/156 1683/311/229
f 1683/311/229 1684/312/230 1682/311/229
f 1683/311/229 1685/312/230 1684/312/230
f 1685/312/230 1686/313/231 1684/312/230
f 1685/312/230 1687/313/231 1686/313/231
f 1687/313/231 1613/314/233 1686/313/231
f 1687/313/231 1612/314/232 1613/314/233
f 1632/315/234 1688/316/235 1631/315/234
f 1632/315/234 1689/316/235 1688/316/235
f 1689/316/235 1690/317/236 1688/316/235
f 1689/316/235 1691/317/236 1690/317/236
f 1691/317/236 1692/318/168 1690/317/236
f 1691/317/236 1693/318/168 1692/318/168
f 1692/318/168 1695/319/202 1694/319/202
f 1692/318/168 1693/318/168 1695/319/202
f 1694/319/202 1697/320/162 1696/320/162
f 1694/319/202 1695/319/202 1697/320/162
f 1696/320/162 1629/321/163 1628/321/163
f 1696/320/162 1697/320/162 1629/321/163
f 1635/322/237 1698/323/238 1634/322/237
f 1635/322/237 1699/323/238 1698/323/238
f 1699/323/238 1700/324/239 1698/323/238
f 1699/323/238 1701/324/239 1700/324/239
f 1701/324/239 1702/325/240 1700/324/239
f 1701/324/239 1703/325/240 1702/325/240
f 1703/325/240 1704/326/176 1702/325/240
f 1703/325/240 1705/326/176 1704/326/176
f 1705/326/176 1706/327/177 1704/326/176
f 1705/326/176 1707/327/177 1706/327/177
f 1707/327/177 1630/328/178 1706/327/177
f 1707/327/177 1633/328/178 1630/328/178
f 1636/287/124 1648/288/126 1708/288/125
f 1636/287/124 1616/287/124 1648/288/126
f 1708/288/125 1650/289/127 1709/289/127
f 1708/288/125 1648/288/126 1650/289/127
f 1709/289/127 1652/290/206 1710/290/241
f 1709/289/127 1650/289/127 1652/290/206
f 1710/290/241 1654/291/207 1711/291/207
f 1710/290/241 1652/290/206 1654/291/207
f 1711/291/207 1656/292/208 1712/292/242
f 1711/291/207 1654/291/207 1656/292/208
f 1712/292/242 1614/293/210 1627/293/209
f 1712/292/242 1656/292/208 1614/293/210
f 1637/294/211 1659/295/212 1618/294/211
f 1637/294/211 1713/295/213 1659/295/212
f 1713/295/213 1661/296/214 1659/295/212
f 1713/295/213 1714/296/214 1661/296/214
f 1714/296/214 1663/297/141 1661/296/214
f 1714/296/214 1715/297/181 1663/297/141
f 1663/297/141 1716/298/188 1665/298/215
f 1663/297/141 1715/297/181 1716/298/188
f 1665/298/215 1717/299/189 1667/299/217
f 1665/298/215 1716/298/188 1717/299/189
f 1667/299/217 1625/300/190 1609/300/190
f 1667/299/217 1717/299/189 1625/300/190
f 1641/329/185 1719/330/186 1718/330/186
f 1641/329/185 1642/329/185 1719/330/186
f 1718/330/186 1721/331/187 1720/331/187
f 1718/330/186 1719/330/186 1721/331/187
f 1720/331/187 1723/332/243 1722/332/243
f 1720/331/187 1721/331/187 1723/332/243
f 1723/332/243 1724/333/244 1722/332/243
f 1723/332/243 1725/333/244 1724/333/244
f 1725/333/244 1726/334/245 1724/333/244
f 1725/333/244 1727/334/245 1726/334/245
f 1727/334/245 1638/335/246 1726/334/245
f 1727/334/245 1639/335/246 1638/335/246
f 1644/336/134 1729/337/131 1728/337/131
f 1644/336/134 1645/336/134 1729/337/131
f 1728/337/131 1731/338/180 1730/338/180
f 1728/337/131 1729/337/131 1731/338/180
f 1730/338/180 1733/339/179 1732/339/179
f 1730/338/180 1731/338/180 1733/339/179
f 1732/339/179 1735/340/247 1734/340/247
f 1732/339/179 1733/339/179 1735/340/247
f 1734/340/247 1737/341/248 1736/341/248
f 1734/340/247 1735/340/247 1737/341/248
f 1736/341/248 1643/342/249 1640/342/249
f 1736/341/248 1737/341/248 1643/342/249
f 1620/301/219 1738/302/221 1646/301/219
f 1620/301/219 1668/302/221 1738/302/221
f 1668/302/221 1739/303/250 1738/302/221
f 1668/302/221 1670/303/223 1739/303/250
f 1670/303/223 1740/304/175 1739/303/250
f 1670/303/223 1672/304/224 1740/304/175
f 1672/304/224 1741/305/174 1740/304/175
f 1672/304/224 1674/305/226 1741/305/174
f 1674/305/226 1742/306/173 1741/305/174
f 1674/305/226 1676/306/227 1742/306/173
f 1676/306/227 1624/307/172 1742/306/173
f 1676/306/227 1608/307/172 1624/307/172
f 1622/308/153 1743/309/154 1679/309/154
f 1622/308/153 1647/308/153 1743/309/154
f 1679/309/154 1744/310/201 1681/310/156
f 1679/309/154 1743/309/154 1744/310/201
f 1681/310/156 1745/311/251 1683/311/229
f 1681/310/156 1744/310/201 1745/311/251
f 1745/311/251 1685/312/230 1683/311/229
f 1745/311/251 1746/312/230 1685/312/230
f 1746/312/230 1687/313/231 1685/312/230
f 1746/312/230 1747/313/252 1687/313/231
f 1747/313/252 1612/314/232 1687/313/231
f 1747/313/252 1626/314/233 1612/314/232
f 1738/302/7 1304/343/7 1646/301/7
f 1742/346/7 1624/307/8 1304/343/7
f 1304/343/7 1741/345/7 1742/346/7
f 1304/343/7 1740/344/7 1741/345/7
f 1304/343/7 1739/303/8 1740/344/7
f 1304/343/7 1738/302/7 1739/303/8
f 1717/347/7 1305/350/7 1625/300/8
f 1716/348/7 1305/350/7 1717/347/7
f 1715/297/7 1305/350/7 1716/348/7
f 1714/349/7 1305/350/7 1715/297/7
f 1713/295/8 1305/350/7 1714/349/7
f 1713/295/8 1637/294/7 1305/350/7
f 1743/353/7 1647/354/7 1302/355/7
f 1744/352/8 1743/353/7 1302/355/7
f 1745/351/7 1744/352/8 1302/355/7
f 1746/312/7 1745/351/7 1302/355/7
f 1747/313/7 1746/312/7 1302/355/7
f 1302/355/7 1626/314/7 1747/313/7
f 1303/356/7 1712/358/7 1627/293/7
f 1303/356/7 1711/291/7 1712/358/7
f 1303/356/7 1710/290/7 1711/291/7
f 1303/356/7 1709/289/7 1710/290/7
f 1303/356/7 1708/288/8 1709/289/7
f 1303/356/7 1636/357/7 1708/288/8
f 1697/320/7 1115/361/8 1629/321/7
f 1695/359/7 1115/361/8 1697/320/7
f 1693/318/7 1115/361/8 1695/359/7
f 1691/317/7 1115/361/8 1693/318/7
f 1689/360/8 1115/361/8 1691/317/7
f 1689/360/8 1632/315/7 1115/361/8
f 1118/363/8 1699/362/7 1635/322/7
f 1118/363/8 1701/324/7 1699/362/7
f 1118/363/8 1703/325/7 1701/324/7
f 1118/363/8 1705/326/7 1703/325/7
f 1118/363/8 1707/327/8 1705/326/7
f 1118/363/8 1633/328/7 1707/327/8
f 1719/368/7 1642/329/7 1117/369/8
f 1721/367/8 1719/368/7 1117/369/8
f 1723/366/7 1721/367/8 1117/369/8
f 1725/365/7 1723/366/7 1117/369/8
f 1727/364/7 1725/365/7 1117/369/8
f 1117/369/8 1639/335/7 1727/364/7
f 1729/337/7 1645/336/7 1116/374/7
f 1116/374/7 1731/373/7 1729/337/7
f 1116/374/7 1733/339/7 1731/373/7
f 1116/374/7 1735/372/8 1733/339/7
f 1116/374/7 1737/371/7 1735/372/8
f 1116/374/7 1643/370/7 1737/371/7
f 1611/307/228 1609/300/190 1608/307/172
f 1611/307/228 1610/300/218 1609/300/190
f 1125/375/13 1613/314/233 1612/314/232
f 1125/375/13 1192/375/13 1613/314/233
f 1614/293/210 1190/376/13 1123/376/13
f 1614/293/210 1615/293/209 1190/376/13
f 1608/307/172 1625/300/190 1624/307/172
f 1608/307/172 1609/300/190 1625/300/190
f 1308/375/13 1612/314/232 1626/314/233
f 1308/375/13 1125/375/13 1612/314/232
f 1627/293/209 1123/376/13 1306/376/13
f 1627/293/209 1614/293/210 1123/376/13
f 1628/321/163 1122/59/13 1301/59/13
f 1628/321/163 1629/321/163 1122/59/13
f 1633/328/178 1631/315/234 1630/328/178
f 1633/328/178 1632/315/234 1631/315/234
f 1121/62/11 1634/322/237 1300/62/11
f 1121/62/11 1635/322/237 1634/322/237
f 1307/377/1 1616/287/124 1636/287/124
f 1307/377/1 1124/377/1 1616/287/124
f 1637/294/211 1127/378/1 1310/378/1
f 1637/294/211 1618/294/211 1127/378/1
f 1639/335/246 1298/61/11 1638/335/246
f 1639/335/246 1119/61/11 1298/61/11
f 1640/342/249 1642/329/185 1641/329/185
f 1640/342/249 1643/342/249 1642/329/185
f 1299/60/13 1645/336/134 1644/336/134
f 1299/60/13 1120/60/13 1645/336/134
f 1128/379/205 1646/301/219 1311/379/205
f 1128/379/205 1620/301/219 1646/301/219
f 1622/308/153 1309/380/205 1647/308/153
f 1622/308/153 1126/380/205 1309/380/205
f 1624/307/8 1299/60/7 1304/343/7
f 1624/307/8 1301/59/7 1299/60/7
f 1625/300/8 1301/59/7 1624/307/8
f 1625/300/8 1305/350/7 1301/59/7
f 1300/62/7 1302/355/7 1298/61/7
f 1300/62/7 1626/314/7 1302/355/7
f 1300/62/7 1308/375/7 1626/314/7
f 1300/62/7 1306/376/7 1308/375/7
f 1300/62/7 1627/293/7 1306/376/7
f 1300/62/7 1303/356/7 1627/293/7
f 1305/350/7 1628/321/8 1301/59/7
f 1634/322/8 1303/356/7 1300/62/7
f 1634/322/8 1636/287/7 1303/356/7
f 1634/322/8 1307/377/7 1636/287/7
f 1634/322/8 1310/378/7 1307/377/7
f 1634/322/8 1637/294/7 1310/378/7
f 1634/322/8 1305/350/7 1637/294/7
f 1634/322/8 1628/321/8 1305/350/7
f 1634/322/8 1696/390/7 1628/321/8
f 1698/381/7 1696/390/7 1634/322/8
f 1698/381/7 1694/389/7 1696/390/7
f 1700/382/7 1694/389/7 1698/381/7
f 1700/382/7 1692/388/7 1694/389/7
f 1702/383/7 1692/388/7 1700/382/7
f 1702/383/7 1690/387/7 1692/388/7
f 1704/384/7 1690/387/7 1702/383/7
f 1704/384/7 1688/386/8 1690/387/7
f 1706/385/8 1688/386/8 1704/384/7
f 1706/385/8 1631/315/7 1688/386/8
f 1706/385/8 1630/328/7 1631/315/7
f 1718/396/7 1640/342/7 1641/329/7
f 1718/396/7 1736/395/7 1640/342/7
f 1718/396/7 1734/394/8 1736/395/7
f 1720/397/8 1734/394/8 1718/396/7
f 1720/397/8 1732/393/7 1734/394/8
f 1722/398/7 1732/393/7 1720/397/8
f 1722/398/7 1730/392/7 1732/393/7
f 1724/399/7 1730/392/7 1722/398/7
f 1724/399/7 1728/391/7 1730/392/7
f 1726/400/7 1728/391/7 1724/399/7
f 1726/400/7 1644/336/7 1728/391/7
f 1638/335/8 1644/336/7 1726/400/7
f 1638/335/8 1299/60/7 1644/336/7
f 1304/343/7 1299/60/7 1638/335/8
f 1646/301/7 1304/343/7 1638/335/8
f 1311/379/7 1646/301/7 1638/335/8
f 1309/380/7 1311/379/7 1638/335/8
f 1647/308/7 1309/380/7 1638/335/8
f 1302/355/7 1647/308/7 1638/335/8
f 1638/335/8 1298/61/7 1302/355/7
f 1757/401/253 1789/402/254 1788/402/254
f 1757/401/253 1758/401/253 1789/402/254
f 1788/402/254 1791/403/255 1790/403/255
f 1788/402/254 1789/402/254 1791/403/255
f 1790/403/255 1793/404/256 1792/404/256
f 1790/403/255 1791/403/255 1793/404/256
f 1792/404/256 1795/405/257 1794/405/257
f 1792/404/256 1793/404/256 1795/405/257
f 1794/405/257 1797/406/258 1796/406/428
f 1794/405/257 1795/405/257 1797/406/258
f 1796/406/428 1755/407/260 1752/407/429
f 1796/406/428 1797/406/258 1755/407/260
f 1756/408/211 1798/409/213 1759/408/211
f 1756/408/211 1799/409/212 1798/409/213
f 1799/409/212 1800/410/214 1798/409/213
f 1799/409/212 1801/410/214 1800/410/214
f 1801/410/214 1802/411/262 1800/410/214
f 1801/410/214 1803/411/262 1802/411/262
f 1802/411/262 1805/412/244 1804/412/244
f 1802/411/262 1803/411/262 1805/412/244
f 1804/412/244 1807/413/263 1806/413/263
f 1804/412/244 1805/412/244 1807/413/263
f 1806/413/263 1749/414/264 1750/414/246
f 1806/413/263 1807/413/263 1749/414/264
f 1762/415/219 1808/416/221 1761/415/219
f 1762/415/219 1809/416/220 1808/416/221
f 1809/416/220 1810/417/223 1808/416/221
f 1809/416/220 1811/417/222 1810/417/223
f 1811/417/222 1812/418/265 1810/417/223
f 1811/417/222 1813/418/265 1812/418/265
f 1813/418/265 1814/419/239 1812/418/265
f 1813/418/265 1815/419/239 1814/419/239
f 1815/419/239 1816/420/266 1814/419/239
f 1815/419/239 1817/420/266 1816/420/266
f 1817/420/266 1748/421/267 1816/420/266
f 1817/420/266 1751/421/237 1748/421/267
f 1763/422/270 1819/423/269 1818/423/269
f 1763/422/270 1760/422/268 1819/423/269
f 1818/423/269 1821/424/271 1820/424/271
f 1818/423/269 1819/423/269 1821/424/271
f 1820/424/271 1823/425/272 1822/425/272
f 1820/424/271 1821/424/271 1823/425/272
f 1823/425/272 1824/426/273 1822/425/272
f 1823/425/272 1825/426/273 1824/426/273
f 1825/426/273 1826/427/275 1824/426/273
f 1825/426/273 1827/427/430 1826/427/275
f 1827/427/430 1754/428/277 1826/427/275
f 1827/427/430 1753/428/431 1754/428/277
f 1772/429/234 1828/430/235 1771/429/234
f 1772/429/234 1829/430/235 1828/430/235
f 1829/430/235 1830/431/236 1828/430/235
f 1829/430/235 1831/431/236 1830/431/236
f 1831/431/236 1832/432/251 1830/431/236
f 1831/431/236 1833/432/251 1832/432/251
f 1832/432/251 1835/433/230 1834/433/230
f 1832/432/251 1833/432/251 1835/433/230
f 1834/433/230 1837/434/252 1836/434/252
f 1834/433/230 1835/433/230 1837/434/252
f 1836/434/252 1769/435/233 1768/435/233
f 1836/434/252 1837/434/252 1769/435/233
f 1775/436/237 1838/437/238 1774/436/237
f 1775/436/237 1839/437/238 1838/437/238
f 1839/437/238 1840/438/239 1838/437/238
f 1839/437/238 1841/438/239 1840/438/239
f 1841/438/239 1842/439/240 1840/438/239
f 1841/438/239 1843/439/240 1842/439/240
f 1843/439/240 1844/440/176 1842/439/240
f 1843/439/240 1845/440/176 1844/440/176
f 1845/440/176 1846/441/177 1844/440/176
f 1845/440/176 1847/441/177 1846/441/177
f 1847/441/177 1770/442/178 1846/441/177
f 1847/441/177 1773/442/178 1770/442/178
f 1777/401/253 1788/402/254 1848/402/254
f 1777/401/253 1757/401/253 1788/402/254
f 1848/402/254 1790/403/255 1849/403/255
f 1848/402/254 1788/402/254 1790/403/255
f 1849/403/255 1792/404/256 1850/404/256
f 1849/403/255 1790/403/255 1792/404/256
f 1850/404/256 1794/405/257 1851/405/257
f 1850/404/256 1792/404/256 1794/405/257
f 1851/405/257 1796/406/428 1852/406/432
f 1851/405/257 1794/405/257 1796/406/428
f 1766/407/433 1796/406/428 1752/407/429
f 1766/407/433 1852/406/432 1796/406/428
f 1776/408/211 1799/409/212 1756/408/211
f 1776/408/211 1853/409/213 1799/409/212
f 1853/409/213 1801/410/214 1799/409/212
f 1853/409/213 1854/410/214 1801/410/214
f 1854/410/214 1803/411/262 1801/410/214
f 1854/410/214 1855/411/243 1803/411/262
f 1803/411/262 1856/412/244 1805/412/244
f 1803/411/262 1855/411/243 1856/412/244
f 1805/412/244 1857/413/245 1807/413/263
f 1805/412/244 1856/412/244 1857/413/245
f 1807/413/263 1765/414/246 1749/414/264
f 1807/413/263 1857/413/245 1765/414/246
f 1781/443/280 1859/444/186 1858/444/186
f 1781/443/280 1782/443/280 1859/444/186
f 1858/444/186 1861/445/187 1860/445/187
f 1858/444/186 1859/444/186 1861/445/187
f 1860/445/187 1863/446/243 1862/446/243
f 1860/445/187 1861/445/187 1863/446/243
f 1863/446/243 1864/447/244 1862/446/243
f 1863/446/243 1865/447/244 1864/447/244
f 1865/447/244 1866/448/245 1864/447/244
f 1865/447/244 1867/448/245 1866/448/245
f 1867/448/245 1778/449/246 1866/448/245
f 1867/448/245 1779/449/246 1778/449/246
f 1784/450/209 1869/451/242 1868/451/242
f 1784/450/209 1785/450/209 1869/451/242
f 1868/451/242 1871/452/281 1870/452/281
f 1868/451/242 1869/451/242 1871/452/281
f 1870/452/281 1873/453/282 1872/453/282
f 1870/452/281 1871/452/281 1873/453/282
f 1872/453/282 1875/454/283 1874/454/283
f 1872/453/282 1873/453/282 1875/454/283
f 1874/454/283 1877/455/248 1876/455/248
f 1874/454/283 1875/454/283 1877/455/248
f 1876/455/248 1783/456/284 1780/456/284
f 1876/455/248 1877/455/248 1783/456/284
f 1761/415/219 1878/416/221 1787/415/219
f 1761/415/219 1808/416/221 1878/416/221
f 1808/416/221 1879/417/250 1878/416/221
f 1808/416/221 1810/417/223 1879/417/250
f 1810/417/223 1880/418/240 1879/417/250
f 1810/417/223 1812/418/265 1880/418/240
f 1812/418/265 1881/419/239 1880/418/240
f 1812/418/265 1814/419/239 1881/419/239
f 1814/419/239 1882/420/238 1881/419/239
f 1814/419/239 1816/420/266 1882/420/238
f 1816/420/266 1764/421/237 1882/420/238
f 1816/420/266 1748/421/267 1764/421/237
f 1760/422/268 1883/423/285 1819/423/269
f 1760/422/268 1786/422/270 1883/423/285
f 1819/423/269 1884/424/286 1821/424/271
f 1819/423/269 1883/423/285 1884/424/286
f 1821/424/271 1885/425/272 1823/425/272
f 1821/424/271 1884/424/286 1885/425/272
f 1885/425/272 1825/426/273 1823/425/272
f 1885/425/272 1886/426/287 1825/426/273
f 1886/426/287 1827/427/430 1825/426/273
f 1886/426/287 1887/427/434 1827/427/430
f 1767/428/435 1827/427/430 1887/427/434
f 1767/428/435 1753/428/431 1827/427/430
f 1878/416/7 1324/457/7 1787/415/7
f 1882/458/7 1764/421/7 1324/457/7
f 1324/457/7 1881/419/7 1882/458/7
f 1324/457/7 1880/418/7 1881/419/7
f 1324/457/7 1879/417/8 1880/418/7
f 1324/457/7 1878/416/7 1879/417/8
f 1857/413/7 1325/459/7 1765/414/7
f 1856/412/7 1325/459/7 1857/413/7
f 1855/411/7 1325/459/7 1856/412/7
f 1854/410/7 1325/459/7 1855/411/7
f 1853/409/8 1325/459/7 1854/410/7
f 1853/409/8 1776/408/7 1325/459/7
f 1326/460/7 1852/461/7 1766/407/7
f 1326/460/7 1851/405/7 1852/461/7
f 1326/460/7 1850/404/7 1851/405/7
f 1326/460/7 1849/403/7 1850/404/7
f 1326/460/7 1848/402/8 1849/403/7
f 1326/460/7 1777/401/7 1848/402/8
f 1883/423/7 1786/422/7 1327/465/7
f 1884/464/7 1883/423/7 1327/465/7
f 1885/425/7 1884/464/7 1327/465/7
f 1886/463/7 1885/425/7 1327/465/7
f 1887/462/7 1886/463/7 1327/465/7
f 1327/465/7 1767/428/7 1887/462/7
f 1837/434/7 1146/469/7 1769/435/7
f 1835/466/7 1146/469/7 1837/434/7
f 1833/467/7 1146/469/7 1835/466/7
f 1831/431/7 1146/469/7 1833/467/7
f 1829/430/8 1146/469/7 1831/431/7
f 1829/430/8 1772/468/7 1146/469/7
f 1147/472/7 1839/437/7 1775/436/7
f 1147/472/7 1841/438/7 1839/437/7
f 1147/472/7 1843/471/7 1841/438/7
f 1147/472/7 1845/440/7 1843/471/7
f 1147/472/7 1847/441/8 1845/440/7
f 1147/472/7 1773/470/7 1847/441/8
f 1859/444/7 1782/477/8 1148/478/8
f 1861/476/8 1859/444/7 1148/478/8
f 1863/475/7 1861/476/8 1148/478/8
f 1865/474/7 1863/475/7 1148/478/8
f 1867/473/7 1865/474/7 1148/478/8
f 1148/478/8 1779/449/7 1867/473/7
f 1869/451/7 1785/450/7 1145/482/8
f 1145/482/8 1871/452/7 1869/451/7
f 1145/482/8 1873/481/7 1871/452/7
f 1145/482/8 1875/454/7 1873/481/7
f 1145/482/8 1877/480/7 1875/454/7
f 1145/482/8 1783/479/8 1877/480/7
f 1751/421/237 1749/414/264 1748/421/267
f 1751/421/237 1750/414/246 1749/414/264
f 1752/407/429 1754/428/277 1753/428/431
f 1752/407/429 1755/407/260 1754/428/277
f 1756/408/211 1758/401/253 1757/401/253
f 1756/408/211 1759/408/211 1758/401/253
f 1763/422/270 1761/415/219 1760/422/268
f 1763/422/270 1762/415/219 1761/415/219
f 1748/421/267 1765/414/246 1764/421/237
f 1748/421/267 1749/414/264 1765/414/246
f 1766/407/433 1753/428/431 1767/428/435
f 1766/407/433 1752/407/429 1753/428/431
f 1768/435/233 1151/65/13 1322/65/13
f 1768/435/233 1769/435/233 1151/65/13
f 1773/442/178 1771/429/234 1770/442/178
f 1773/442/178 1772/429/234 1771/429/234
f 1152/68/11 1774/436/237 1323/68/11
f 1152/68/11 1775/436/237 1774/436/237
f 1776/408/211 1757/401/253 1777/401/253
f 1776/408/211 1756/408/211 1757/401/253
f 1779/449/246 1320/67/11 1778/449/246
f 1779/449/246 1149/67/11 1320/67/11
f 1780/456/284 1782/443/280 1781/443/280
f 1780/456/284 1783/456/284 1782/443/280
f 1321/66/13 1785/450/209 1784/450/209
f 1321/66/13 1150/66/13 1785/450/209
f 1760/422/268 1787/415/219 1786/422/270
f 1760/422/268 1761/415/219 1787/415/219
f 1069/485/7 1148/483/8 1067/484/7
f 1069/485/7 1779/449/7 1148/483/8
f 1069/485/7 1149/67/7 1779/449/7
f 1069/485/7 1152/68/7 1149/67/7
f 1069/485/7 1775/436/7 1152/68/7
f 1069/485/7 1147/472/7 1775/436/7
f 1764/421/7 1321/66/7 1324/457/7
f 1764/421/7 1322/65/7 1321/66/7
f 1765/414/7 1322/65/7 1764/421/7
f 1765/414/7 1325/459/7 1322/65/7
f 1323/68/7 1327/465/7 1320/67/7
f 1323/68/7 1767/428/7 1327/465/7
f 1323/68/7 1766/486/7 1767/428/7
f 1323/68/7 1326/460/7 1766/486/7
f 1325/459/7 1768/435/7 1322/65/7
f 1774/436/7 1326/460/7 1323/68/7
f 1774/436/7 1777/401/7 1326/460/7
f 1774/436/7 1776/408/7 1777/401/7
f 1774/436/7 1325/459/7 1776/408/7
f 1774/436/7 1768/435/7 1325/459/7
f 1774/436/7 1836/496/7 1768/435/7
f 1838/487/7 1836/496/7 1774/436/7
f 1838/487/7 1834/495/7 1836/496/7
f 1840/488/7 1834/495/7 1838/487/7
f 1840/488/7 1832/494/7 1834/495/7
f 1842/489/7 1832/494/7 1840/488/7
f 1842/489/7 1830/493/7 1832/494/7
f 1844/490/7 1830/493/7 1842/489/7
f 1844/490/7 1828/492/8 1830/493/7
f 1846/491/8 1828/492/8 1844/490/7
f 1846/491/8 1771/429/7 1828/492/8
f 1846/491/8 1770/442/7 1771/429/7
f 1858/502/7 1780/456/7 1781/443/7
f 1858/502/7 1876/501/7 1780/456/7
f 1860/503/8 1876/501/7 1858/502/7
f 1860/503/8 1874/500/7 1876/501/7
f 1862/504/7 1874/500/7 1860/503/8
f 1862/504/7 1872/499/7 1874/500/7
f 1864/505/7 1872/499/7 1862/504/7
f 1864/505/7 1870/498/7 1872/499/7
f 1866/506/7 1870/498/7 1864/505/7
f 1866/506/7 1868/497/7 1870/498/7
f 1778/449/7 1868/497/7 1866/506/7
f 1778/449/7 1784/450/7 1868/497/7
f 1320/67/7 1784/450/7 1778/449/7
f 1324/457/7 1321/66/7 1784/450/7
f 1787/415/7 1324/457/7 1784/450/7
f 1786/422/7 1787/415/7 1784/450/7
f 1327/465/7 1786/422/7 1784/450/7
f 1784/450/7 1320/67/7 1327/465/7
f 1890/507/436 1937/508/291 1936/508/291
f 1890/507/436 1891/507/290 1937/508/291
f 1936/508/291 1939/509/293 1938/509/293
f 1936/508/291 1937/508/291 1939/509/293
f 1938/509/293 1941/510/294 1940/510/294
f 1938/509/293 1939/509/293 1941/510/294
f 1941/510/294 1942/511/295 1940/510/294
f 1941/510/294 1943/511/295 1942/511/295
f 1943/511/295 1944/512/296 1942/511/295
f 1943/511/295 1945/512/296 1944/512/296
f 1945/512/296 1888/513/298 1944/512/296
f 1945/512/296 1889/513/297 1888/513/298
f 1894/514/301 1947/515/300 1946/515/300
f 1894/514/301 1895/514/299 1947/515/300
f 1946/515/300 1949/516/302 1948/516/302
f 1946/515/300 1947/515/300 1949/516/302
f 1948/516/302 1951/517/303 1950/517/303
f 1948/516/302 1949/516/302 1951/517/303
f 1950/517/303 1953/518/304 1952/518/304
f 1950/517/303 1951/517/303 1953/518/304
f 1952/518/304 1955/519/305 1954/519/305
f 1952/518/304 1953/518/304 1955/519/305
f 1954/519/305 1893/520/306 1892/520/437
f 1954/519/305 1955/519/305 1893/520/306
f 1899/521/308 1956/522/106 1898/521/438
f 1899/521/308 1957/522/106 1956/522/106
f 1957/522/106 1958/523/310 1956/522/106
f 1957/522/106 1959/523/310 1958/523/310
f 1959/523/310 1960/524/311 1958/523/310
f 1959/523/310 1961/524/311 1960/524/311
f 1960/524/311 1963/525/312 1962/525/312
f 1960/524/311 1961/524/311 1963/525/312
f 1962/525/312 1965/526/110 1964/526/110
f 1962/525/312 1963/525/312 1965/526/110
f 1964/526/110 1897/527/313 1896/527/313
f 1964/526/110 1965/526/110 1897/527/313
f 1903/528/314 1966/529/315 1902/528/314
f 1903/528/314 1967/529/315 1966/529/315
f 1967/529/315 1968/530/316 1966/529/315
f 1967/529/315 1969/530/316 1968/530/316
f 1969/530/316 1970/531/317 1968/530/316
f 1969/530/316 1971/531/317 1970/531/317
f 1971/531/317 1972/532/318 1970/531/317
f 1971/531/317 1973/532/318 1972/532/318
f 1973/532/318 1974/533/195 1972/532/318
f 1973/532/318 1975/533/195 1974/533/195
f 1975/533/195 1900/534/439 1974/533/195
f 1975/533/195 1901/534/319 1900/534/439
f 1906/535/440 1977/536/291 1976/536/291
f 1906/535/440 1907/535/290 1977/536/291
f 1976/536/291 1979/537/322 1978/537/322
f 1976/536/291 1977/536/291 1979/537/322
f 1978/537/322 1981/538/323 1980/538/323
f 1978/537/322 1979/537/322 1981/538/323
f 1981/538/323 1982/539/324 1980/538/323
f 1981/538/323 1983/539/324 1982/539/324
f 1983/539/324 1984/540/325 1982/539/324
f 1983/539/324 1985/540/325 1984/540/325
f 1985/540/325 1904/541/441 1984/540/325
f 1985/540/325 1905/541/326 1904/541/441
f 1910/542/330 1987/543/329 1986/543/329
f 1910/542/330 1911/542/328 1987/543/329
f 1986/543/329 1989/544/331 1988/544/331
f 1986/543/329 1987/543/329 1989/544/331
f 1988/544/331 1991/545/332 1990/545/332
f 1988/544/331 1989/544/331 1991/545/332
f 1990/545/332 1993/546/333 1992/546/333
f 1990/545/332 1991/545/332 1993/546/333
f 1992/546/333 1995/547/334 1994/547/334
f 1992/546/333 1993/546/333 1995/547/334
f 1994/547/334 1909/548/335 1908/548/442
f 1994/547/334 1995/547/334 1909/548/335
f 1915/549/105 1996/550/106 1914/549/443
f 1915/549/105 1997/550/106 1996/550/106
f 1997/550/106 1998/551/338 1996/550/106
f 1997/550/106 1999/551/338 1998/551/338
f 1999/551/338 2000/552/181 1998/551/338
f 1999/551/338 2001/552/181 2000/552/181
f 2000/552/181 2003/553/182 2002/553/182
f 2000/552/181 2001/552/181 2003/553/182
f 2002/553/182 2005/554/183 2004/554/183
f 2002/553/182 2003/553/182 2005/554/183
f 2004/554/183 1913/555/339 1912/555/339
f 2004/554/183 2005/554/183 1913/555/339
f 1919/556/340 2006/557/192 1918/556/340
f 1919/556/340 2007/557/192 2006/557/192
f 2007/557/192 2008/558/193 2006/557/192
f 2007/557/192 2009/558/193 2008/558/193
f 2009/558/193 2010/559/179 2008/558/193
f 2009/558/193 2011/559/179 2010/559/179
f 2011/559/179 2012/560/194 2010/559/179
f 2011/559/179 2013/560/194 2012/560/194
f 2013/560/194 2014/561/195 2012/560/194
f 2013/560/194 2015/561/195 2014/561/195
f 2015/561/195 1916/562/341 2014/561/195
f 2015/561/195 1917/562/196 1916/562/341
f 1922/563/344 2017/564/343 2016/564/343
f 1922/563/344 1923/563/342 2017/564/343
f 2016/564/343 2019/565/345 2018/565/345
f 2016/564/343 2017/564/343 2019/565/345
f 2018/565/345 2021/566/332 2020/566/332
f 2018/565/345 2019/565/345 2021/566/332
f 2020/566/332 2023/567/346 2022/567/346
f 2020/566/332 2021/566/332 2023/567/346
f 2022/567/346 2025/568/347 2024/568/347
f 2022/567/346 2023/567/346 2025/568/347
f 2024/568/347 1921/569/348 1920/569/444
f 2024/568/347 2025/568/347 1921/569/348
f 1926/570/445 2027/571/235 2026/571/235
f 1926/570/445 1927/570/350 2027/571/235
f 2026/571/235 2029/572/352 2028/572/352
f 2026/571/235 2027/571/235 2029/572/352
f 2028/572/352 2031/573/353 2030/573/353
f 2028/572/352 2029/572/352 2031/573/353
f 2031/573/353 2032/574/354 2030/573/353
f 2031/573/353 2033/574/354 2032/574/354
f 2033/574/354 2034/575/355 2032/574/354
f 2033/574/354 2035/575/355 2034/575/355
f 2035/575/355 1924/576/357 2034/575/355
f 2035/575/355 1925/576/356 1924/576/357
f 1931/577/185 2036/578/186 1930/577/446
f 1931/577/185 2037/578/186 2036/578/186
f 2037/578/186 2038/579/187 2036/578/186
f 2037/578/186 2039/579/187 2038/579/187
f 2039/579/187 2040/580/181 2038/579/187
f 2039/579/187 2041/580/181 2040/580/181
f 2040/580/181 2043/581/188 2042/581/188
f 2040/580/181 2041/580/181 2043/581/188
f 2042/581/188 2045/582/189 2044/582/189
f 2042/581/188 2043/581/188 2045/582/189
f 2044/582/189 1929/583/359 1928/583/359
f 2044/582/189 2045/582/189 1929/583/359
f 1935/584/360 2046/585/131 1934/584/360
f 1935/584/360 2047/585/131 2046/585/131
f 2047/585/131 2048/586/180 2046/585/131
f 2047/585/131 2049/586/180 2048/586/180
f 2049/586/180 2050/587/179 2048/586/180
f 2049/586/180 2051/587/179 2050/587/179
f 2051/587/179 2052/588/247 2050/587/179
f 2051/587/179 2053/588/247 2052/588/247
f 2053/588/247 2054/589/248 2052/588/247
f 2053/588/247 2055/589/248 2054/589/248
f 2055/589/248 1932/590/447 2054/589/248
f 2055/589/248 1933/590/249 1932/590/447
f 1936/591/121 1218/20/120 1890/507/120
f 1944/512/120 1888/513/120 1218/20/120
f 1218/20/120 1942/511/120 1944/512/120
f 1218/20/120 1940/510/120 1942/511/120
f 1218/20/120 1938/509/120 1940/510/120
f 1218/20/120 1936/591/121 1938/509/120
f 1083/20/7 1937/591/8 1891/507/7
f 1939/509/7 1937/591/8 1083/20/7
f 1941/510/7 1939/509/7 1083/20/7
f 1943/511/7 1941/510/7 1083/20/7
f 1945/592/7 1943/511/7 1083/20/7
f 1083/20/7 1889/513/7 1945/592/7
f 1954/519/121 1892/520/120 1217/18/120
f 1952/518/120 1954/519/121 1217/18/120
f 1950/593/120 1952/518/120 1217/18/120
f 1948/516/120 1950/593/120 1217/18/120
f 1946/515/121 1948/516/120 1217/18/120
f 1217/18/120 1894/514/120 1946/515/121
f 1947/515/8 1895/514/7 1082/18/7
f 1082/18/7 1949/594/7 1947/515/8
f 1082/18/7 1951/593/7 1949/594/7
f 1082/18/7 1953/518/7 1951/593/7
f 1082/18/7 1955/519/8 1953/518/7
f 1082/18/7 1893/520/8 1955/519/8
f 1212/45/120 1964/526/120 1896/527/120
f 1212/45/120 1962/525/120 1964/526/120
f 1212/45/120 1960/524/120 1962/525/120
f 1212/45/120 1958/523/120 1960/524/120
f 1212/45/120 1956/522/120 1958/523/120
f 1212/45/120 1898/521/120 1956/522/120
f 1966/529/120 1214/47/120 1902/528/120
f 1968/530/120 1214/47/120 1966/529/120
f 1970/531/120 1214/47/120 1968/530/120
f 1972/532/120 1214/47/120 1970/531/120
f 1974/533/120 1214/47/120 1972/532/120
f 1974/533/120 1900/534/120 1214/47/120
f 1079/47/7 1967/529/7 1903/528/7
f 1079/47/7 1969/530/7 1967/529/7
f 1079/47/7 1971/531/7 1969/530/7
f 1079/47/7 1973/532/7 1971/531/7
f 1079/47/7 1975/533/7 1973/532/7
f 1079/47/7 1901/534/7 1975/533/7
f 1976/536/121 1228/23/120 1906/595/120
f 1984/598/120 1904/541/120 1228/23/120
f 1228/23/120 1982/539/120 1984/598/120
f 1228/23/120 1980/597/121 1982/539/120
f 1228/23/120 1978/596/120 1980/597/121
f 1228/23/120 1976/536/121 1978/596/120
f 1107/23/7 1977/600/8 1907/595/7
f 1979/537/7 1977/600/8 1107/23/7
f 1981/597/8 1979/537/7 1107/23/7
f 1983/539/7 1981/597/8 1107/23/7
f 1985/599/7 1983/539/7 1107/23/7
f 1107/23/7 1905/541/8 1985/599/7
f 1994/603/121 1908/548/120 1229/48/120
f 1992/546/120 1994/603/121 1229/48/120
f 1990/602/121 1992/546/120 1229/48/120
f 1988/544/120 1990/602/121 1229/48/120
f 1986/543/120 1988/544/120 1229/48/120
f 1229/48/120 1910/601/120 1986/543/120
f 1987/543/7 1911/601/7 1108/48/7
f 1108/48/7 1989/544/7 1987/543/7
f 1108/48/7 1991/602/8 1989/544/7
f 1108/48/7 1993/604/7 1991/602/8
f 1108/48/7 1995/547/8 1993/604/7
f 1108/48/7 1909/548/7 1995/547/8
f 1224/49/120 2004/554/120 1912/555/120
f 1224/49/120 2002/553/120 2004/554/120
f 1224/49/120 2000/552/120 2002/553/120
f 1224/49/120 1998/551/120 2000/552/120
f 1224/49/120 1996/550/120 1998/551/120
f 1224/49/120 1914/549/120 1996/550/120
f 2005/554/7 1103/49/7 1913/555/7
f 2003/553/7 1103/49/7 2005/554/7
f 2001/552/7 1103/49/7 2003/553/7
f 1999/551/7 1103/49/7 2001/552/7
f 1997/550/7 1103/49/7 1999/551/7
f 1997/550/7 1915/549/7 1103/49/7
f 2006/557/120 1226/51/120 1918/606/120
f 2008/558/120 1226/51/120 2006/557/120
f 2010/559/120 1226/51/120 2008/558/120
f 2012/607/120 1226/51/120 2010/559/120
f 2014/608/120 1226/51/120 2012/607/120
f 2014/608/120 1916/605/120 1226/51/120
f 1105/51/7 2007/557/7 1919/606/7
f 1105/51/7 2009/558/7 2007/557/7
f 1105/51/7 2011/559/7 2009/558/7
f 1105/51/7 2013/607/7 2011/559/7
f 1105/51/7 2015/609/7 2013/607/7
f 1105/51/7 1917/605/7 2015/609/7
f 2024/568/120 1920/569/120 1236/24/120
f 2022/614/121 2024/568/120 1236/24/120
f 2020/613/121 2022/614/121 1236/24/120
f 2018/612/121 2020/613/121 1236/24/120
f 2016/611/120 2018/612/121 1236/24/120
f 1236/24/120 1922/610/120 2016/611/120
f 2017/611/7 1923/610/7 1129/24/7
f 1129/24/7 2019/616/8 2017/611/7
f 1129/24/7 2021/613/7 2019/616/8
f 1129/24/7 2023/615/8 2021/613/7
f 1129/24/7 2025/568/7 2023/615/8
f 1129/24/7 1921/569/7 2025/568/7
f 2026/618/120 1238/26/120 1926/617/120
f 2034/620/120 1924/576/120 1238/26/120
f 1238/26/120 2032/574/120 2034/620/120
f 1238/26/120 2030/573/120 2032/574/120
f 1238/26/120 2028/619/121 2030/573/120
f 1238/26/120 2026/618/120 2028/619/121
f 1131/26/7 2027/618/7 1927/617/7
f 2029/622/8 2027/618/7 1131/26/7
f 2031/573/7 2029/622/8 1131/26/7
f 2033/621/7 2031/573/7 1131/26/7
f 2035/620/7 2033/621/7 1131/26/7
f 1131/26/7 1925/576/7 2035/620/7
f 1241/52/120 2044/626/120 1928/583/120
f 1241/52/120 2042/625/120 2044/626/120
f 1241/52/120 2040/580/120 2042/625/120
f 1241/52/120 2038/624/121 2040/580/120
f 1241/52/120 2036/578/120 2038/624/121
f 1241/52/120 1930/623/120 2036/578/120
f 2045/626/7 1134/628/7 1929/583/7
f 2043/627/7 1134/628/7 2045/626/7
f 2041/580/7 1134/628/7 2043/627/7
f 2039/624/8 1134/628/7 2041/580/7
f 2037/578/7 1134/628/7 2039/624/8
f 2037/578/7 1931/623/7 1134/628/7
f 2046/631/120 1240/54/120 1934/630/120
f 2048/632/120 1240/54/120 2046/631/120
f 2050/633/120 1240/54/120 2048/632/120
f 2052/634/121 1240/54/120 2050/633/120
f 2054/635/120 1240/54/120 2052/634/121
f 2054/635/120 1932/629/120 1240/54/120
f 1133/54/7 2047/631/7 1935/630/7
f 1133/54/7 2049/632/7 2047/631/7
f 1133/54/7 2051/633/7 2049/632/7
f 1133/54/7 2053/588/8 2051/633/7
f 1133/54/7 2055/635/7 2053/588/8
f 1133/54/7 1933/629/7 2055/635/7
f 1889/513/297 1215/31/13 1888/513/298
f 1889/513/297 1080/31/13 1215/31/13
f 1219/19/448 1891/507/290 1890/507/436
f 1219/19/448 1084/19/362 1891/507/290
f 1892/520/437 1084/19/362 1219/19/448
f 1892/520/437 1893/520/306 1084/19/362
f 1213/28/11 1895/514/299 1894/514/301
f 1213/28/11 1078/28/11 1895/514/299
f 1081/46/364 1898/521/438 1216/46/449
f 1081/46/364 1899/521/308 1898/521/438
f 1901/534/319 1216/46/449 1900/534/439
f 1901/534/319 1081/46/364 1216/46/449
f 1223/30/11 1903/528/11 1902/528/11
f 1223/30/11 1088/30/11 1903/528/11
f 1905/541/326 1227/37/404 1904/541/441
f 1905/541/326 1106/37/13 1227/37/404
f 1230/22/450 1907/535/290 1906/535/440
f 1230/22/450 1109/22/366 1907/535/290
f 1908/548/442 1109/22/366 1230/22/450
f 1908/548/442 1909/548/335 1109/22/366
f 1225/34/11 1911/542/328 1910/542/330
f 1225/34/11 1104/34/11 1911/542/328
f 1913/555/13 1233/32/13 1912/555/13
f 1913/555/13 1112/32/13 1233/32/13
f 1110/50/1 1914/549/443 1231/50/418
f 1110/50/1 1915/549/105 1914/549/443
f 1917/562/196 1231/50/418 1916/562/341
f 1917/562/196 1110/50/1 1231/50/418
f 1235/36/11 1919/556/11 1918/556/11
f 1235/36/11 1114/36/11 1919/556/11
f 1920/569/444 1136/25/368 1243/25/451
f 1920/569/444 1921/569/348 1136/25/368
f 1237/40/11 1923/563/342 1922/563/344
f 1237/40/11 1130/40/11 1923/563/342
f 1925/576/356 1239/43/13 1924/576/357
f 1925/576/356 1132/43/13 1239/43/13
f 1243/25/451 1927/570/350 1926/570/445
f 1243/25/451 1136/25/368 1927/570/350
f 1929/583/13 1246/38/13 1928/583/13
f 1929/583/13 1139/38/13 1246/38/13
f 1135/53/1 1930/577/446 1242/53/423
f 1135/53/1 1931/577/185 1930/577/446
f 1933/590/249 1242/53/423 1932/590/447
f 1933/590/249 1135/53/1 1242/53/423
f 1247/42/11 1935/584/11 1934/584/11
f 1247/42/11 1140/42/11 1935/584/11
f 1075/15/7 1057/16/7 1056/3/7
f 1082/18/7 1076/17/7 1057/16/7
f 1893/520/8 1082/18/7 1057/16/7
f 1084/19/7 1893/520/8 1057/16/7
f 1891/507/7 1084/19/7 1057/16/7
f 1083/20/7 1891/507/7 1057/16/7
f 1108/21/7 1083/20/7 1057/16/7
f 1909/636/7 1108/21/7 1057/16/7
f 1109/22/7 1909/636/7 1057/16/7
f 1907/535/7 1109/22/7 1057/16/7
f 1107/23/7 1907/535/7 1057/16/7
f 1129/24/7 1107/23/7 1057/16/7
f 1921/569/7 1129/24/7 1057/16/7
f 1136/25/8 1921/569/7 1057/16/7
f 1927/570/7 1136/25/8 1057/16/7
f 1075/15/7 1927/570/7 1057/16/7
f 1075/15/7 1131/26/7 1927/570/7
f 1930/577/446 1278/53/423 1242/53/423
f 1930/577/446 1277/52/422 1278/53/423
f 1930/577/446 1241/52/452 1277/52/422
f 1932/590/447 1276/54/424 1240/54/453
f 1932/590/447 1278/53/423 1276/54/424
f 1932/590/447 1242/53/423 1278/53/423
f 1924/576/357 1274/26/13 1238/26/13
f 1924/576/357 1275/43/13 1274/26/13
f 1924/576/357 1239/43/13 1275/43/13
f 1240/54/13 1247/42/13 1934/584/360
f 1240/54/13 1283/42/13 1247/42/13
f 1240/54/13 1276/54/13 1283/42/13
f 1273/40/11 1236/24/11 1272/24/11
f 1273/40/11 1922/563/344 1236/24/11
f 1273/40/11 1237/40/11 1922/563/344
f 1246/38/11 1241/52/11 1928/583/359
f 1277/52/11 1246/38/11 1282/38/11
f 1277/52/11 1241/52/11 1246/38/11
f 1265/48/416 1230/22/450 1266/22/414
f 1265/48/416 1908/548/442 1230/22/450
f 1265/48/416 1229/48/454 1908/548/442
f 1266/22/414 1228/23/455 1264/23/413
f 1266/22/414 1906/535/440 1228/23/455
f 1266/22/414 1230/22/450 1906/535/440
f 1261/34/11 1229/48/11 1265/48/11
f 1261/34/11 1910/542/330 1229/48/11
f 1261/34/11 1225/34/11 1910/542/330
f 1233/32/11 1224/49/11 1912/555/339
f 1260/49/11 1233/32/11 1269/32/11
f 1260/49/11 1224/49/11 1233/32/11
f 1914/549/443 1267/50/418 1231/50/418
f 1914/549/443 1260/49/417 1267/50/418
f 1914/549/443 1224/49/456 1260/49/417
f 1916/562/341 1262/51/1 1226/51/1
f 1916/562/341 1267/50/418 1262/51/1
f 1916/562/341 1231/50/418 1267/50/418
f 1904/541/441 1264/23/415 1228/23/457
f 1904/541/441 1263/37/404 1264/23/415
f 1904/541/441 1227/37/404 1263/37/404
f 1226/51/13 1235/36/13 1918/556/340
f 1226/51/13 1271/36/13 1235/36/13
f 1226/51/13 1262/51/13 1271/36/13
f 1279/25/419 1238/26/458 1274/26/421
f 1279/25/419 1926/570/445 1238/26/458
f 1279/25/419 1243/25/451 1926/570/445
f 1272/24/420 1243/25/451 1279/25/419
f 1272/24/420 1920/569/444 1243/25/451
f 1272/24/420 1236/24/459 1920/569/444
f 1255/19/406 1218/20/460 1254/20/405
f 1255/19/406 1890/507/436 1218/20/460
f 1255/19/406 1219/19/448 1890/507/436
f 1888/513/298 1254/20/13 1218/20/13
f 1888/513/298 1251/31/13 1254/20/13
f 1888/513/298 1215/31/13 1251/31/13
f 1214/47/13 1223/30/13 1902/528/314
f 1214/47/13 1259/30/13 1223/30/13
f 1214/47/13 1250/47/13 1259/30/13
f 1900/534/439 1250/47/412 1214/47/461
f 1900/534/439 1252/46/410 1250/47/412
f 1900/534/439 1216/46/449 1252/46/410
f 1216/46/449 1248/45/409 1252/46/410
f 1898/521/438 1248/45/409 1216/46/449
f 1898/521/438 1212/45/462 1248/45/409
f 1222/44/425 1212/45/463 1896/527/313
f 1248/45/411 1222/44/425 1258/44/408
f 1248/45/411 1212/45/463 1222/44/425
f 1249/28/11 1217/18/11 1253/18/11
f 1249/28/11 1894/514/301 1217/18/11
f 1249/28/11 1213/28/11 1894/514/301
f 1253/18/407 1219/19/448 1255/19/406
f 1253/18/407 1892/520/437 1219/19/448
f 1253/18/407 1217/18/464 1892/520/437
f 1082/18/7 1068/159/7 1076/17/7
f 1895/514/7 1068/159/7 1082/18/7
f 1072/154/7 1068/159/7 1895/514/7
f 1363/111/7 1072/154/7 1895/514/7
f 1362/98/8 1363/111/7 1895/514/7
f 1074/148/426 1362/98/8 1895/514/7
f 1895/514/7 1078/28/465 1074/148/426
f 1505/229/7 1080/31/7 1090/260/8
f 1505/229/7 1086/29/7 1080/31/7
f 1094/56/8 1086/29/7 1505/229/7
f 1903/528/7 1088/30/8 1086/29/7
f 1094/56/8 1903/528/7 1086/29/7
f 1095/55/7 1903/528/7 1094/56/8
f 1095/55/7 1079/47/7 1903/528/7
f 1489/214/8 1079/47/7 1095/55/7
f 1489/214/8 1089/248/8 1079/47/7
f 1108/48/7 1889/513/7 1083/20/7
f 1911/542/7 1889/513/7 1108/48/7
f 1911/542/7 1080/31/7 1889/513/7
f 1090/260/8 1080/31/7 1911/542/7
f 1503/235/8 1090/260/8 1911/542/7
f 1502/222/8 1503/235/8 1911/542/7
f 1091/256/8 1502/222/8 1911/542/7
f 1911/542/7 1104/34/7 1091/256/8
f 1111/33/7 1091/256/8 1104/34/7
f 1111/33/7 1499/228/8 1091/256/8
f 1111/33/7 1093/57/8 1499/228/8
f 1913/555/7 1093/57/8 1111/33/7
f 1913/555/7 1096/638/7 1093/57/8
f 1103/49/7 1096/638/7 1913/555/7
f 1103/49/7 1495/637/7 1096/638/7
f 1103/49/7 1092/251/7 1495/637/7
f 1111/33/7 1112/32/9 1913/555/7
f 1645/336/7 1106/37/7 1116/374/7
f 1645/336/7 1113/35/7 1106/37/7
f 1120/60/7 1113/35/7 1645/336/7
f 1919/556/7 1114/36/9 1113/35/7
f 1120/60/7 1919/556/7 1113/35/7
f 1122/59/7 1919/556/7 1120/60/7
f 1122/59/7 1105/51/7 1919/556/7
f 1629/321/7 1105/51/7 1122/59/7
f 1629/321/7 1115/361/8 1105/51/7
f 1129/24/7 1905/541/8 1107/23/7
f 1923/563/7 1905/541/8 1129/24/7
f 1923/563/7 1106/37/7 1905/541/8
f 1116/374/7 1106/37/7 1923/563/7
f 1643/342/7 1116/374/7 1923/563/7
f 1642/329/7 1643/342/7 1923/563/7
f 1117/369/8 1642/329/7 1923/563/7
f 1923/563/7 1130/40/7 1117/369/8
f 1130/40/7 1639/335/7 1117/369/8
f 1137/39/8 1639/335/7 1130/40/7
f 1137/39/8 1119/61/7 1639/335/7
f 1929/583/7 1119/61/7 1137/39/8
f 1929/583/7 1121/62/7 1119/61/7
f 1134/52/7 1121/62/7 1929/583/7
f 1134/52/7 1635/322/7 1121/62/7
f 1134/52/7 1118/363/8 1635/322/7
f 1137/39/8 1139/38/9 1929/583/7
f 1075/15/7 1925/576/7 1131/26/7
f 1067/484/7 1925/576/7 1075/15/7
f 1145/482/8 1132/43/7 1925/576/7
f 1782/639/8 1145/482/8 1925/576/7
f 1782/639/8 1783/479/8 1145/482/8
f 1148/478/8 1782/639/8 1925/576/7
f 1925/576/7 1067/484/7 1148/478/8
f 1785/450/7 1132/43/7 1145/482/8
f 1785/450/7 1138/41/8 1132/43/7
f 1150/66/7 1138/41/8 1785/450/7
f 1935/584/7 1140/42/9 1138/41/8
f 1150/66/7 1935/584/7 1138/41/8
f 1151/65/7 1935/584/7 1150/66/7
f 1151/65/7 1133/54/7 1935/584/7
f 1769/435/7 1133/54/7 1151/65/7
f 1769/435/7 1146/469/7 1133/54/7
f 1100/263/1 1477/180/124 1476/180/124
f 2063/263/1 1175/263/1 1477/180/124
f 2062/263/1 2063/263/1 1477/180/124
f 1477/180/124 1100/263/1 2062/263/1
f 1478/187/135 2058/264/1 1101/264/1
f 1478/187/135 2061/264/1 2058/264/1
f 1478/187/135 1176/264/1 2061/264/1
f 1478/187/135 1479/187/138 1176/264/1
f 2060/265/203 1102/265/203 2059/265/203
f 2060/265/203 1480/194/146 1102/265/203
f 1481/194/146 2060/265/203 1177/265/385
f 1481/194/146 1480/194/146 2060/265/203
f 1483/201/153 1098/266/205 1482/201/153
f 2056/266/205 1098/266/205 1483/201/153
f 2057/266/205 2056/266/205 1483/201/153
f 1483/201/153 1173/266/205 2057/266/205
f 1124/377/1 1617/287/124 1616/287/124
f 2071/377/1 1191/377/1 1617/287/124
f 2070/377/1 2071/377/1 1617/287/124
f 1617/287/124 1124/377/1 2070/377/1
f 1618/294/211 2066/378/1 1127/378/1
f 1618/294/211 2069/378/1 2066/378/1
f 1618/294/211 1194/378/1 2069/378/1
f 1618/294/211 1619/294/211 1194/378/1
f 2068/379/205 1128/379/205 2067/379/205
f 2068/379/205 1620/301/219 1128/379/205
f 1621/301/219 2068/379/205 1195/379/205
f 1621/301/219 1620/301/219 2068/379/205
f 1623/308/153 1126/380/205 1622/308/153
f 2064/380/205 1126/380/205 1623/308/153
f 2065/380/205 2064/380/205 1623/308/153
f 1623/308/153 1193/380/205 2065/380/205
f 1353/83/7 1071/142/7 1352/642/7
f 1353/83/7 1070/158/7 1071/142/7
f 1353/83/7 1058/641/467 1070/158/7
f 2073/640/468 1073/144/426 1077/45/466
f 2073/640/468 1353/83/7 1073/144/426
f 2073/640/468 1058/641/467 1353/83/7
f 2074/643/468 1092/251/7 1103/49/7
f 2074/643/468 1493/221/7 1092/251/7
f 2074/643/468 1492/208/8 1493/221/7
f 2074/643/468 1089/248/8 1492/208/8
f 2074/643/468 1079/47/7 1089/248/8
f 2074/643/468 2072/644/469 1079/47/7
f 2076/645/468 1118/647/8 1134/628/7
f 2076/645/468 1633/328/7 1118/647/8
f 2076/645/468 1632/315/7 1633/328/7
f 2076/645/468 1115/361/8 1632/315/7
f 2076/645/468 1105/51/7 1115/361/8
f 2076/645/468 2075/646/468 1105/51/7
f 1055/648/467 1147/472/7 1069/485/7
f 1055/648/467 1773/442/7 1147/472/7
f 1055/648/467 1772/429/7 1773/442/7
f 1055/648/467 1146/469/7 1772/429/7
f 1055/648/467 1133/54/7 1146/469/7
f 1055/648/467 2077/649/470 1133/54/7
f 1066/14/401 1055/648/467 1065/13/401
f 1066/14/401 2077/656/470 1055/648/467
f 1066/14/401 2076/655/468 2077/656/470
f 1066/14/401 2075/654/468 2076/655/468
f 1066/14/401 2074/653/468 2075/654/468
f 1066/14/401 2072/652/469 2074/653/468
f 1066/14/401 2073/651/468 2072/652/469
f 1066/14/401 1058/650/467 2073/651/468
f 1965/526/7 2078/657/471 1897/527/472
f 1963/525/7 2078/657/471 1965/526/7
f 1963/525/7 1077/45/466 2078/657/471
f 1961/524/7 1077/45/466 1963/525/7
f 1959/523/7 1077/45/466 1961/524/7
f 1957/522/7 1077/45/466 1959/523/7
f 1957/522/7 1899/521/7 1077/45/466
f 1144/156/11 1312/155/11 1315/156/11
f 2082/658/11 1312/155/11 1144/156/11
f 2080/659/11 1312/155/11 2082/658/11
f 2079/660/11 1312/155/11 2080/659/11
f 2079/660/11 1141/155/11 1312/155/11
f 1222/44/425 1085/27/403 1220/27/402
f 1222/44/425 2083/662/473 1085/27/403
f 1222/44/425 2081/661/473 2083/662/473
f 1222/44/425 1087/44/474 2081/661/473
f 1078/28/465 1359/145/427 1074/148/426
f 1085/27/476 1359/145/427 1078/28/465
f 1085/27/476 1144/156/476 1359/145/427
f 2083/662/476 1144/156/476 1085/27/476
f 2083/662/476 2082/658/476 1144/156/476
f 2083/662/476 2080/659/476 2082/658/476
f 2081/661/476 2080/659/476 2083/662/476
f 2081/661/476 2079/660/476 2080/659/476
f 1897/527/472 2079/660/476 2081/661/476
f 1897/527/472 1141/155/476 2079/660/476
f 2078/657/471 1141/155/476 1897/527/472
f 2078/657/471 1355/77/427 1141/155/476
f 1077/45/466 1355/77/427 2078/657/471
f 1077/45/466 1073/144/426 1355/77/427
f 1087/44/475 1897/527/472 2081/661/476
f 1087/44/475 1896/527/475 1897/527/472
f 1087/44/475 1222/44/475 1896/527/475
f 1043/69/11 2084/69/11 1034/69/11
f 1043/69/11 2085/69/11 2084/69/11
f 1043/69/11 2086/69/11 2085/69/11
f 1043/69/11 2087/69/11 2086/69/11
f 1043/69/11 2088/69/11 2087/69/11
f 1043/69/11 2089/69/11 2088/69/11
f 1043/69/11 2090/69/11 2089/69/11
f 1043/69/11 2091/69/395 2090/69/11
f 2093/69/479 1044/69/396 2092/69/480
f 2093/69/479 1054/69/396 1044/69/396
f 2094/69/479 1054/69/396 2093/69/479
f 2095/69/479 1054/69/396 2094/69/479
f 2096/69/479 1054/69/396 2095/69/479
f 2097/69/478 1054/69/396 2096/69/479
f 2098/69/479 1054/69/396 2097/69/478
f 2099/69/478 1054/69/396 2098/69/479
f 2099/69/478 2100/69/477 1054/69/396
g obj5
s 1
f 2117/669/481 2110/664/481 2101/663/481
f 2117/669/481 2103/665/481 2110/664/481
f 2103/665/481 2102/667/481 2111/666/481
f 2103/665/481 2116/668/481 2102/667/481
f 2103/665/481 2117/669/481 2116/668/481
f 2118/671/481 2112/673/481 2104/672/481
f 2118/671/481 2106/674/481 2112/673/481
f 2118/671/481 2113/675/481 2106/674/481
f 2118/671/481 2105/676/481 2113/675/481
f 2118/671/481 2119/670/481 2105/676/481
f 2120/678/481 2114/680/481 2108/679/481
f 2120/678/481 2109/681/482 2114/680/481
f 2120/678/481 2115/682/481 2109/681/482
f 2120/678/481 2107/683/481 2115/682/481
f 2120/678/481 2121/677/481 2107/683/481
f 2137/668/483 2132/666/483 2123/667/483
f 2137/668/483 2124/665/483 2132/666/483
f 2124/665/483 2122/663/483 2131/664/483
f 2124/665/483 2138/669/483 2122/663/483
f 2124/665/483 2137/668/483 2138/669/483
f 2140/670/483 2134/675/483 2126/676/483
f 2140/670/483 2127/674/483 2134/675/483
f 2140/670/483 2133/673/483 2127/674/483
f 2140/670/483 2125/672/483 2133/673/483
f 2140/670/483 2139/671/483 2125/672/483
f 2142/677/483 2136/682/483 2128/683/483
f 2142/677/483 2130/681/483 2136/682/483
f 2142/677/483 2135/680/483 2130/681/483
f 2142/677/483 2129/679/483 2135/680/483
f 2142/677/483 2141/678/483 2129/679/483
g obj6
s 1
f 2145/684/484 2183/685/485 2143/685/484
f 2145/684/484 2185/684/485 2183/685/485
f 2149/686/486 2191/687/485 2151/687/486
f 2149/686/486 2189/686/485 2191/687/485
f 2224/689/488 2207/691/487 2223/690/488
f 2224/689/488 2208/688/487 2207/691/487
f 2226/692/489 2223/690/488 2225/693/489
f 2226/692/489 2224/689/488 2223/690/488
f 2195/694/490 2225/693/489 2196/695/491
f 2195/694/490 2226/692/489 2225/693/489
f 2209/688/492 2228/690/493 2210/691/492
f 2209/688/492 2227/689/493 2228/690/493
f 2227/689/493 2230/693/494 2228/690/493
f 2227/689/493 2229/692/494 2230/693/494
f 2229/692/494 2205/695/495 2230/693/494
f 2229/692/494 2206/694/496 2205/695/495
f 2211/699/497 2232/697/498 2212/696/497
f 2211/699/497 2231/698/498 2232/697/498
f 2231/698/498 2234/700/499 2232/697/498
f 2231/698/498 2233/701/499 2234/700/499
f 2233/701/499 2197/702/500 2234/700/499
f 2233/701/499 2198/703/500 2197/702/500
f 2236/698/502 2213/696/501 2235/697/502
f 2236/698/502 2214/699/501 2213/696/501
f 2238/701/503 2235/697/502 2237/700/503
f 2238/701/503 2236/698/502 2235/697/502
f 2203/703/504 2237/700/503 2204/702/504
f 2203/703/504 2238/701/503 2237/700/503
f 2240/705/488 2215/707/487 2239/706/488
f 2240/705/488 2216/704/487 2215/707/487
f 2242/708/489 2239/706/488 2241/709/489
f 2242/708/489 2240/705/488 2239/706/488
f 2199/710/505 2241/709/489 2200/711/490
f 2199/710/505 2242/708/489 2241/709/489
f 2217/704/492 2244/706/493 2218/707/492
f 2217/704/492 2243/705/493 2244/706/493
f 2243/705/493 2246/709/494 2244/706/493
f 2243/705/493 2245/708/494 2246/709/494
f 2245/708/494 2201/711/496 2246/709/494
f 2245/708/494 2202/710/495 2201/711/496
f 2248/706/488 2219/688/487 2247/689/488
f 2248/706/488 2220/707/487 2219/688/487
f 2250/709/489 2247/689/488 2249/692/489
f 2250/709/489 2248/706/488 2247/689/488
f 2200/711/490 2249/692/489 2195/694/490
f 2200/711/490 2250/709/489 2249/692/489
f 2221/707/492 2252/689/493 2222/688/492
f 2221/707/492 2251/706/493 2252/689/493
f 2251/706/493 2254/692/494 2252/689/493
f 2251/706/493 2253/709/494 2254/692/494
f 2253/709/494 2206/694/496 2254/692/494
f 2253/709/494 2201/711/496 2206/694/496
f 2224/689/507 2219/688/506 2208/688/506
f 2224/689/507 2247/689/507 2219/688/506
f 2224/689/507 2249/713/507 2247/689/507
f 2226/712/507 2249/713/507 2224/689/507
f 2226/712/507 2195/694/506 2249/713/507
f 2223/690/509 2207/691/509 2144/691/509
f 2225/693/509 2223/690/509 2144/691/509
f 2144/691/509 2196/695/508 2225/693/509
f 2148/715/509 2234/714/509 2197/702/508
f 2148/715/509 2232/697/509 2234/714/509
f 2148/715/509 2212/696/509 2232/697/509
f 2233/717/507 2147/699/507 2198/716/510
f 2231/698/507 2147/699/507 2233/717/507
f 2231/698/507 2211/699/507 2147/699/507
f 2240/705/507 2146/704/507 2216/704/507
f 2242/708/507 2199/710/510 2146/704/507
f 2146/704/507 2240/705/507 2242/708/507
f 2248/706/507 2215/707/506 2220/707/506
f 2248/706/507 2239/706/507 2215/707/506
f 2248/706/507 2241/718/507 2239/706/507
f 2250/718/507 2241/718/507 2248/706/507
f 2250/718/507 2200/711/506 2241/718/507
f 2244/706/509 2221/707/506 2218/707/506
f 2244/706/509 2251/706/509 2221/707/506
f 2244/706/509 2253/718/509 2251/706/509
f 2246/718/509 2253/718/509 2244/706/509
f 2246/718/509 2201/711/506 2253/718/509
f 2243/705/507 2217/704/507 2158/704/507
f 2245/708/507 2243/705/507 2158/704/507
f 2158/704/507 2202/710/507 2245/708/507
f 2159/699/507 2238/701/507 2203/716/507
f 2159/699/507 2236/698/507 2238/701/507
f 2159/699/507 2214/699/507 2236/698/507
f 2237/700/509 2160/715/509 2204/702/509
f 2235/697/509 2160/715/509 2237/700/509
f 2235/697/509 2213/696/509 2160/715/509
f 2228/719/509 2156/691/509 2210/691/509
f 2230/693/509 2205/695/509 2156/691/509
f 2156/691/509 2228/719/509 2230/693/509
f 2252/689/509 2209/688/506 2222/688/506
f 2252/689/509 2227/689/509 2209/688/506
f 2252/689/509 2229/713/509 2227/689/509
f 2254/712/509 2229/713/509 2252/689/509
f 2254/712/509 2206/694/506 2229/713/509
f 2198/703/500 2196/695/491 2197/702/500
f 2198/703/500 2195/721/490 2196/695/491
f 2198/703/500 2200/720/490 2195/721/490
f 2198/703/500 2199/710/505 2200/720/490
f 2206/688/496 2204/702/504 2205/695/495
f 2206/688/496 2203/703/504 2204/702/504
f 2201/688/496 2203/703/504 2206/688/496
f 2201/688/496 2202/710/495 2203/703/504
f 2207/691/487 2209/688/492 2210/691/492
f 2207/691/487 2208/688/487 2209/688/492
f 2214/699/501 2212/696/497 2213/696/501
f 2214/699/501 2211/699/497 2212/696/497
f 2215/707/487 2217/704/492 2218/707/492
f 2215/707/487 2216/704/487 2217/704/492
f 2199/710/510 2186/704/507 2146/704/507
f 2199/710/510 2187/699/507 2186/704/507
f 2198/703/510 2187/699/507 2199/710/510
f 2198/703/510 2147/699/507 2187/699/507
f 2184/691/509 2196/695/508 2144/691/509
f 2188/715/509 2196/695/508 2184/691/509
f 2188/715/509 2197/722/508 2196/695/508
f 2188/715/509 2148/715/509 2197/722/508
f 2272/723/512 2264/684/511 2271/724/512
f 2272/723/512 2265/707/511 2264/684/511
f 2274/725/513 2271/724/512 2273/726/513
f 2274/725/513 2272/723/512 2271/724/512
f 2255/727/514 2273/726/513 2256/728/514
f 2255/727/514 2274/725/513 2273/726/513
f 2266/707/515 2276/724/516 2263/684/515
f 2266/707/515 2275/723/516 2276/724/516
f 2275/723/516 2278/726/517 2276/724/516
f 2275/723/516 2277/725/517 2278/726/517
f 2277/725/517 2261/728/518 2278/726/517
f 2277/725/517 2262/727/518 2261/728/518
f 2280/729/520 2268/685/519 2279/730/520
f 2280/729/520 2269/688/519 2268/685/519
f 2282/731/521 2279/730/520 2281/732/521
f 2282/731/521 2280/729/520 2279/730/520
f 2259/733/522 2281/732/521 2260/734/522
f 2259/733/522 2282/731/521 2281/732/521
f 2270/688/523 2284/730/524 2267/685/523
f 2270/688/523 2283/729/524 2284/730/524
f 2283/729/524 2286/732/525 2284/730/524
f 2283/729/524 2285/731/525 2286/732/525
f 2285/731/525 2257/734/526 2286/732/525
f 2285/731/525 2258/733/526 2257/734/526
f 2170/707/528 2274/735/528 2255/727/527
f 2170/707/528 2272/723/528 2274/735/528
f 2170/707/528 2265/707/528 2272/723/528
f 2273/726/485 2169/684/484 2256/728/529
f 2271/724/485 2169/684/484 2273/726/485
f 2271/724/485 2264/684/485 2169/684/484
f 2284/730/485 2167/685/484 2267/685/485
f 2286/737/485 2257/736/529 2167/685/484
f 2167/685/484 2284/730/485 2286/737/485
f 2283/729/528 2270/688/528 2168/688/528
f 2285/731/528 2283/729/528 2168/688/528
f 2168/688/528 2258/733/527 2285/731/528
f 2280/729/528 2176/688/528 2269/688/528
f 2282/731/528 2259/733/527 2176/688/528
f 2176/688/528 2280/729/528 2282/731/528
f 2279/730/485 2268/685/485 2175/685/531
f 2281/737/485 2279/730/485 2175/685/531
f 2175/685/531 2260/736/530 2281/737/485
f 2177/684/531 2278/726/485 2261/728/530
f 2177/684/531 2276/724/485 2278/726/485
f 2177/684/531 2263/684/485 2276/724/485
f 2277/735/528 2178/707/528 2262/727/527
f 2275/723/528 2178/707/528 2277/735/528
f 2275/723/528 2266/707/528 2178/707/528
f 2255/727/514 2257/734/526 2258/733/526
f 2255/727/514 2256/728/514 2257/734/526
f 2261/728/518 2259/733/522 2260/734/522
f 2261/728/518 2262/727/518 2259/733/522
f 2265/707/511 2263/684/515 2264/684/511
f 2265/707/511 2266/707/515 2263/684/515
f 2269/688/519 2267/685/523 2268/685/519
f 2269/688/519 2270/688/523 2267/685/523
f 2167/685/484 2145/684/484 2143/685/484
f 2257/734/529 2145/684/484 2167/685/484
f 2256/728/529 2145/684/484 2257/734/529
f 2256/728/529 2169/684/484 2145/684/484
f 2157/684/532 2175/685/531 2155/685/532
f 2157/684/532 2260/734/530 2175/685/531
f 2157/684/532 2261/728/530 2260/734/530
f 2157/684/532 2177/684/531 2261/728/530
f 2175/685/506 2143/685/506 2155/685/506
f 2175/685/506 2167/685/506 2143/685/506
f 2175/685/506 2267/685/506 2167/685/506
f 2175/685/506 2268/685/506 2267/685/506
f 2169/684/506 2157/684/506 2145/684/506
f 2169/684/506 2177/684/506 2157/684/506
f 2169/684/506 2263/684/506 2177/684/506
f 2169/684/506 2264/684/506 2263/684/506
f 2220/707/487 2168/688/528 2219/688/487
f 2220/707/487 2258/733/527 2168/688/528
f 2220/707/487 2255/727/527 2258/733/527
f 2220/707/487 2170/707/528 2255/727/527
f 2176/688/528 2221/707/492 2222/688/492
f 2259/733/527 2221/707/492 2176/688/528
f 2262/727/527 2221/707/492 2259/733/527
f 2262/727/527 2178/707/528 2221/707/492
f 2218/707/506 2220/707/506 2215/707/506
f 2218/707/506 2170/707/506 2220/707/506
f 2218/707/506 2265/707/506 2170/707/506
f 2218/707/506 2266/707/506 2265/707/506
f 2218/707/506 2178/707/506 2266/707/506
f 2218/707/506 2221/707/506 2178/707/506
f 2168/688/506 2208/688/506 2219/688/506
f 2168/688/506 2209/688/506 2208/688/506
f 2168/688/506 2222/688/506 2209/688/506
f 2168/688/506 2176/688/506 2222/688/506
f 2168/688/506 2269/688/506 2176/688/506
f 2168/688/506 2270/688/506 2269/688/506
f 2332/739/488 2299/741/487 2331/740/488
f 2332/739/488 2300/738/487 2299/741/487
f 2334/742/489 2331/740/488 2333/743/489
f 2334/742/489 2332/739/488 2331/740/488
f 2287/744/490 2333/743/489 2288/745/533
f 2287/744/490 2334/742/489 2333/743/489
f 2301/738/492 2336/740/493 2302/741/492
f 2301/738/492 2335/739/493 2336/740/493
f 2335/739/493 2338/743/494 2336/740/493
f 2335/739/493 2337/742/494 2338/743/494
f 2337/742/494 2297/745/495 2338/743/494
f 2337/742/494 2298/744/496 2297/745/495
f 2303/749/534 2340/747/498 2304/746/534
f 2303/749/534 2339/748/498 2340/747/498
f 2339/748/498 2342/750/499 2340/747/498
f 2339/748/498 2341/751/499 2342/750/499
f 2341/751/499 2289/752/500 2342/750/499
f 2341/751/499 2290/753/500 2289/752/500
f 2344/748/502 2305/746/535 2343/747/502
f 2344/748/502 2306/749/535 2305/746/535
f 2346/751/503 2343/747/502 2345/750/503
f 2346/751/503 2344/748/502 2343/747/502
f 2295/753/536 2345/750/503 2296/752/536
f 2295/753/536 2346/751/503 2345/750/503
f 2348/755/488 2307/757/487 2347/756/488
f 2348/755/488 2308/754/487 2307/757/487
f 2350/758/489 2347/756/488 2349/759/489
f 2350/758/489 2348/755/488 2347/756/488
f 2291/760/533 2349/759/489 2292/761/490
f 2291/760/533 2350/758/489 2349/759/489
f 2309/754/492 2352/756/493 2310/757/492
f 2309/754/492 2351/755/493 2352/756/493
f 2351/755/493 2354/759/494 2352/756/493
f 2351/755/493 2353/758/494 2354/759/494
f 2353/758/494 2293/761/496 2354/759/494
f 2353/758/494 2294/760/495 2293/761/496
f 2356/756/488 2311/763/487 2355/739/488
f 2356/756/488 2312/762/487 2311/763/487
f 2358/759/489 2355/739/488 2357/742/489
f 2358/759/489 2356/756/488 2355/739/488
f 2292/761/490 2357/742/489 2287/744/490
f 2292/761/490 2358/759/489 2357/742/489
f 2317/762/492 2360/739/493 2318/763/492
f 2317/762/492 2359/756/493 2360/739/493
f 2359/756/493 2362/742/494 2360/739/493
f 2359/756/493 2361/759/494 2362/742/494
f 2361/759/494 2298/744/496 2362/742/494
f 2361/759/494 2293/761/496 2298/744/496
f 2324/762/515 2364/764/537 2325/686/515
f 2324/762/515 2363/765/537 2364/764/537
f 2363/765/537 2366/766/538 2364/764/537
f 2363/765/537 2365/767/538 2366/766/538
f 2365/767/538 2321/768/518 2366/766/538
f 2365/767/538 2322/769/518 2321/768/518
f 2368/765/539 2326/686/511 2367/764/539
f 2368/765/539 2323/762/511 2326/686/511
f 2370/767/540 2367/764/539 2369/766/540
f 2370/767/540 2368/765/539 2367/764/539
f 2313/769/514 2369/766/540 2314/768/514
f 2313/769/514 2370/767/540 2369/766/540
f 2328/763/523 2372/770/541 2329/687/523
f 2328/763/523 2371/771/541 2372/770/541
f 2371/771/541 2374/772/542 2372/770/541
f 2371/771/541 2373/773/542 2374/772/542
f 2373/773/542 2315/774/526 2374/772/542
f 2373/773/542 2316/775/526 2315/774/526
f 2376/771/543 2330/687/519 2375/770/543
f 2376/771/543 2327/763/519 2330/687/519
f 2378/773/544 2375/770/543 2377/772/544
f 2378/773/544 2376/771/543 2375/770/543
f 2319/775/522 2377/772/544 2320/774/522
f 2319/775/522 2378/773/544 2377/772/544
f 2332/739/507 2311/763/506 2300/763/506
f 2332/739/507 2355/739/507 2311/763/506
f 2332/739/507 2357/777/507 2355/739/507
f 2334/776/507 2357/777/507 2332/739/507
f 2334/776/507 2287/744/506 2357/777/507
f 2331/779/509 2299/741/509 2152/741/509
f 2333/780/509 2331/779/509 2152/741/509
f 2152/741/509 2288/778/508 2333/780/509
f 2154/746/509 2342/750/509 2289/752/508
f 2154/746/509 2340/781/509 2342/750/509
f 2154/746/509 2304/746/509 2340/781/509
f 2341/751/507 2153/749/507 2290/782/510
f 2339/748/507 2153/749/507 2341/751/507
f 2339/748/507 2303/749/507 2153/749/507
f 2348/755/507 2150/754/507 2308/754/507
f 2350/758/507 2291/760/510 2150/754/507
f 2150/754/507 2348/755/507 2350/758/507
f 2356/784/507 2307/762/506 2312/762/506
f 2356/784/507 2347/756/507 2307/762/506
f 2356/784/507 2349/783/507 2347/756/507
f 2358/783/507 2349/783/507 2356/784/507
f 2358/783/507 2292/761/506 2349/783/507
f 2352/784/509 2317/762/506 2310/762/506
f 2352/784/509 2359/756/509 2317/762/506
f 2352/784/509 2361/783/509 2359/756/509
f 2354/783/509 2361/783/509 2352/784/509
f 2354/783/509 2293/761/506 2361/783/509
f 2351/785/507 2309/754/507 2162/754/507
f 2353/758/507 2351/785/507 2162/754/507
f 2162/754/507 2294/760/507 2353/758/507
f 2165/749/507 2346/751/507 2295/782/507
f 2165/749/507 2344/748/507 2346/751/507
f 2165/749/507 2306/749/507 2344/748/507
f 2345/750/509 2166/746/509 2296/752/509
f 2343/747/509 2166/746/509 2345/750/509
f 2343/747/509 2305/746/509 2166/746/509
f 2336/779/509 2164/741/509 2302/741/509
f 2338/786/509 2297/778/509 2164/741/509
f 2164/741/509 2336/779/509 2338/786/509
f 2360/739/545 2301/763/506 2318/763/506
f 2360/739/545 2335/739/545 2301/763/506
f 2360/739/545 2337/777/545 2335/739/545
f 2362/776/545 2337/777/545 2360/739/545
f 2362/776/545 2298/744/506 2337/777/545
f 2172/762/547 2370/787/546 2313/769/546
f 2172/762/547 2368/765/546 2370/787/546
f 2172/762/547 2323/762/546 2368/765/546
f 2369/766/551 2171/686/549 2314/768/548
f 2367/788/551 2171/686/549 2369/766/551
f 2367/788/551 2326/686/550 2171/686/549
f 2372/770/553 2173/687/555 2329/687/554
f 2374/772/553 2315/774/552 2173/687/555
f 2173/687/555 2372/770/553 2374/772/553
f 2371/789/558 2328/763/556 2174/763/557
f 2373/790/558 2371/789/558 2174/763/557
f 2174/763/557 2316/775/556 2373/790/558
f 2376/789/560 2182/763/561 2327/763/559
f 2378/790/560 2319/775/559 2182/763/561
f 2182/763/561 2376/789/560 2378/790/560
f 2375/770/565 2330/687/564 2181/687/563
f 2377/772/565 2375/770/565 2181/687/563
f 2181/687/563 2320/774/562 2377/772/565
f 2179/686/569 2366/766/567 2321/768/566
f 2179/686/569 2364/788/567 2366/766/567
f 2179/686/569 2325/686/568 2364/788/567
f 2365/767/570 2180/762/571 2322/769/570
f 2363/765/570 2180/762/571 2365/767/570
f 2363/765/570 2324/762/570 2180/762/571
f 2290/753/500 2288/745/533 2289/752/500
f 2290/753/500 2287/792/490 2288/745/533
f 2290/753/500 2292/791/490 2287/792/490
f 2290/753/500 2291/760/533 2292/791/490
f 2298/763/496 2296/752/536 2297/745/495
f 2298/763/496 2295/753/536 2296/752/536
f 2293/763/496 2295/753/536 2298/763/496
f 2293/763/496 2294/760/495 2295/753/536
f 2299/741/487 2301/738/492 2302/741/492
f 2299/741/487 2300/738/487 2301/738/492
f 2306/749/535 2304/746/534 2305/746/535
f 2306/749/535 2303/749/534 2304/746/534
f 2307/757/487 2309/754/492 2310/757/492
f 2307/757/487 2308/754/487 2309/754/492
f 2312/762/487 2174/763/557 2311/763/487
f 2312/762/487 2172/762/547 2174/763/557
f 2313/769/514 2315/774/526 2316/775/526
f 2313/769/514 2314/768/514 2315/774/526
f 2182/763/561 2317/762/492 2318/763/492
f 2182/763/561 2180/762/571 2317/762/492
f 2321/768/518 2319/775/522 2320/774/522
f 2321/768/518 2322/769/518 2319/775/522
f 2323/762/511 2325/686/515 2326/686/511
f 2323/762/511 2324/762/515 2325/686/515
f 2327/763/519 2329/687/523 2330/687/519
f 2327/763/519 2328/763/523 2329/687/523
f 2173/687/555 2149/686/486 2151/687/486
f 2315/774/552 2149/686/486 2173/687/555
f 2314/768/548 2149/686/486 2315/774/552
f 2314/768/548 2171/686/549 2149/686/486
f 2161/686/572 2181/687/563 2163/687/572
f 2161/686/572 2320/774/562 2181/687/563
f 2161/686/572 2321/768/566 2320/774/562
f 2161/686/572 2179/686/569 2321/768/566
f 2312/762/506 2323/762/506 2172/762/506
f 2312/762/506 2324/762/506 2323/762/506
f 2312/762/506 2180/762/506 2324/762/506
f 2312/762/506 2317/762/506 2180/762/506
f 2312/762/506 2310/757/506 2317/762/506
f 2312/762/506 2307/757/506 2310/757/506
f 2174/763/506 2300/738/506 2311/763/506
f 2174/763/506 2301/738/506 2300/738/506
f 2174/763/506 2318/763/506 2301/738/506
f 2174/763/506 2182/763/506 2318/763/506
f 2174/763/506 2327/763/506 2182/763/506
f 2174/763/506 2328/763/506 2327/763/506
f 2181/687/506 2151/687/506 2163/687/506
f 2181/687/506 2173/687/506 2151/687/506
f 2181/687/506 2329/687/506 2173/687/506
f 2181/687/506 2330/687/506 2329/687/506
f 2161/686/506 2325/686/506 2179/686/506
f 2161/686/506 2326/686/506 2325/686/506
f 2161/686/506 2171/686/506 2326/686/506
f 2161/686/506 2149/686/506 2171/686/506
f 2291/760/510 2190/754/507 2150/754/507
f 2291/760/510 2193/749/507 2190/754/507
f 2290/753/510 2193/749/507 2291/760/510
f 2290/753/510 2153/749/507 2193/749/507
f 2192/741/509 2288/745/508 2152/741/509
f 2194/746/509 2288/745/508 2192/741/509
f 2194/746/509 2289/752/508 2288/745/508
f 2194/746/509 2154/746/509 2289/752/508
f 2421/684/485 2379/685/531 2419/685/485
f 2421/684/485 2381/684/531 2379/685/531
f 2425/686/485 2387/687/573 2427/687/485
f 2425/686/485 2385/686/573 2387/687/573
f 2444/688/492 2459/690/493 2443/691/492
f 2444/688/492 2460/689/493 2459/690/493
f 2460/689/493 2461/693/494 2459/690/493
f 2460/689/493 2462/692/494 2461/693/494
f 2462/692/494 2432/695/495 2461/693/494
f 2462/692/494 2431/694/496 2432/695/495
f 2463/689/488 2446/691/487 2464/690/488
f 2463/689/488 2445/688/487 2446/691/487
f 2465/692/489 2464/690/488 2466/693/489
f 2465/692/489 2463/689/488 2464/690/488
f 2442/694/490 2466/693/489 2441/695/491
f 2442/694/490 2465/692/489 2466/693/489
f 2467/698/502 2448/696/501 2468/697/502
f 2467/698/502 2447/699/501 2448/696/501
f 2469/701/503 2468/697/502 2470/700/503
f 2469/701/503 2467/698/502 2468/697/502
f 2434/703/504 2470/700/503 2433/702/504
f 2434/703/504 2469/701/503 2470/700/503
f 2450/699/497 2471/697/498 2449/696/497
f 2450/699/497 2472/698/498 2471/697/498
f 2472/698/498 2473/700/499 2471/697/498
f 2472/698/498 2474/701/499 2473/700/499
f 2474/701/499 2440/702/500 2473/700/499
f 2474/701/499 2439/703/500 2440/702/500
f 2452/704/492 2475/706/493 2451/707/492
f 2452/704/492 2476/705/493 2475/706/493
f 2476/705/493 2477/709/494 2475/706/493
f 2476/705/493 2478/708/494 2477/709/494
f 2478/708/494 2436/711/496 2477/709/494
f 2478/708/494 2435/710/495 2436/711/496
f 2479/705/488 2454/707/487 2480/706/488
f 2479/705/488 2453/704/487 2454/707/487
f 2481/708/489 2480/706/488 2482/709/489
f 2481/708/489 2479/705/488 2480/706/488
f 2438/710/505 2482/709/489 2437/711/490
f 2438/710/505 2481/708/489 2482/709/489
f 2456/707/492 2483/689/493 2455/688/492
f 2456/707/492 2484/706/493 2483/689/493
f 2484/706/493 2485/692/494 2483/689/493
f 2484/706/493 2486/709/494 2485/692/494
f 2486/709/494 2431/694/496 2485/692/494
f 2486/709/494 2436/711/496 2431/694/496
f 2487/706/488 2458/688/487 2488/689/488
f 2487/706/488 2457/707/487 2458/688/487
f 2489/709/489 2488/689/488 2490/692/489
f 2489/709/489 2487/706/488 2488/689/488
f 2437/711/490 2490/692/489 2442/694/490
f 2437/711/490 2489/709/489 2490/692/489
f 2483/689/506 2444/688/506 2455/688/506
f 2483/689/506 2460/689/506 2444/688/506
f 2483/689/506 2462/712/506 2460/689/506
f 2485/713/506 2462/712/506 2483/689/506
f 2485/713/506 2431/694/506 2462/712/506
f 2459/690/509 2380/691/509 2443/691/509
f 2461/693/509 2432/695/508 2380/691/509
f 2380/691/509 2459/690/509 2461/693/509
f 2470/714/509 2384/715/509 2433/702/508
f 2468/697/509 2384/715/509 2470/714/509
f 2468/697/509 2448/696/509 2384/715/509
f 2383/699/507 2469/717/507 2434/716/510
f 2383/699/507 2467/698/507 2469/717/507
f 2383/699/507 2447/699/507 2467/698/507
f 2476/705/507 2452/704/507 2382/704/507
f 2478/708/507 2476/705/507 2382/704/507
f 2382/704/507 2435/710/510 2478/708/507
f 2475/706/506 2456/707/506 2451/707/506
f 2475/706/506 2484/706/506 2456/707/506
f 2475/706/506 2486/718/506 2484/706/506
f 2477/718/506 2486/718/506 2475/706/506
f 2477/718/506 2436/711/506 2486/718/506
f 2487/706/507 2454/707/506 2457/707/506
f 2487/706/507 2480/706/507 2454/707/506
f 2487/706/507 2482/718/507 2480/706/507
f 2489/718/507 2482/718/507 2487/706/507
f 2489/718/507 2437/711/506 2482/718/507
f 2479/705/507 2394/704/507 2453/704/507
f 2481/708/507 2438/710/507 2394/704/507
f 2394/704/507 2479/705/507 2481/708/507
f 2474/701/507 2395/699/507 2439/716/507
f 2472/698/507 2395/699/507 2474/701/507
f 2472/698/507 2450/699/507 2395/699/507
f 2396/715/509 2473/700/509 2440/702/509
f 2396/715/509 2471/697/509 2473/700/509
f 2396/715/509 2449/696/509 2471/697/509
f 2464/719/509 2446/691/509 2392/691/509
f 2466/693/509 2464/719/509 2392/691/509
f 2392/691/509 2441/695/509 2466/693/509
f 2463/689/507 2458/688/506 2445/688/506
f 2463/689/507 2488/689/507 2458/688/506
f 2463/689/507 2490/712/507 2488/689/507
f 2465/713/507 2490/712/507 2463/689/507
f 2465/713/507 2442/694/506 2490/712/507
f 2431/721/496 2433/702/504 2432/695/495
f 2431/721/496 2434/703/504 2433/702/504
f 2436/720/496 2434/703/504 2431/721/496
f 2436/720/496 2435/710/495 2434/703/504
f 2439/703/500 2441/695/491 2440/702/500
f 2439/703/500 2442/688/490 2441/695/491
f 2439/703/500 2437/688/490 2442/688/490
f 2439/703/500 2438/710/505 2437/688/490
f 2446/691/487 2444/688/492 2443/691/492
f 2446/691/487 2445/688/487 2444/688/492
f 2447/699/501 2449/696/497 2448/696/501
f 2447/699/501 2450/699/497 2449/696/497
f 2454/707/487 2452/704/492 2451/707/492
f 2454/707/487 2453/704/487 2452/704/492
f 2423/699/507 2382/704/507 2422/704/507
f 2423/699/507 2435/710/510 2382/704/507
f 2423/699/507 2434/703/510 2435/710/510
f 2423/699/507 2383/699/507 2434/703/510
f 2380/691/509 2424/715/509 2420/691/509
f 2432/695/508 2424/715/509 2380/691/509
f 2433/722/508 2424/715/509 2432/695/508
f 2433/722/508 2384/715/509 2424/715/509
f 2501/707/515 2507/724/516 2500/684/515
f 2501/707/515 2508/723/516 2507/724/516
f 2508/723/516 2509/726/517 2507/724/516
f 2508/723/516 2510/725/517 2509/726/517
f 2510/725/517 2492/728/518 2509/726/517
f 2510/725/517 2491/727/518 2492/728/518
f 2511/723/512 2499/684/511 2512/724/512
f 2511/723/512 2502/707/511 2499/684/511
f 2513/725/513 2512/724/512 2514/726/513
f 2513/725/513 2511/723/512 2512/724/512
f 2498/727/514 2514/726/513 2497/728/514
f 2498/727/514 2513/725/513 2514/726/513
f 2505/688/523 2515/730/524 2504/685/523
f 2505/688/523 2516/729/524 2515/730/524
f 2516/729/524 2517/732/525 2515/730/524
f 2516/729/524 2518/731/525 2517/732/525
f 2518/731/525 2496/734/526 2517/732/525
f 2518/731/525 2495/733/526 2496/734/526
f 2519/729/520 2503/685/519 2520/730/520
f 2519/729/520 2506/688/519 2503/685/519
f 2521/731/521 2520/730/520 2522/732/521
f 2521/731/521 2519/729/520 2520/730/520
f 2494/733/522 2522/732/521 2493/734/522
f 2494/733/522 2521/731/521 2522/732/521
f 2510/735/528 2406/707/528 2491/727/527
f 2508/723/528 2406/707/528 2510/735/528
f 2508/723/528 2501/707/528 2406/707/528
f 2405/684/531 2509/726/485 2492/728/530
f 2405/684/531 2507/724/485 2509/726/485
f 2405/684/531 2500/684/485 2507/724/485
f 2520/730/485 2503/685/485 2403/685/531
f 2522/737/485 2520/730/485 2403/685/531
f 2403/685/531 2493/736/530 2522/737/485
f 2519/729/528 2404/688/528 2506/688/528
f 2521/731/528 2494/733/527 2404/688/528
f 2404/688/528 2519/729/528 2521/731/528
f 2516/729/528 2505/688/528 2412/688/528
f 2518/731/528 2516/729/528 2412/688/528
f 2412/688/528 2495/733/527 2518/731/528
f 2515/730/485 2411/685/574 2504/685/485
f 2517/737/485 2496/736/575 2411/685/574
f 2411/685/574 2515/730/485 2517/737/485
f 2514/726/485 2413/684/574 2497/728/575
f 2512/724/485 2413/684/574 2514/726/485
f 2512/724/485 2499/684/485 2413/684/574
f 2414/707/528 2513/735/528 2498/727/527
f 2414/707/528 2511/723/528 2513/735/528
f 2414/707/528 2502/707/528 2511/723/528
f 2492/728/518 2494/733/522 2493/734/522
f 2492/728/518 2491/727/518 2494/733/522
f 2498/727/514 2496/734/526 2495/733/526
f 2498/727/514 2497/728/514 2496/734/526
f 2502/707/511 2500/684/515 2499/684/511
f 2502/707/511 2501/707/515 2500/684/515
f 2506/688/519 2504/685/523 2503/685/519
f 2506/688/519 2505/688/523 2504/685/523
f 2379/685/531 2493/734/530 2403/685/531
f 2381/684/531 2493/734/530 2379/685/531
f 2381/684/531 2492/728/530 2493/734/530
f 2381/684/531 2405/684/531 2492/728/530
f 2496/734/575 2391/685/576 2411/685/574
f 2496/734/575 2393/684/576 2391/685/576
f 2497/728/575 2393/684/576 2496/734/575
f 2497/728/575 2413/684/574 2393/684/576
f 2391/685/506 2504/685/506 2411/685/506
f 2391/685/506 2503/685/506 2504/685/506
f 2391/685/506 2403/685/506 2503/685/506
f 2391/685/506 2379/685/506 2403/685/506
f 2381/684/506 2500/684/506 2405/684/506
f 2381/684/506 2499/684/506 2500/684/506
f 2381/684/506 2413/684/506 2499/684/506
f 2381/684/506 2393/684/506 2413/684/506
f 2494/733/527 2455/688/492 2404/688/528
f 2494/733/527 2456/707/492 2455/688/492
f 2491/727/527 2456/707/492 2494/733/527
f 2491/727/527 2406/707/528 2456/707/492
f 2458/688/487 2495/733/527 2412/688/528
f 2457/707/487 2495/733/527 2458/688/487
f 2457/707/487 2498/727/527 2495/733/527
f 2457/707/487 2414/707/528 2498/727/527
f 2451/707/506 2457/707/506 2454/707/506
f 2451/707/506 2414/707/506 2457/707/506
f 2451/707/506 2502/707/506 2414/707/506
f 2451/707/506 2501/707/506 2502/707/506
f 2451/707/506 2406/707/506 2501/707/506
f 2451/707/506 2456/707/506 2406/707/506
f 2455/688/506 2506/688/506 2404/688/506
f 2455/688/506 2505/688/506 2506/688/506
f 2455/688/506 2412/688/506 2505/688/506
f 2455/688/506 2458/688/506 2412/688/506
f 2455/688/506 2445/688/506 2458/688/506
f 2455/688/506 2444/688/506 2445/688/506
f 2536/738/492 2567/740/493 2535/741/492
f 2536/738/492 2568/739/493 2567/740/493
f 2568/739/493 2569/743/494 2567/740/493
f 2568/739/493 2570/742/494 2569/743/494
f 2570/742/494 2524/745/495 2569/743/494
f 2570/742/494 2523/744/496 2524/745/495
f 2571/739/488 2538/741/487 2572/740/488
f 2571/739/488 2537/738/487 2538/741/487
f 2573/742/489 2572/740/488 2574/743/489
f 2573/742/489 2571/739/488 2572/740/488
f 2534/744/490 2574/743/489 2533/745/533
f 2534/744/490 2573/742/489 2574/743/489
f 2575/748/502 2540/746/535 2576/747/502
f 2575/748/502 2539/749/535 2540/746/535
f 2577/751/503 2576/747/502 2578/750/503
f 2577/751/503 2575/748/502 2576/747/502
f 2526/753/536 2578/750/503 2525/752/536
f 2526/753/536 2577/751/503 2578/750/503
f 2542/749/534 2579/747/498 2541/746/534
f 2542/749/534 2580/748/498 2579/747/498
f 2580/748/498 2581/750/499 2579/747/498
f 2580/748/498 2582/751/499 2581/750/499
f 2582/751/499 2532/752/500 2581/750/499
f 2582/751/499 2531/753/500 2532/752/500
f 2544/754/492 2583/756/493 2543/757/492
f 2544/754/492 2584/755/493 2583/756/493
f 2584/755/493 2585/759/494 2583/756/493
f 2584/755/493 2586/758/494 2585/759/494
f 2586/758/494 2528/761/496 2585/759/494
f 2586/758/494 2527/760/495 2528/761/496
f 2587/755/488 2546/757/487 2588/756/488
f 2587/755/488 2545/754/487 2546/757/487
f 2589/758/489 2588/756/488 2590/759/489
f 2589/758/489 2587/755/488 2588/756/488
f 2530/760/533 2590/759/489 2529/761/490
f 2530/760/533 2589/758/489 2590/759/489
f 2548/762/492 2591/739/493 2547/763/492
f 2548/762/492 2592/756/493 2591/739/493
f 2592/756/493 2593/742/494 2591/739/493
f 2592/756/493 2594/759/494 2593/742/494
f 2594/759/494 2523/744/496 2593/742/494
f 2594/759/494 2528/761/496 2523/744/496
f 2595/756/488 2554/763/487 2596/739/488
f 2595/756/488 2553/762/487 2554/763/487
f 2597/759/489 2596/739/488 2598/742/489
f 2597/759/489 2595/756/488 2596/739/488
f 2529/761/490 2598/742/489 2534/744/490
f 2529/761/490 2597/759/489 2598/742/489
f 2599/765/539 2561/686/511 2600/764/539
f 2599/765/539 2560/762/511 2561/686/511
f 2601/767/540 2600/764/539 2602/766/540
f 2601/767/540 2599/765/539 2600/764/539
f 2558/769/514 2602/766/540 2557/768/514
f 2558/769/514 2601/767/540 2602/766/540
f 2559/762/515 2603/764/537 2562/686/515
f 2559/762/515 2604/765/537 2603/764/537
f 2604/765/537 2605/766/538 2603/764/537
f 2604/765/537 2606/767/538 2605/766/538
f 2606/767/538 2550/768/518 2605/766/538
f 2606/767/538 2549/769/518 2550/768/518
f 2607/771/543 2565/687/519 2608/770/543
f 2607/771/543 2564/763/519 2565/687/519
f 2609/773/544 2608/770/543 2610/772/544
f 2609/773/544 2607/771/543 2608/770/543
f 2552/775/522 2610/772/544 2551/774/522
f 2552/775/522 2609/773/544 2610/772/544
f 2563/763/523 2611/770/541 2566/687/523
f 2563/763/523 2612/771/541 2611/770/541
f 2612/771/541 2613/772/542 2611/770/541
f 2612/771/541 2614/773/542 2613/772/542
f 2614/773/542 2556/774/526 2613/772/542
f 2614/773/542 2555/775/526 2556/774/526
f 2591/739/577 2536/763/506 2547/763/506
f 2591/739/577 2568/739/577 2536/763/506
f 2591/739/577 2570/776/577 2568/739/577
f 2593/777/577 2570/776/577 2591/739/577
f 2593/777/577 2523/744/506 2570/776/577
f 2567/779/509 2388/741/509 2535/741/509
f 2569/780/509 2524/778/508 2388/741/509
f 2388/741/509 2567/779/509 2569/780/509
f 2578/750/509 2390/746/509 2525/752/508
f 2576/781/509 2390/746/509 2578/750/509
f 2576/781/509 2540/746/509 2390/746/509
f 2389/749/507 2577/751/507 2526/782/510
f 2389/749/507 2575/748/507 2577/751/507
f 2389/749/507 2539/749/507 2575/748/507
f 2584/755/507 2544/754/507 2386/754/507
f 2586/758/507 2584/755/507 2386/754/507
f 2386/754/507 2527/760/510 2586/758/507
f 2583/756/509 2548/762/506 2543/762/506
f 2583/756/509 2592/784/509 2548/762/506
f 2583/756/509 2594/783/509 2592/784/509
f 2585/783/509 2594/783/509 2583/756/509
f 2585/783/509 2528/761/506 2594/783/509
f 2595/756/509 2546/762/506 2553/762/506
f 2595/756/509 2588/784/509 2546/762/506
f 2595/756/509 2590/783/509 2588/784/509
f 2597/783/509 2590/783/509 2595/756/509
f 2597/783/509 2529/761/506 2590/783/509
f 2587/785/507 2398/754/507 2545/754/507
f 2589/758/507 2530/760/507 2398/754/507
f 2398/754/507 2587/785/507 2589/758/507
f 2582/751/507 2401/749/507 2531/782/507
f 2580/748/507 2401/749/507 2582/751/507
f 2580/748/507 2542/749/507 2401/749/507
f 2402/746/509 2581/750/509 2532/752/509
f 2402/746/509 2579/747/509 2581/750/509
f 2402/746/509 2541/746/509 2579/747/509
f 2572/779/509 2538/741/509 2400/741/509
f 2574/786/509 2572/779/509 2400/741/509
f 2400/741/509 2533/778/509 2574/786/509
f 2571/739/578 2554/763/506 2537/763/506
f 2571/739/578 2596/739/578 2554/763/506
f 2571/739/578 2598/776/578 2596/739/578
f 2573/777/578 2598/776/578 2571/739/578
f 2573/777/578 2534/744/506 2598/776/578
f 2606/787/570 2408/762/571 2549/769/570
f 2604/765/570 2408/762/571 2606/787/570
f 2604/765/570 2559/762/570 2408/762/571
f 2407/686/569 2605/766/567 2550/768/579
f 2407/686/569 2603/788/567 2605/766/567
f 2407/686/569 2562/686/568 2603/788/567
f 2608/770/565 2565/687/564 2409/687/563
f 2610/772/565 2608/770/565 2409/687/563
f 2409/687/563 2551/774/580 2610/772/565
f 2607/789/560 2410/763/561 2564/763/559
f 2609/790/560 2552/775/559 2410/763/561
f 2410/763/561 2607/789/560 2609/790/560
f 2612/789/558 2563/763/556 2418/763/557
f 2614/790/558 2612/789/558 2418/763/557
f 2418/763/557 2555/775/556 2614/790/558
f 2611/770/553 2417/687/555 2566/687/554
f 2613/772/553 2556/774/581 2417/687/555
f 2417/687/555 2611/770/553 2613/772/553
f 2602/766/551 2415/686/549 2557/768/582
f 2600/788/551 2415/686/549 2602/766/551
f 2600/788/551 2561/686/550 2415/686/549
f 2416/762/547 2601/767/546 2558/769/546
f 2416/762/547 2599/765/546 2601/767/546
f 2416/762/547 2560/762/546 2599/765/546
f 2523/792/496 2525/752/536 2524/745/495
f 2523/792/496 2526/753/536 2525/752/536
f 2528/791/496 2526/753/536 2523/792/496
f 2528/791/496 2527/760/495 2526/753/536
f 2531/753/500 2533/745/533 2532/752/500
f 2531/753/500 2534/763/490 2533/745/533
f 2531/753/500 2529/763/490 2534/763/490
f 2531/753/500 2530/760/533 2529/763/490
f 2538/741/487 2536/738/492 2535/741/492
f 2538/741/487 2537/738/487 2536/738/492
f 2539/749/535 2541/746/534 2540/746/535
f 2539/749/535 2542/749/534 2541/746/534
f 2546/757/487 2544/754/492 2543/757/492
f 2546/757/487 2545/754/487 2544/754/492
f 2408/762/571 2547/763/492 2410/763/561
f 2408/762/571 2548/762/492 2547/763/492
f 2550/768/518 2552/775/522 2551/774/522
f 2550/768/518 2549/769/518 2552/775/522
f 2554/763/487 2416/762/547 2418/763/557
f 2554/763/487 2553/762/487 2416/762/547
f 2558/769/514 2556/774/526 2555/775/526
f 2558/769/514 2557/768/514 2556/774/526
f 2560/762/511 2562/686/515 2561/686/511
f 2560/762/511 2559/762/515 2562/686/515
f 2564/763/519 2566/687/523 2565/687/519
f 2564/763/519 2563/763/523 2566/687/523
f 2387/687/573 2551/774/580 2409/687/563
f 2385/686/573 2551/774/580 2387/687/573
f 2385/686/573 2550/768/579 2551/774/580
f 2385/686/573 2407/686/569 2550/768/579
f 2556/774/581 2399/687/583 2417/687/555
f 2556/774/581 2397/686/583 2399/687/583
f 2557/768/582 2397/686/583 2556/774/581
f 2557/768/582 2415/686/549 2397/686/583
f 2408/762/506 2543/757/506 2548/762/506
f 2408/762/506 2546/757/506 2543/757/506
f 2408/762/506 2553/762/506 2546/757/506
f 2408/762/506 2416/762/506 2553/762/506
f 2408/762/506 2560/762/506 2416/762/506
f 2408/762/506 2559/762/506 2560/762/506
f 2547/763/506 2564/763/506 2410/763/506
f 2547/763/506 2563/763/506 2564/763/506
f 2547/763/506 2418/763/506 2563/763/506
f 2547/763/506 2554/763/506 2418/763/506
f 2547/763/506 2537/738/506 2554/763/506
f 2547/763/506 2536/738/506 2537/738/506
f 2399/687/506 2566/687/506 2417/687/506
f 2399/687/506 2565/687/506 2566/687/506
f 2399/687/506 2409/687/506 2565/687/506
f 2399/687/506 2387/687/506 2409/687/506
f 2415/686/506 2385/686/506 2397/686/506
f 2415/686/506 2407/686/506 2385/686/506
f 2415/686/506 2562/686/506 2407/686/506
f 2415/686/506 2561/686/506 2562/686/506
f 2429/749/507 2386/754/507 2426/754/507
f 2429/749/507 2527/760/510 2386/754/507
f 2429/749/507 2526/753/510 2527/760/510
f 2429/749/507 2389/749/507 2526/753/510
f 2388/741/509 2430/746/509 2428/741/509
f 2524/745/508 2430/746/509 2388/741/509
f 2525/752/508 2430/746/509 2524/745/508
f 2525/752/508 2390/746/509 2430/746/509
g obj9
s 1
f 2621/793/584 2616/795/585 2620/794/584
f 2621/793/584 2617/796/584 2616/795/585
f 2615/799/587 2624/797/586 2623/800/588
f 2615/799/587 2618/798/587 2624/797/586
f 2624/797/586 2625/802/589 2623/800/588
f 2624/797/586 2626/801/589 2625/802/589
f 2626/801/589 2627/804/590 2625/802/589
f 2626/801/589 2628/803/590 2627/804/590
f 2630/808/593 2619/806/592 2629/805/591
f 2630/808/593 2622/807/592 2619/806/592
f 2628/803/590 2629/805/591 2627/804/590
f 2628/803/590 2630/808/593 2629/805/591
f 2646/809/594 2632/811/594 2640/810/594
f 2636/812/595 2632/811/594 2646/809/594
f 2638/813/595 2636/812/595 2646/809/594
f 2646/809/594 2642/814/594 2638/813/595
f 2657/822/595 2644/816/594 2653/815/595
f 2657/822/595 2649/817/594 2644/816/594
f 2657/822/595 2651/818/594 2649/817/594
f 2658/821/595 2651/818/594 2657/822/595
f 2658/821/595 2643/819/596 2651/818/594
f 2658/821/595 2652/820/597 2643/819/596
f 2675/823/594 2644/816/594 2647/824/594
f 2653/815/595 2644/816/594 2675/823/594
f 2654/825/595 2653/815/595 2675/823/594
f 2675/823/594 2671/826/594 2654/825/595
f 2677/832/594 2654/825/595 2671/826/594
f 2677/832/594 2656/827/594 2654/825/595
f 2678/831/594 2656/827/594 2677/832/594
f 2678/831/594 2659/828/595 2656/827/594
f 2670/830/599 2659/828/595 2678/831/594
f 2670/830/599 2655/829/598 2659/828/595
f 2686/840/595 2673/834/594 2682/833/594
f 2686/840/595 2679/835/594 2673/834/594
f 2686/840/595 2680/836/594 2679/835/594
f 2688/839/595 2680/836/594 2686/840/595
f 2688/839/595 2672/837/596 2680/836/594
f 2688/839/595 2681/838/600 2672/837/596
f 2699/841/594 2673/834/594 2674/842/594
f 2682/833/594 2673/834/594 2699/841/594
f 2683/843/595 2682/833/594 2699/841/594
f 2699/841/594 2700/844/594 2683/843/595
f 2700/844/594 2685/845/595 2683/843/595
f 2706/850/595 2685/845/595 2700/844/594
f 2708/849/594 2685/845/595 2706/850/595
f 2708/849/594 2687/846/595 2685/845/595
f 2704/848/599 2687/846/595 2708/849/594
f 2704/848/599 2684/847/598 2687/846/595
f 2712/854/594 2632/811/594 2636/812/595
f 2712/854/594 2634/851/601 2632/811/594
f 2711/853/594 2634/851/601 2712/854/594
f 2711/853/594 2635/852/599 2634/851/601
f 2648/860/594 2638/813/595 2642/814/594
f 2648/860/594 2713/855/594 2638/813/595
f 2650/859/594 2713/855/594 2648/860/594
f 2650/859/594 2710/856/594 2713/855/594
f 2641/858/602 2710/856/594 2650/859/594
f 2641/858/602 2637/857/599 2710/856/594
f 2619/806/592 2720/863/604 2633/862/603
f 2622/861/592 2720/863/604 2619/806/592
f 2622/861/592 2719/864/598 2720/863/604
f 2622/861/592 2703/865/605 2719/864/598
f 2622/861/592 2705/866/606 2703/865/605
f 2622/861/592 2704/867/599 2705/866/606
f 2622/861/592 2684/868/598 2704/867/599
f 2622/861/592 2681/838/600 2684/868/598
f 2622/861/592 2672/837/596 2681/838/600
f 2622/861/592 2676/869/606 2672/837/596
f 2622/861/592 2670/830/599 2676/869/606
f 2622/861/592 2655/829/598 2670/830/599
f 2622/861/592 2652/820/597 2655/829/598
f 2622/861/592 2643/819/596 2652/820/597
f 2622/861/592 2645/870/606 2643/819/596
f 2622/861/592 2641/858/602 2645/870/606
f 2622/861/592 2637/857/599 2641/858/602
f 2622/861/592 2635/871/599 2637/857/599
f 2622/861/592 2634/851/601 2635/871/599
f 2721/874/609 2639/876/611 2631/875/610
f 2721/874/609 2701/877/611 2639/876/611
f 2718/873/608 2701/877/611 2721/874/609
f 2718/873/608 2702/872/607 2701/877/611
f 2723/881/595 2702/872/607 2718/873/608
f 2723/881/595 2707/878/595 2702/872/607
f 2723/881/595 2709/879/594 2707/878/595
f 2724/880/595 2709/879/594 2723/881/595
f 2724/880/595 2703/865/605 2709/879/594
f 2724/880/595 2719/864/598 2703/865/605
f 2633/862/603 2721/882/609 2631/875/610
f 2633/862/603 2722/883/612 2721/882/609
f 2633/862/603 2725/884/613 2722/883/612
f 2633/862/603 2720/863/604 2725/884/613
f 2742/885/594 2714/886/595 2730/885/594
f 2738/885/594 2733/885/595 2714/886/595
f 2714/886/595 2739/885/594 2738/885/594
f 2714/886/595 2740/885/594 2739/885/594
f 2714/886/595 2741/885/594 2740/885/594
f 2714/886/595 2742/885/594 2741/885/594
f 2717/887/594 2752/885/594 2731/885/594
f 2751/885/594 2752/885/594 2717/887/594
f 2750/885/594 2751/885/594 2717/887/594
f 2749/885/594 2750/885/594 2717/887/594
f 2748/885/594 2749/885/594 2717/887/594
f 2717/887/594 2736/885/595 2748/885/594
f 2747/885/594 2715/888/594 2732/885/595
f 2746/885/594 2715/888/594 2747/885/594
f 2745/885/594 2715/888/594 2746/885/594
f 2744/885/594 2715/888/594 2745/885/594
f 2743/885/594 2715/888/594 2744/885/594
f 2743/885/594 2735/885/594 2715/888/594
f 2716/889/594 2753/885/594 2737/885/595
f 2716/889/594 2754/885/594 2753/885/594
f 2716/889/594 2755/885/594 2754/885/594
f 2716/889/594 2756/885/594 2755/885/594
f 2716/889/594 2757/885/594 2756/885/594
f 2716/889/594 2734/885/594 2757/885/594
f 2714/886/595 2711/853/594 2712/854/594
f 2733/890/595 2711/853/594 2714/886/595
f 2732/891/595 2711/853/594 2733/890/595
f 2732/891/595 2715/888/594 2711/853/594
f 2713/855/594 2736/893/595 2717/887/594
f 2710/856/594 2736/893/595 2713/855/594
f 2710/856/594 2737/892/595 2736/893/595
f 2710/856/594 2716/889/594 2737/892/595
f 2713/855/594 2636/812/595 2638/813/595
f 2731/895/594 2712/854/594 2636/812/595
f 2730/894/594 2712/854/594 2731/895/594
f 2730/894/594 2714/886/595 2712/854/594
f 2717/887/594 2731/895/594 2636/812/595
f 2636/812/595 2713/855/594 2717/887/594
f 2775/903/594 2660/897/594 2758/896/595
f 2774/902/594 2660/897/594 2775/903/594
f 2773/901/594 2660/897/594 2774/902/594
f 2772/900/594 2660/897/594 2773/901/594
f 2771/899/594 2660/897/594 2772/900/594
f 2771/899/594 2763/898/595 2660/897/594
f 2776/909/594 2661/911/595 2764/910/595
f 2780/905/594 2759/904/595 2661/911/595
f 2661/911/595 2779/906/594 2780/905/594
f 2661/911/595 2778/907/594 2779/906/594
f 2661/911/595 2777/908/594 2778/907/594
f 2661/911/595 2776/909/594 2777/908/594
f 2663/919/594 2770/913/594 2761/912/594
f 2663/919/594 2769/914/594 2770/913/594
f 2663/919/594 2768/915/594 2769/914/594
f 2663/919/594 2767/916/594 2768/915/594
f 2663/919/594 2766/917/595 2767/916/594
f 2663/919/594 2762/918/594 2766/917/595
f 2759/920/595 2657/822/595 2661/911/595
f 2759/920/595 2658/821/595 2657/822/595
f 2758/896/595 2658/821/595 2759/920/595
f 2758/896/595 2660/897/594 2658/821/595
f 2659/921/595 2662/922/594 2656/827/594
f 2659/921/595 2760/923/594 2662/922/594
f 2659/921/595 2664/924/594 2760/923/594
f 2659/921/595 2666/925/594 2664/924/594
f 2659/921/595 2761/912/594 2666/925/594
f 2659/921/595 2663/919/594 2761/912/594
f 2798/933/594 2692/927/594 2781/926/595
f 2797/932/594 2692/927/594 2798/933/594
f 2796/931/594 2692/927/594 2797/932/594
f 2795/930/594 2692/927/594 2796/931/594
f 2794/929/595 2692/927/594 2795/930/594
f 2794/929/595 2786/928/594 2692/927/594
f 2799/939/594 2691/941/595 2787/940/595
f 2803/935/594 2782/934/595 2691/941/595
f 2691/941/595 2802/936/594 2803/935/594
f 2691/941/595 2801/937/594 2802/936/594
f 2691/941/595 2800/938/595 2801/937/594
f 2691/941/595 2799/939/594 2800/938/595
f 2804/945/594 2788/944/595 2689/943/595
f 2805/946/595 2804/945/594 2689/943/595
f 2806/947/594 2805/946/595 2689/943/595
f 2807/948/594 2806/947/594 2689/943/595
f 2808/949/594 2807/948/594 2689/943/595
f 2689/943/595 2783/942/594 2808/949/594
f 2690/957/594 2793/951/594 2784/950/594
f 2690/957/594 2792/952/594 2793/951/594
f 2690/957/594 2791/953/594 2792/952/594
f 2690/957/594 2790/954/594 2791/953/594
f 2690/957/594 2789/955/595 2790/954/594
f 2690/957/594 2785/956/594 2789/955/595
f 2782/934/595 2686/840/595 2691/941/595
f 2782/934/595 2688/839/595 2686/840/595
f 2781/926/595 2688/839/595 2782/934/595
f 2781/926/595 2692/927/594 2688/839/595
f 2687/846/595 2689/943/595 2685/845/595
f 2687/846/595 2783/942/594 2689/943/595
f 2687/846/595 2695/958/594 2783/942/594
f 2687/846/595 2693/959/594 2695/958/594
f 2687/846/595 2784/950/594 2693/959/594
f 2687/846/595 2690/957/594 2784/950/594
f 2826/967/594 2727/961/594 2809/960/594
f 2825/966/594 2727/961/594 2826/967/594
f 2824/965/594 2727/961/594 2825/966/594
f 2823/964/594 2727/961/594 2824/965/594
f 2822/963/595 2727/961/594 2823/964/594
f 2822/963/595 2814/962/594 2727/961/594
f 2827/973/594 2726/975/594 2815/974/594
f 2831/969/594 2810/968/594 2726/975/594
f 2726/975/594 2830/970/594 2831/969/594
f 2726/975/594 2829/971/594 2830/970/594
f 2726/975/594 2828/972/595 2829/971/594
f 2726/975/594 2827/973/594 2828/972/595
f 2832/979/594 2816/978/594 2729/977/594
f 2833/980/594 2832/979/594 2729/977/594
f 2834/981/594 2833/980/594 2729/977/594
f 2835/982/594 2834/981/594 2729/977/594
f 2836/983/594 2835/982/594 2729/977/594
f 2729/977/594 2811/976/595 2836/983/594
f 2728/991/594 2821/985/594 2812/984/594
f 2728/991/594 2820/986/594 2821/985/594
f 2728/991/594 2819/987/594 2820/986/594
f 2728/991/594 2818/988/594 2819/987/594
f 2728/991/594 2817/989/595 2818/988/594
f 2728/991/594 2813/990/594 2817/989/595
f 2810/968/594 2723/881/595 2726/975/594
f 2810/968/594 2724/880/595 2723/881/595
f 2809/960/594 2724/880/595 2810/968/594
f 2809/960/594 2727/961/594 2724/880/595
f 2725/884/613 2729/977/594 2722/883/612
f 2725/884/613 2811/976/595 2729/977/594
f 2725/884/613 2812/992/594 2811/976/595
f 2725/884/613 2728/991/594 2812/992/594
f 2727/961/594 2719/864/598 2724/880/595
f 2720/863/604 2728/991/594 2725/884/613
f 2720/863/604 2813/990/594 2728/991/594
f 2720/863/604 2814/962/594 2813/990/594
f 2720/863/604 2727/961/594 2814/962/594
f 2720/863/604 2719/864/598 2727/961/594
f 2722/883/612 2718/873/608 2721/882/609
f 2726/975/594 2723/881/595 2718/873/608
f 2815/974/594 2726/975/594 2718/873/608
f 2816/978/594 2815/974/594 2718/873/608
f 2729/977/594 2816/978/594 2718/873/608
f 2718/873/608 2722/883/612 2729/977/594
f 2660/897/594 2652/820/597 2658/821/595
f 2655/829/598 2663/919/594 2659/921/595
f 2655/829/598 2762/918/594 2663/919/594
f 2655/829/598 2667/993/594 2762/918/594
f 2655/829/598 2837/994/594 2667/993/594
f 2655/829/598 2838/995/594 2837/994/594
f 2655/829/598 2668/996/594 2838/995/594
f 2655/829/598 2763/898/595 2668/996/594
f 2655/829/598 2660/897/594 2763/898/595
f 2655/829/598 2652/820/597 2660/897/594
f 2656/827/594 2653/815/595 2654/825/595
f 2661/911/595 2657/822/595 2653/815/595
f 2764/910/595 2661/911/595 2653/815/595
f 2656/827/594 2764/910/595 2653/815/595
f 2656/827/594 2669/997/594 2764/910/595
f 2839/998/594 2669/997/594 2656/827/594
f 2840/999/594 2839/998/594 2656/827/594
f 2665/1000/594 2840/999/594 2656/827/594
f 2765/1001/594 2665/1000/594 2656/827/594
f 2656/827/594 2662/922/594 2765/1001/594
f 2692/927/594 2681/838/600 2688/839/595
f 2684/847/598 2690/957/594 2687/846/595
f 2684/847/598 2785/1002/594 2690/957/594
f 2684/847/598 2694/1003/594 2785/1002/594
f 2684/847/598 2841/1004/594 2694/1003/594
f 2684/847/598 2842/1005/594 2841/1004/594
f 2684/847/598 2697/1006/594 2842/1005/594
f 2684/847/598 2786/928/594 2697/1006/594
f 2684/847/598 2692/927/594 2786/928/594
f 2684/847/598 2681/838/600 2692/927/594
f 2685/845/595 2682/833/594 2683/843/595
f 2691/941/595 2686/840/595 2682/833/594
f 2787/940/595 2691/941/595 2682/833/594
f 2698/1007/594 2787/940/595 2682/833/594
f 2843/1008/594 2698/1007/594 2682/833/594
f 2844/1009/594 2843/1008/594 2682/833/594
f 2696/1010/594 2844/1009/594 2682/833/594
f 2788/1011/595 2696/1010/594 2682/833/594
f 2689/943/595 2788/1011/595 2682/833/594
f 2682/833/594 2685/845/595 2689/943/595
f 2855/885/619 2846/885/615 2845/885/614
f 2855/885/619 2847/885/615 2846/885/615
f 2855/885/619 2848/885/616 2847/885/615
f 2855/885/619 2849/885/616 2848/885/616
f 2855/885/619 2850/885/617 2849/885/616
f 2855/885/619 2851/885/618 2850/885/617
f 2855/885/619 2852/885/617 2851/885/618
f 2855/885/619 2853/885/615 2852/885/617
f 2855/885/619 2854/885/616 2853/885/615
f 2858/885/621 2856/885/624 2857/885/621
f 2858/885/621 2865/885/620 2856/885/624
f 2859/885/621 2865/885/620 2858/885/621
f 2860/885/622 2865/885/620 2859/885/621
f 2861/885/623 2865/885/620 2860/885/622
f 2862/885/621 2865/885/620 2861/885/623
f 2863/885/622 2865/885/620 2862/885/621
f 2863/885/622 2864/885/621 2865/885/620
f 2616/795/585 2868/793/584 2867/794/584
f 2616/795/585 2617/796/584 2868/793/584
f 2871/797/626 2615/799/587 2870/800/625
f 2871/797/626 2618/798/587 2615/799/587
f 2873/801/627 2870/800/625 2872/802/627
f 2873/801/627 2871/797/626 2870/800/625
f 2875/803/628 2872/802/627 2874/804/628
f 2875/803/628 2873/801/627 2872/802/627
f 2866/806/630 2877/808/629 2876/805/631
f 2866/806/630 2869/807/630 2877/808/629
f 2877/808/629 2874/804/628 2876/805/631
f 2877/808/629 2875/803/628 2874/804/628
f 2879/811/632 2893/809/632 2887/810/632
f 2885/813/633 2889/814/632 2893/809/632
f 2883/812/633 2885/813/633 2893/809/632
f 2893/809/632 2879/811/632 2883/812/633
f 2896/817/632 2900/815/633 2891/816/632
f 2896/817/632 2904/822/633 2900/815/633
f 2898/818/632 2904/822/633 2896/817/632
f 2898/818/632 2905/821/633 2904/822/633
f 2890/819/635 2905/821/633 2898/818/632
f 2890/819/635 2899/820/634 2905/821/633
f 2891/816/632 2922/823/632 2894/824/632
f 2901/825/633 2918/826/632 2922/823/632
f 2900/815/633 2901/825/633 2922/823/632
f 2922/823/632 2891/816/632 2900/815/633
f 2903/827/632 2918/826/632 2901/825/633
f 2903/827/632 2924/832/632 2918/826/632
f 2903/827/632 2925/831/632 2924/832/632
f 2906/828/633 2925/831/632 2903/827/632
f 2906/828/633 2917/830/636 2925/831/632
f 2906/828/633 2902/829/637 2917/830/636
f 2926/835/632 2929/833/632 2920/834/632
f 2926/835/632 2933/840/633 2929/833/632
f 2927/836/632 2933/840/633 2926/835/632
f 2927/836/632 2935/839/633 2933/840/633
f 2919/837/636 2935/839/633 2927/836/632
f 2919/837/636 2928/838/638 2935/839/633
f 2920/834/632 2946/841/632 2921/842/632
f 2930/843/633 2947/844/632 2946/841/632
f 2929/833/632 2930/843/633 2946/841/632
f 2946/841/632 2920/834/632 2929/833/632
f 2932/845/633 2947/844/632 2930/843/633
f 2932/845/633 2953/850/633 2947/844/632
f 2932/845/633 2955/849/632 2953/850/633
f 2934/846/633 2955/849/632 2932/845/633
f 2934/846/633 2951/848/636 2955/849/632
f 2934/846/633 2931/847/637 2951/848/636
f 2881/851/639 2883/812/633 2879/811/632
f 2881/851/639 2959/854/632 2883/812/633
f 2881/851/639 2958/853/632 2959/854/632
f 2881/851/639 2882/852/635 2958/853/632
f 2960/855/632 2889/814/632 2885/813/633
f 2960/855/632 2895/860/632 2889/814/632
f 2960/855/632 2897/859/632 2895/860/632
f 2957/856/632 2897/859/632 2960/855/632
f 2957/856/632 2888/858/640 2897/859/632
f 2957/856/632 2884/857/636 2888/858/640
f 2967/863/643 2866/806/630 2880/862/644
f 2967/863/643 2869/861/630 2866/806/630
f 2966/864/637 2869/861/630 2967/863/643
f 2950/865/642 2869/861/630 2966/864/637
f 2952/866/641 2869/861/630 2950/865/642
f 2951/867/636 2869/861/630 2952/866/641
f 2931/868/637 2869/861/630 2951/867/636
f 2928/838/638 2869/861/630 2931/868/637
f 2919/837/636 2869/861/630 2928/838/638
f 2923/869/641 2869/861/630 2919/837/636
f 2917/830/636 2869/861/630 2923/869/641
f 2902/829/637 2869/861/630 2917/830/636
f 2899/820/634 2869/861/630 2902/829/637
f 2890/819/635 2869/861/630 2899/820/634
f 2892/870/641 2869/861/630 2890/819/635
f 2888/858/640 2869/861/630 2892/870/641
f 2884/857/636 2869/861/630 2888/858/640
f 2882/871/635 2869/861/630 2884/857/636
f 2882/871/635 2881/851/639 2869/861/630
f 2886/876/645 2968/874/647 2878/875/646
f 2948/877/645 2968/874/647 2886/876/645
f 2948/877/645 2965/873/648 2968/874/647
f 2948/877/645 2949/872/649 2965/873/648
f 2954/878/633 2965/873/648 2949/872/649
f 2954/878/633 2970/881/633 2965/873/648
f 2956/879/632 2970/881/633 2954/878/633
f 2956/879/632 2971/880/633 2970/881/633
f 2950/865/642 2971/880/633 2956/879/632
f 2950/865/642 2966/864/637 2971/880/633
f 2969/883/651 2878/875/646 2968/882/647
f 2969/883/651 2880/862/644 2878/875/646
f 2972/884/650 2880/862/644 2969/883/651
f 2972/884/650 2967/863/643 2880/862/644
f 2989/885/632 2977/885/632 2961/886/632
f 2988/885/632 2989/885/632 2961/886/632
f 2987/885/632 2988/885/632 2961/886/632
f 2986/885/632 2987/885/632 2961/886/632
f 2985/885/632 2986/885/632 2961/886/632
f 2961/886/632 2980/885/632 2985/885/632
f 2995/885/632 2983/885/633 2964/887/632
f 2964/887/632 2996/885/632 2995/885/632
f 2964/887/632 2997/885/632 2996/885/632
f 2964/887/632 2998/885/632 2997/885/632
f 2964/887/632 2999/885/632 2998/885/632
f 2964/887/632 2978/885/632 2999/885/632
f 2962/888/632 2994/885/632 2979/885/632
f 2962/888/632 2993/885/632 2994/885/632
f 2962/888/632 2992/885/632 2993/885/632
f 2962/888/632 2991/885/632 2992/885/632
f 2962/888/632 2990/885/632 2991/885/632
f 2962/888/632 2982/885/632 2990/885/632
f 3000/885/632 2963/889/632 2984/885/633
f 3001/885/632 2963/889/632 3000/885/632
f 3002/885/632 2963/889/632 3001/885/632
f 3003/885/632 2963/889/632 3002/885/632
f 3004/885/632 2963/889/632 3003/885/632
f 3004/885/632 2981/885/632 2963/889/632
f 2958/853/632 2961/886/632 2959/854/632
f 2958/853/632 2980/890/632 2961/886/632
f 2958/853/632 2979/891/632 2980/890/632
f 2958/853/632 2962/888/632 2979/891/632
f 2983/893/633 2960/855/632 2964/887/632
f 2983/893/633 2957/856/632 2960/855/632
f 2984/892/633 2957/856/632 2983/893/633
f 2984/892/633 2963/889/632 2957/856/632
f 2959/854/632 2885/813/633 2883/812/633
f 2964/887/632 2960/855/632 2885/813/633
f 2978/895/632 2964/887/632 2885/813/633
f 2959/854/632 2978/895/632 2885/813/633
f 2959/854/632 2977/894/632 2978/895/632
f 2959/854/632 2961/886/632 2977/894/632
f 2907/897/632 3022/903/632 3005/896/633
f 2907/897/632 3021/902/632 3022/903/632
f 2907/897/632 3020/901/632 3021/902/632
f 2907/897/632 3019/900/632 3020/901/632
f 2907/897/632 3018/899/632 3019/900/632
f 2907/897/632 3010/898/633 3018/899/632
f 3023/909/632 3011/910/632 2908/911/632
f 3024/908/632 3023/909/632 2908/911/632
f 3025/907/632 3024/908/632 2908/911/632
f 3026/906/632 3025/907/632 2908/911/632
f 3027/905/632 3026/906/632 2908/911/632
f 2908/911/632 3006/904/633 3027/905/632
f 3017/913/632 2910/919/632 3008/912/632
f 3016/914/632 2910/919/632 3017/913/632
f 3015/915/632 2910/919/632 3016/914/632
f 3014/916/632 2910/919/632 3015/915/632
f 3013/917/633 2910/919/632 3014/916/632
f 3013/917/633 3009/918/632 2910/919/632
f 2905/821/633 2908/911/632 2904/822/633
f 2905/821/633 3006/920/633 2908/911/632
f 2905/821/633 3005/896/633 3006/920/633
f 2905/821/633 2907/897/632 3005/896/633
f 2909/922/632 2906/921/633 2903/827/632
f 3007/923/632 2906/921/633 2909/922/632
f 2911/924/632 2906/921/633 3007/923/632
f 2913/925/632 2906/921/633 2911/924/632
f 3008/912/632 2906/921/633 2913/925/632
f 3008/912/632 2910/919/632 2906/921/633
f 2939/927/632 3045/933/632 3028/926/633
f 2939/927/632 3044/932/632 3045/933/632
f 2939/927/632 3043/931/632 3044/932/632
f 2939/927/632 3042/930/632 3043/931/632
f 2939/927/632 3041/929/633 3042/930/632
f 2939/927/632 3033/928/632 3041/929/633
f 3046/939/632 3034/940/633 2938/941/633
f 3047/938/633 3046/939/632 2938/941/633
f 3048/937/632 3047/938/633 2938/941/633
f 3049/936/632 3048/937/632 2938/941/633
f 3050/935/632 3049/936/632 2938/941/633
f 2938/941/633 3029/934/633 3050/935/632
f 3051/945/632 2936/943/632 3035/944/633
f 3055/949/632 3030/942/632 2936/943/632
f 2936/943/632 3054/948/632 3055/949/632
f 2936/943/632 3053/947/632 3054/948/632
f 2936/943/632 3052/946/633 3053/947/632
f 2936/943/632 3051/945/632 3052/946/633
f 3040/951/632 2937/957/632 3031/950/632
f 3039/952/632 2937/957/632 3040/951/632
f 3038/953/632 2937/957/632 3039/952/632
f 3037/954/632 2937/957/632 3038/953/632
f 3036/955/633 2937/957/632 3037/954/632
f 3036/955/633 3032/956/632 2937/957/632
f 2935/839/633 2938/941/633 2933/840/633
f 2935/839/633 3029/934/633 2938/941/633
f 2935/839/633 3028/926/633 3029/934/633
f 2935/839/633 2939/927/632 3028/926/633
f 3030/942/632 2932/845/633 2936/943/632
f 3030/942/632 2934/846/633 2932/845/633
f 2942/958/632 2934/846/633 3030/942/632
f 2940/959/632 2934/846/633 2942/958/632
f 3031/950/632 2934/846/633 2940/959/632
f 3031/950/632 2937/957/632 2934/846/633
f 2974/961/632 3073/967/632 3056/960/632
f 2974/961/632 3072/966/632 3073/967/632
f 2974/961/632 3071/965/632 3072/966/632
f 2974/961/632 3070/964/632 3071/965/632
f 2974/961/632 3069/963/633 3070/964/632
f 2974/961/632 3061/962/632 3069/963/633
f 3074/973/632 3062/974/632 2973/975/632
f 3075/972/633 3074/973/632 2973/975/632
f 3076/971/632 3075/972/633 2973/975/632
f 3077/970/632 3076/971/632 2973/975/632
f 3078/969/632 3077/970/632 2973/975/632
f 2973/975/632 3057/968/632 3078/969/632
f 3079/979/632 2976/977/632 3063/978/632
f 3083/983/632 3058/976/633 2976/977/632
f 2976/977/632 3082/982/632 3083/983/632
f 2976/977/632 3081/981/632 3082/982/632
f 2976/977/632 3080/980/632 3081/981/632
f 2976/977/632 3079/979/632 3080/980/632
f 3068/985/632 2975/991/632 3059/984/632
f 3067/986/632 2975/991/632 3068/985/632
f 3066/987/632 2975/991/632 3067/986/632
f 3065/988/632 2975/991/632 3066/987/632
f 3064/989/633 2975/991/632 3065/988/632
f 3064/989/633 3060/990/632 2975/991/632
f 2971/880/633 2973/975/632 2970/881/633
f 2971/880/633 3057/968/632 2973/975/632
f 2971/880/633 3056/960/632 3057/968/632
f 2971/880/633 2974/961/632 3056/960/632
f 3058/976/633 2969/883/651 2976/977/632
f 3058/976/633 2972/884/650 2969/883/651
f 3059/992/632 2972/884/650 3058/976/633
f 3059/992/632 2975/991/632 2972/884/650
f 2971/880/633 3061/962/632 2974/961/632
f 2971/880/633 3060/990/632 3061/962/632
f 2971/880/633 2975/991/632 3060/990/632
f 2971/880/633 2972/884/650 2975/991/632
f 2971/880/633 2967/863/643 2972/884/650
f 2971/880/633 2966/864/637 2967/863/643
f 2965/873/648 2969/883/651 2968/882/647
f 2976/977/632 2969/883/651 2965/873/648
f 3063/978/632 2976/977/632 2965/873/648
f 3062/974/632 3063/978/632 2965/873/648
f 2973/975/632 3062/974/632 2965/873/648
f 2965/873/648 2970/881/633 2973/975/632
f 2905/821/633 3010/898/633 2907/897/632
f 2905/821/633 2915/996/632 3010/898/633
f 2905/821/633 3085/995/632 2915/996/632
f 2905/821/633 3084/994/632 3085/995/632
f 2905/821/633 2914/993/632 3084/994/632
f 2905/821/633 3009/918/632 2914/993/632
f 2905/821/633 2910/919/632 3009/918/632
f 2905/821/633 2906/921/633 2910/919/632
f 2905/821/633 2902/829/637 2906/921/633
f 2905/821/633 2899/820/634 2902/829/637
f 2904/822/633 2901/825/633 2900/815/633
f 3011/910/632 2903/827/632 2901/825/633
f 3011/910/632 2909/922/632 2903/827/632
f 3012/1001/632 2909/922/632 3011/910/632
f 2912/1000/632 3012/1001/632 3011/910/632
f 3087/999/632 2912/1000/632 3011/910/632
f 3086/998/632 3087/999/632 3011/910/632
f 3011/910/632 2916/997/632 3086/998/632
f 2908/911/632 3011/910/632 2901/825/633
f 2901/825/633 2904/822/633 2908/911/632
f 2935/839/633 3033/928/632 2939/927/632
f 2935/839/633 2944/1006/632 3033/928/632
f 2935/839/633 3089/1005/632 2944/1006/632
f 2935/839/633 3088/1004/632 3089/1005/632
f 2935/839/633 2941/1003/632 3088/1004/632
f 2935/839/633 3032/1002/632 2941/1003/632
f 2935/839/633 2937/957/632 3032/1002/632
f 2935/839/633 2934/846/633 2937/957/632
f 2935/839/633 2931/847/637 2934/846/633
f 2935/839/633 2928/838/638 2931/847/637
f 2933/840/633 2930/843/633 2929/833/632
f 2936/943/632 2932/845/633 2930/843/633
f 3035/1011/633 2936/943/632 2930/843/633
f 2943/1010/632 3035/1011/633 2930/843/633
f 3091/1009/632 2943/1010/632 2930/843/633
f 3090/1008/632 3091/1009/632 2930/843/633
f 2945/1007/632 3090/1008/632 2930/843/633
f 3034/940/633 2945/1007/632 2930/843/633
f 2938/941/633 3034/940/633 2930/843/633
f 2930/843/633 2933/840/633 2938/941/633
f 3093/885/652 2845/885/614 3092/885/656
f 3093/885/652 2855/885/619 2845/885/614
f 3094/885/652 2855/885/619 3093/885/652
f 3095/885/655 2855/885/619 3094/885/652
f 3096/885/652 2855/885/619 3095/885/655
f 3097/885/654 2855/885/619 3096/885/652
f 3098/885/653 2855/885/619 3097/885/654
f 3099/885/652 2855/885/619 3098/885/653
f 3099/885/652 3100/885/652 2855/885/619
f 2865/885/620 3101/885/657 2856/885/624
f 2865/885/620 3102/885/657 3101/885/657
f 2865/885/620 3103/885/657 3102/885/657
f 2865/885/620 3104/885/658 3103/885/657
f 2865/885/620 3105/885/659 3104/885/658
f 2865/885/620 3106/885/657 3105/885/659
f 2865/885/620 3107/885/658 3106/885/657
f 2865/885/620 3108/885/657 3107/885/658
# 5156 elements

