# Created by Metasequoia

mtllib Express 1000_Ô‘Ì.mtl

v 0.000000 283.000000 -1473.000000
v 0.000000 0.000000 -1473.000000
v 0.000000 0.000000 -24.000000
v 0.000000 283.000000 -24.000000
v 0.000000 275.044556 -1465.221802
v 0.000000 14.060000 -1465.221802
v 0.000000 14.060000 -24.000000
v 0.000000 275.044556 -24.000000
v -140.000000 251.000000 -1473.000000
v -140.000000 0.000000 -1473.000000
v -140.000000 0.000000 -24.000000
v -140.000000 251.000000 -24.000000
v -46.119999 281.500000 -1473.000000
v -46.119999 281.500000 -24.000000
v -66.449997 278.600006 -1473.000000
v -66.449997 278.600006 -24.000000
v -112.400002 272.000000 -1473.000000
v -112.400002 272.000000 -24.000000
v -129.399994 261.299988 -1473.000000
v -129.399994 261.299988 -24.000000
v -140.000000 97.020782 -1473.000000
v -140.000000 97.020782 -24.000000
v -140.000000 211.049988 -1473.000000
v -140.000000 211.049988 -24.000000
v -140.000000 211.049988 -52.095940
v -140.000000 97.020782 -52.095940
v -140.000000 211.050003 -98.970909
v -140.000000 97.020782 -98.970909
v -140.000000 14.061504 -1473.000000
v -140.000000 14.060000 -24.000000
v -140.000000 211.050003 -161.800003
v -140.000000 97.020782 -161.779373
v -140.000000 211.050003 -275.200012
v -140.000000 97.020782 -275.150146
v -140.000000 211.050018 -218.290024
v -140.000000 14.060143 -161.779373
v -140.000000 14.060261 -275.150146
v -140.000000 14.060202 -218.290024
v -140.000000 102.410797 -161.779373
v -140.000000 102.410797 -275.150146
v -140.000000 202.144775 -161.779358
v -140.000000 202.144775 -275.150146
v -140.000000 211.049988 -337.689636
v -140.000000 97.020782 -337.689636
v -140.000000 97.020782 -574.936096
v -140.000000 211.049988 -574.936096
v -140.000000 105.041512 -574.936096
v -140.000000 105.041512 -337.689636
v -140.000000 202.194519 -337.689636
v -140.000000 202.194519 -574.936096
v -140.000000 155.676147 -567.986023
v -140.000000 105.041519 -462.139465
v -140.000000 160.286316 -567.986023
v -140.000000 202.194519 -462.139465
v -140.000000 202.194519 -451.036163
v -140.000000 105.041519 -451.036163
v -140.000000 211.049988 -639.591431
v -140.000000 97.020782 -639.382263
v -140.000000 211.049988 -751.700012
v -140.000000 97.020782 -751.686890
v -140.000000 14.060755 -751.686890
v -140.000000 14.060638 -639.382263
v -140.000000 14.060696 -695.171326
v -140.000000 211.049988 -695.171326
v -140.000000 102.662788 -639.382263
v -140.000000 202.123871 -639.382263
v -140.000000 102.662788 -751.686890
v -140.000000 202.123871 -751.686890
v -140.000000 211.049988 -814.458984
v -140.000000 97.020782 -814.458984
v -140.000000 97.020782 -1051.765137
v -140.000000 211.049988 -1051.765137
v -140.000000 104.875626 -1051.765137
v -140.000000 104.875626 -814.458984
v -140.000000 202.272003 -1051.765137
v -140.000000 202.272003 -814.458984
v -140.000000 160.177475 -1044.523193
v -140.000000 202.272003 -938.808472
v -140.000000 155.635590 -1044.523193
v -140.000000 104.875626 -938.808472
v -140.000000 202.272003 -928.325073
v -140.000000 104.875626 -928.325073
v -140.000000 14.061133 -1116.230957
v -140.000000 97.020790 -1116.230957
v -140.000000 14.061251 -1229.262817
v -140.000000 97.020790 -1229.262817
v -140.000000 211.049988 -1229.000000
v -140.000000 211.049988 -1116.114014
v -140.000000 211.049988 -1172.435059
v -140.000000 14.061192 -1172.435059
v -140.000000 102.720207 -1116.230957
v -140.000000 102.720207 -1229.262817
v -140.000000 202.161896 -1116.230957
v -140.000000 202.161896 -1229.262817
v -140.000000 202.157867 -98.970909
v -140.000000 202.157867 -52.095940
v -140.000000 104.826393 -52.095940
v -140.000000 104.826393 -98.970909
v -140.000000 97.020790 -1291.440674
v -140.000000 211.049988 -1291.440674
v -140.000000 211.049988 -1443.183838
v -140.000000 97.020782 -1443.183838
v -140.000000 104.873367 -1443.183838
v -140.000000 104.873367 -1291.440674
v -140.000000 202.269806 -1291.440674
v -140.000000 202.269806 -1443.183838
v -129.000000 246.858368 -1468.080688
v -129.000000 14.060000 -1466.649170
v -129.000000 14.060000 -24.000000
v -129.000000 246.858368 -24.000000
v -45.041363 272.990845 -1468.080688
v -45.041363 272.990845 -24.000000
v -64.496765 270.171021 -1468.080688
v -64.496765 270.171021 -24.000000
v -108.788704 263.262421 -1468.080688
v -108.788704 263.262421 -24.000000
v -123.318062 252.699997 -1468.080688
v -122.600189 252.699997 -24.000000
v -130.161301 97.020782 -1468.080688
v -129.000000 97.020782 -24.000000
v -130.161301 211.049988 -1468.080688
v -129.000000 211.049988 -24.000000
v -129.000000 211.049988 -52.095940
v -129.000000 97.020782 -52.095940
v -129.000000 211.050003 -98.970909
v -129.000000 97.020782 -98.970909
v -129.000000 14.061504 -1468.080688
v -129.000000 14.060000 -24.000000
v -129.000000 211.050003 -161.779373
v -129.000000 97.020782 -161.779373
v -129.000000 211.050003 -275.150146
v -129.000000 97.020782 -275.150146
v -129.000000 211.050018 -218.290024
v -129.000000 14.060143 -161.779373
v -129.000000 14.060261 -275.150146
v -129.000000 14.060202 -218.290024
v -129.000000 102.410797 -161.779373
v -129.000000 102.410797 -275.150146
v -129.000000 202.144775 -161.779358
v -129.000000 202.144775 -275.150146
v -129.000000 211.049988 -337.689636
v -129.000000 97.020782 -337.689636
v -129.000000 97.020782 -574.936096
v -129.000000 211.049988 -574.936096
v -129.000000 105.041512 -574.936096
v -129.000000 105.041512 -337.689636
v -129.000000 202.194519 -337.689636
v -129.000000 202.194519 -574.936096
v -129.000000 202.194519 -345.271240
v -129.000000 105.041512 -345.271240
v -129.000000 105.041519 -567.986023
v -129.000000 202.194519 -567.986023
v -129.000000 155.676147 -567.986023
v -129.000000 105.041519 -462.139465
v -129.000000 160.286316 -567.986023
v -129.000000 202.194519 -462.139465
v -129.000000 202.194519 -451.036163
v -129.000000 105.041519 -451.036163
v -129.000000 211.049988 -639.382263
v -129.000000 97.020782 -639.382263
v -129.000000 211.049988 -751.686890
v -129.000000 97.020782 -751.686890
v -129.000000 14.060755 -751.686890
v -129.000000 14.060638 -639.382263
v -129.000000 14.060696 -695.171326
v -129.000000 211.049988 -695.171326
v -129.000000 102.662788 -639.382263
v -129.000000 202.123871 -639.382263
v -129.000000 102.662788 -751.686890
v -129.000000 202.123871 -751.686890
v -129.000000 211.049988 -814.458984
v -129.000000 97.020782 -814.458984
v -129.000000 97.020782 -1051.765137
v -129.000000 211.049988 -1051.765137
v -129.000000 104.875626 -1051.765137
v -129.000000 104.875626 -814.458984
v -129.000000 202.272003 -1051.765137
v -129.000000 202.272003 -814.458984
v -129.000000 104.875626 -1044.523193
v -129.000000 202.272003 -1044.523193
v -129.000000 104.875626 -821.917419
v -129.000000 202.272003 -821.917419
v -129.000000 160.177475 -1044.523193
v -129.000000 202.272003 -938.808472
v -129.000000 155.635590 -1044.523193
v -129.000000 104.875626 -938.808472
v -129.000000 202.272003 -928.325073
v -129.000000 104.875626 -928.325073
v -129.000000 14.061133 -1116.230957
v -129.000000 97.020790 -1116.230957
v -129.000000 14.061251 -1229.262817
v -129.000000 97.020790 -1229.262817
v -129.000000 211.049988 -1229.262817
v -129.000000 211.049988 -1116.230957
v -129.000000 211.049988 -1172.435059
v -129.000000 14.061192 -1172.435059
v -129.000000 102.720207 -1116.230957
v -129.000000 102.720207 -1229.262817
v -129.000000 202.161896 -1116.230957
v -129.000000 202.161896 -1229.262817
v -129.000000 202.157867 -98.970909
v -129.000000 202.157867 -52.095940
v -129.000000 104.826393 -52.095940
v -129.000000 104.826393 -98.970909
v -129.000000 104.826401 -60.158562
v -129.000000 202.157883 -60.158562
v -129.000000 202.157883 -91.585129
v -129.000000 104.826385 -91.585129
v -129.000000 97.020790 -1291.440674
v -129.000000 211.049988 -1291.440674
v -129.000000 211.049988 -1443.183838
v -129.000000 97.020782 -1443.183838
v -129.000000 104.873367 -1443.183838
v -129.000000 104.873367 -1291.440674
v -129.000000 202.269806 -1291.440674
v -129.000000 202.269806 -1443.183838
v -129.000000 104.873367 -1298.517090
v -129.000000 202.269806 -1298.517090
v -129.000000 202.269806 -1435.781006
v -129.000000 104.873367 -1435.911133
v -136.000000 211.050003 -161.779373
v -136.000000 97.020782 -161.779373
v -136.000000 211.050003 -275.150146
v -136.000000 97.020782 -275.150146
v -136.000000 211.050018 -218.290024
v -136.000000 14.060143 -161.779373
v -136.000000 14.060261 -275.150146
v -136.000000 14.060202 -218.290024
v -136.000000 102.410797 -161.779373
v -136.000000 102.410797 -275.150146
v -136.000000 202.144775 -161.779358
v -136.000000 202.144775 -275.150146
v -136.000000 211.049988 -639.382263
v -136.000000 97.020782 -639.382263
v -136.000000 211.049988 -751.686890
v -136.000000 97.020782 -751.686890
v -136.000000 14.060755 -751.686890
v -136.000000 14.060638 -639.382263
v -136.000000 14.060696 -695.171326
v -136.000000 211.049988 -695.171326
v -136.000000 102.662788 -639.382263
v -136.000000 202.123871 -639.382263
v -136.000000 102.662788 -751.686890
v -136.000000 202.123871 -751.686890
v -136.000000 14.061133 -1116.230957
v -136.000000 97.020790 -1116.230957
v -136.000000 14.061251 -1229.262817
v -136.000000 97.020790 -1229.262817
v -136.000000 211.049988 -1229.262817
v -136.000000 211.049988 -1116.230957
v -136.000000 211.049988 -1172.435059
v -136.000000 14.061192 -1172.435059
v -136.000000 102.720207 -1116.230957
v -136.000000 102.720207 -1229.262817
v -136.000000 202.161896 -1116.230957
v -136.000000 202.161896 -1229.262817
v -133.000000 211.050003 -161.779373
v -133.000000 97.020782 -161.779373
v -133.000000 211.050003 -275.150146
v -133.000000 97.020782 -275.150146
v -133.000000 211.050018 -218.290024
v -133.000000 14.060143 -161.779373
v -133.000000 14.060261 -275.150146
v -133.000000 14.060202 -218.290024
v -133.000000 102.410797 -161.779373
v -133.000000 102.410797 -275.150146
v -133.000000 202.144775 -161.779358
v -133.000000 202.144775 -275.150146
v -133.000000 211.049988 -639.382263
v -133.000000 97.020782 -639.382263
v -133.000000 211.049988 -751.686890
v -133.000000 97.020782 -751.686890
v -133.000000 14.060755 -751.686890
v -133.000000 14.060638 -639.382263
v -133.000000 14.060696 -695.171326
v -133.000000 211.049988 -695.171326
v -133.000000 102.662788 -639.382263
v -133.000000 202.123871 -639.382263
v -133.000000 102.662788 -751.686890
v -133.000000 202.123871 -751.686890
v -133.000000 14.061133 -1116.230957
v -133.000000 97.020790 -1116.230957
v -133.000000 14.061251 -1229.262817
v -133.000000 97.020790 -1229.262817
v -133.000000 211.049988 -1229.262817
v -133.000000 211.049988 -1116.230957
v -133.000000 211.049988 -1172.435059
v -133.000000 14.061192 -1172.435059
v -133.000000 102.720207 -1116.230957
v -133.000000 102.720207 -1229.262817
v -133.000000 202.161896 -1116.230957
v -133.000000 202.161896 -1229.262817
v -142.000000 105.041512 -574.936096
v -142.000000 105.041512 -337.689636
v -142.000000 202.194519 -337.689636
v -142.000000 202.194519 -574.936096
v -142.000000 202.194519 -345.271240
v -142.000000 105.041512 -345.271240
v -142.000000 105.041519 -567.986023
v -142.000000 202.194519 -567.986023
v -142.000000 155.676147 -567.986023
v -142.000000 105.041519 -462.139465
v -142.000000 160.286316 -567.986023
v -142.000000 202.194519 -462.139465
v -142.000000 202.194519 -451.036163
v -142.000000 105.041519 -451.036163
v -142.000000 104.875626 -1051.765137
v -142.000000 104.875626 -814.458984
v -142.000000 202.272003 -1051.765137
v -142.000000 202.272003 -814.458984
v -142.000000 104.875626 -1044.523193
v -142.000000 202.272003 -1044.523193
v -142.000000 104.875626 -821.917419
v -142.000000 202.272003 -821.917419
v -142.000000 160.177475 -1044.523193
v -142.000000 202.272003 -938.808472
v -142.000000 155.635590 -1044.523193
v -142.000000 104.875626 -938.808472
v -142.000000 202.272003 -928.325073
v -142.000000 104.875626 -928.325073
v -142.000000 202.157867 -98.970909
v -142.000000 202.157867 -52.095940
v -142.000000 104.826393 -52.095940
v -142.000000 104.826393 -98.970909
v -142.000000 104.826401 -60.158562
v -142.000000 202.157883 -60.158562
v -142.000000 202.157883 -91.585129
v -142.000000 104.826385 -91.585129
v -142.000000 104.873367 -1443.183838
v -142.000000 104.873367 -1291.440674
v -142.000000 202.269806 -1291.440674
v -142.000000 202.269806 -1443.183838
v -142.000000 104.873367 -1298.517090
v -142.000000 202.269806 -1298.517090
v -142.000000 202.269806 -1435.781006
v -142.000000 104.873367 -1435.911133
v -140.000000 104.826401 -65.158562
v -129.000000 104.826401 -65.158562
v -129.000000 104.826385 -86.585129
v -140.000000 104.826385 -86.585129
v -140.000000 197.157883 -60.158562
v -129.000000 197.157883 -60.158562
v -129.000000 109.826401 -60.158562
v -140.000000 109.826401 -60.158562
v -140.000000 202.157883 -65.158562
v -140.000000 202.157883 -86.585129
v -129.000000 202.157883 -86.585129
v -129.000000 202.157883 -65.158562
v -140.000000 109.826385 -91.585129
v -129.000000 109.826385 -91.585129
v -129.000000 197.157883 -91.585129
v -140.000000 197.157883 -91.585129
v -142.000000 109.826401 -60.158562
v -142.000000 197.157883 -60.158562
v -142.000000 197.157883 -91.585129
v -142.000000 109.826385 -91.585129
v -142.000000 206.049988 -52.095940
v -140.000000 206.049988 -52.095940
v -142.000000 211.050003 -93.970909
v -142.000000 211.049988 -57.095940
v -140.000000 211.049988 -57.095940
v -140.000000 211.050003 -93.970909
v -142.000000 206.050003 -98.970909
v -140.000000 206.050003 -98.970909
v -142.000000 202.157883 -65.158562
v -142.000000 202.157883 -86.585129
v -142.000000 102.020782 -98.970909
v -140.000000 102.020782 -98.970909
v -142.000000 97.020782 -57.095940
v -142.000000 97.020782 -93.970909
v -140.000000 97.020782 -93.970909
v -140.000000 97.020782 -57.095940
v -142.000000 102.020782 -52.095940
v -140.000000 102.020782 -52.095940
v -142.000000 104.826385 -86.585129
v -142.000000 104.826401 -65.158562
v -129.000000 108.532303 -60.328934
v -140.000000 108.532303 -60.328934
v -129.000000 107.326401 -60.828434
v -140.000000 107.326401 -60.828434
v -129.000000 106.290863 -61.623028
v -140.000000 106.290863 -61.623028
v -129.000000 105.496277 -62.658562
v -140.000000 105.496277 -62.658562
v -129.000000 104.996773 -63.864468
v -140.000000 104.996773 -63.864468
v -129.000000 201.987518 -63.864468
v -140.000000 201.987518 -63.864468
v -129.000000 201.488007 -62.658562
v -140.000000 201.488007 -62.658562
v -129.000000 200.693420 -61.623028
v -140.000000 200.693420 -61.623028
v -129.000000 199.657883 -60.828434
v -140.000000 199.657883 -60.828434
v -129.000000 198.451981 -60.328934
v -140.000000 198.451981 -60.328934
v -140.000000 108.532288 -91.414757
v -129.000000 108.532288 -91.414757
v -140.000000 107.326385 -90.915253
v -129.000000 107.326385 -90.915253
v -140.000000 106.290848 -90.120667
v -129.000000 106.290848 -90.120667
v -140.000000 105.496262 -89.085129
v -129.000000 105.496262 -89.085129
v -140.000000 104.996758 -87.879227
v -129.000000 104.996758 -87.879227
v -129.000000 198.451981 -91.414757
v -140.000000 198.451981 -91.414757
v -129.000000 199.657883 -90.915253
v -140.000000 199.657883 -90.915253
v -129.000000 200.693420 -90.120667
v -140.000000 200.693420 -90.120667
v -129.000000 201.488007 -89.085129
v -140.000000 201.488007 -89.085129
v -129.000000 201.987518 -87.879227
v -140.000000 201.987518 -87.879227
v -142.000000 210.879623 -55.801846
v -140.000000 210.879623 -55.801846
v -142.000000 210.380112 -54.595940
v -140.000000 210.380112 -54.595940
v -142.000000 209.585526 -53.560406
v -140.000000 209.585526 -53.560406
v -142.000000 208.549988 -52.765812
v -140.000000 208.549988 -52.765812
v -142.000000 207.344086 -52.266312
v -140.000000 207.344086 -52.266312
v -142.000000 207.344101 -98.800537
v -140.000000 207.344101 -98.800537
v -142.000000 208.550003 -98.301033
v -140.000000 208.550003 -98.301033
v -142.000000 209.585541 -97.506439
v -140.000000 209.585541 -97.506439
v -142.000000 210.380127 -96.470909
v -140.000000 210.380127 -96.470909
v -142.000000 210.879639 -95.265007
v -140.000000 210.879639 -95.265007
v -142.000000 201.987518 -87.879227
v -142.000000 201.488007 -89.085129
v -142.000000 200.693420 -90.120667
v -142.000000 199.657883 -90.915253
v -142.000000 198.451981 -91.414757
v -142.000000 201.987518 -63.864468
v -142.000000 201.488007 -62.658562
v -142.000000 200.693420 -61.623028
v -142.000000 199.657883 -60.828434
v -142.000000 198.451981 -60.328934
v -142.000000 97.191154 -95.265007
v -140.000000 97.191154 -95.265007
v -142.000000 97.690659 -96.470909
v -140.000000 97.690659 -96.470909
v -142.000000 98.485245 -97.506439
v -140.000000 98.485245 -97.506439
v -142.000000 99.520782 -98.301033
v -140.000000 99.520782 -98.301033
v -142.000000 100.726685 -98.800537
v -140.000000 100.726685 -98.800537
v -142.000000 100.726685 -52.266312
v -140.000000 100.726685 -52.266312
v -142.000000 99.520782 -52.765812
v -140.000000 99.520782 -52.765812
v -142.000000 98.485245 -53.560406
v -140.000000 98.485245 -53.560406
v -142.000000 97.690659 -54.595940
v -140.000000 97.690659 -54.595940
v -142.000000 97.191154 -55.801846
v -140.000000 97.191154 -55.801846
v -142.000000 104.996773 -63.864468
v -142.000000 105.496277 -62.658562
v -142.000000 106.290863 -61.623028
v -142.000000 107.326401 -60.828434
v -142.000000 108.532303 -60.328934
v -142.000000 104.996758 -87.879227
v -142.000000 105.496262 -89.085129
v -142.000000 106.290848 -90.120667
v -142.000000 107.326385 -90.915253
v -142.000000 108.532288 -91.414757
v -140.000000 110.041512 -345.271240
v -140.000000 197.194519 -345.271240
v -129.000000 197.194519 -345.271240
v -129.000000 110.041512 -345.271240
v -140.000000 110.041519 -567.986023
v -129.000000 110.041519 -567.986023
v -140.000000 197.194519 -567.986023
v -129.000000 197.194519 -567.986023
v -140.000000 202.194519 -562.986023
v -129.000000 202.194519 -562.986023
v -140.000000 202.194519 -350.271240
v -129.000000 202.194519 -350.271240
v -140.000000 105.041512 -350.271240
v -129.000000 105.041512 -350.271240
v -140.000000 105.041519 -562.986023
v -129.000000 105.041519 -562.986023
v -142.000000 110.041512 -345.271240
v -142.000000 197.194519 -345.271240
v -142.000000 110.041519 -567.986023
v -142.000000 197.194519 -567.986023
v -142.000000 206.049988 -337.689636
v -140.000000 206.049988 -337.689636
v -142.000000 211.049988 -569.936096
v -142.000000 211.049988 -342.689636
v -140.000000 211.049988 -342.689636
v -140.000000 211.049988 -569.936096
v -142.000000 206.049988 -574.936096
v -140.000000 206.049988 -574.936096
v -142.000000 202.194519 -562.986023
v -142.000000 202.194519 -350.271240
v -142.000000 102.020782 -574.936096
v -140.000000 102.020782 -574.936096
v -142.000000 97.020782 -342.689636
v -142.000000 97.020782 -569.936096
v -140.000000 97.020782 -569.936096
v -140.000000 97.020782 -342.689636
v -142.000000 102.020782 -337.689636
v -140.000000 102.020782 -337.689636
v -142.000000 105.041512 -350.271240
v -142.000000 105.041519 -562.986023
v -140.000000 202.024155 -564.280090
v -129.000000 202.024155 -564.280090
v -140.000000 201.524643 -565.486023
v -129.000000 201.524643 -565.486023
v -140.000000 200.730057 -566.521545
v -129.000000 200.730057 -566.521545
v -140.000000 199.694519 -567.316162
v -129.000000 199.694519 -567.316162
v -140.000000 198.488617 -567.815674
v -129.000000 198.488617 -567.815674
v -129.000000 202.024155 -348.977142
v -140.000000 202.024155 -348.977142
v -129.000000 201.524643 -347.771240
v -140.000000 201.524643 -347.771240
v -129.000000 200.730057 -346.735718
v -140.000000 200.730057 -346.735718
v -129.000000 199.694519 -345.941101
v -140.000000 199.694519 -345.941101
v -129.000000 198.488617 -345.441620
v -140.000000 198.488617 -345.441620
v -140.000000 105.211884 -348.977142
v -129.000000 105.211884 -348.977142
v -140.000000 105.711388 -347.771240
v -129.000000 105.711388 -347.771240
v -140.000000 106.505981 -346.735718
v -129.000000 106.505981 -346.735718
v -140.000000 107.541512 -345.941101
v -129.000000 107.541512 -345.941101
v -140.000000 108.747414 -345.441620
v -129.000000 108.747414 -345.441620
v -129.000000 105.211891 -564.280090
v -140.000000 105.211891 -564.280090
v -129.000000 105.711395 -565.486023
v -140.000000 105.711395 -565.486023
v -129.000000 106.505981 -566.521545
v -140.000000 106.505981 -566.521545
v -129.000000 107.541519 -567.316162
v -140.000000 107.541519 -567.316162
v -129.000000 108.747421 -567.815674
v -140.000000 108.747421 -567.815674
v -142.000000 210.879623 -341.395538
v -140.000000 210.879623 -341.395538
v -142.000000 210.380112 -340.189636
v -140.000000 210.380112 -340.189636
v -142.000000 209.585526 -339.154114
v -140.000000 209.585526 -339.154114
v -142.000000 208.549988 -338.359497
v -140.000000 208.549988 -338.359497
v -142.000000 207.344086 -337.860016
v -140.000000 207.344086 -337.860016
v -142.000000 207.344086 -574.765747
v -140.000000 207.344086 -574.765747
v -142.000000 208.549988 -574.266235
v -140.000000 208.549988 -574.266235
v -142.000000 209.585526 -573.471619
v -140.000000 209.585526 -573.471619
v -142.000000 210.380112 -572.436096
v -140.000000 210.380112 -572.436096
v -142.000000 210.879623 -571.230164
v -140.000000 210.879623 -571.230164
v -142.000000 202.024155 -564.280090
v -142.000000 201.524643 -565.486023
v -142.000000 200.730057 -566.521545
v -142.000000 199.694519 -567.316162
v -142.000000 198.488617 -567.815674
v -142.000000 202.024155 -348.977142
v -142.000000 201.524643 -347.771240
v -142.000000 200.730057 -346.735718
v -142.000000 199.694519 -345.941101
v -142.000000 198.488617 -345.441620
v -142.000000 97.191154 -571.230164
v -140.000000 97.191154 -571.230164
v -142.000000 97.690659 -572.436096
v -140.000000 97.690659 -572.436096
v -142.000000 98.485245 -573.471619
v -140.000000 98.485245 -573.471619
v -142.000000 99.520782 -574.266235
v -140.000000 99.520782 -574.266235
v -142.000000 100.726685 -574.765747
v -140.000000 100.726685 -574.765747
v -142.000000 100.726685 -337.860016
v -140.000000 100.726685 -337.860016
v -142.000000 99.520782 -338.359497
v -140.000000 99.520782 -338.359497
v -142.000000 98.485245 -339.154114
v -140.000000 98.485245 -339.154114
v -142.000000 97.690659 -340.189636
v -140.000000 97.690659 -340.189636
v -142.000000 97.191154 -341.395538
v -140.000000 97.191154 -341.395538
v -142.000000 105.211884 -348.977142
v -142.000000 105.711388 -347.771240
v -142.000000 106.505981 -346.735718
v -142.000000 107.541512 -345.941101
v -142.000000 108.747414 -345.441620
v -142.000000 105.211891 -564.280090
v -142.000000 105.711395 -565.486023
v -142.000000 106.505981 -566.521545
v -142.000000 107.541519 -567.316162
v -142.000000 108.747421 -567.815674
v -140.000000 109.875626 -821.917419
v -140.000000 197.272003 -821.917419
v -129.000000 197.272003 -821.917419
v -129.000000 109.875626 -821.917419
v -140.000000 109.875626 -1044.523193
v -129.000000 109.875626 -1044.523193
v -140.000000 197.272003 -1044.523193
v -129.000000 197.272003 -1044.523193
v -140.000000 202.272003 -1039.523193
v -129.000000 202.272003 -1039.523193
v -140.000000 202.272003 -826.917419
v -129.000000 202.272003 -826.917419
v -140.000000 104.875626 -826.917419
v -129.000000 104.875626 -826.917419
v -140.000000 104.875626 -1039.523193
v -129.000000 104.875626 -1039.523193
v -142.000000 109.875626 -821.917419
v -142.000000 197.272003 -821.917419
v -142.000000 109.875626 -1044.523193
v -142.000000 197.272003 -1044.523193
v -142.000000 206.049988 -814.458984
v -140.000000 206.049988 -814.458984
v -142.000000 211.049988 -1046.765137
v -142.000000 211.049988 -819.458984
v -140.000000 211.049988 -819.458984
v -140.000000 211.049988 -1046.765137
v -142.000000 206.049988 -1051.765137
v -140.000000 206.049988 -1051.765137
v -142.000000 202.272003 -1039.523193
v -142.000000 202.272003 -826.917419
v -142.000000 102.020782 -1051.765137
v -140.000000 102.020782 -1051.765137
v -142.000000 97.020782 -819.458984
v -142.000000 97.020782 -1046.765137
v -140.000000 97.020782 -1046.765137
v -140.000000 97.020782 -819.458984
v -142.000000 102.020782 -814.458984
v -140.000000 102.020782 -814.458984
v -142.000000 104.875626 -826.917419
v -142.000000 104.875626 -1039.523193
v -140.000000 202.101639 -1040.817261
v -129.000000 202.101639 -1040.817261
v -140.000000 201.602127 -1042.023193
v -129.000000 201.602127 -1042.023193
v -140.000000 200.807541 -1043.058716
v -129.000000 200.807541 -1043.058716
v -140.000000 199.772003 -1043.853271
v -129.000000 199.772003 -1043.853271
v -140.000000 198.566101 -1044.352783
v -129.000000 198.566101 -1044.352783
v -129.000000 202.101639 -825.623352
v -140.000000 202.101639 -825.623352
v -129.000000 201.602127 -824.417419
v -140.000000 201.602127 -824.417419
v -129.000000 200.807541 -823.381897
v -140.000000 200.807541 -823.381897
v -129.000000 199.772003 -822.587280
v -140.000000 199.772003 -822.587280
v -129.000000 198.566101 -822.087769
v -140.000000 198.566101 -822.087769
v -140.000000 105.045998 -825.623352
v -129.000000 105.045998 -825.623352
v -140.000000 105.545502 -824.417419
v -129.000000 105.545502 -824.417419
v -140.000000 106.340088 -823.381897
v -129.000000 106.340088 -823.381897
v -140.000000 107.375626 -822.587280
v -129.000000 107.375626 -822.587280
v -140.000000 108.581528 -822.087769
v -129.000000 108.581528 -822.087769
v -129.000000 105.045998 -1040.817261
v -140.000000 105.045998 -1040.817261
v -129.000000 105.545502 -1042.023193
v -140.000000 105.545502 -1042.023193
v -129.000000 106.340088 -1043.058716
v -140.000000 106.340088 -1043.058716
v -129.000000 107.375626 -1043.853271
v -140.000000 107.375626 -1043.853271
v -129.000000 108.581528 -1044.352783
v -140.000000 108.581528 -1044.352783
v -142.000000 210.879623 -818.164917
v -140.000000 210.879623 -818.164917
v -142.000000 210.380112 -816.958984
v -140.000000 210.380112 -816.958984
v -142.000000 209.585526 -815.923462
v -140.000000 209.585526 -815.923462
v -142.000000 208.549988 -815.128845
v -140.000000 208.549988 -815.128845
v -142.000000 207.344086 -814.629333
v -140.000000 207.344086 -814.629333
v -142.000000 207.344086 -1051.594727
v -140.000000 207.344086 -1051.594727
v -142.000000 208.549988 -1051.095215
v -140.000000 208.549988 -1051.095215
v -142.000000 209.585526 -1050.300659
v -140.000000 209.585526 -1050.300659
v -142.000000 210.380112 -1049.265137
v -140.000000 210.380112 -1049.265137
v -142.000000 210.879623 -1048.059204
v -140.000000 210.879623 -1048.059204
v -142.000000 202.101639 -1040.817261
v -142.000000 201.602127 -1042.023193
v -142.000000 200.807541 -1043.058716
v -142.000000 199.772003 -1043.853271
v -142.000000 198.566101 -1044.352783
v -142.000000 202.101639 -825.623352
v -142.000000 201.602127 -824.417419
v -142.000000 200.807541 -823.381897
v -142.000000 199.772003 -822.587280
v -142.000000 198.566101 -822.087769
v -142.000000 97.191154 -1048.059204
v -140.000000 97.191154 -1048.059204
v -142.000000 97.690659 -1049.265137
v -140.000000 97.690659 -1049.265137
v -142.000000 98.485245 -1050.300659
v -140.000000 98.485245 -1050.300659
v -142.000000 99.520782 -1051.095215
v -140.000000 99.520782 -1051.095215
v -142.000000 100.726685 -1051.594727
v -140.000000 100.726685 -1051.594727
v -142.000000 100.726685 -814.629333
v -140.000000 100.726685 -814.629333
v -142.000000 99.520782 -815.128845
v -140.000000 99.520782 -815.128845
v -142.000000 98.485245 -815.923462
v -140.000000 98.485245 -815.923462
v -142.000000 97.690659 -816.958984
v -140.000000 97.690659 -816.958984
v -142.000000 97.191154 -818.164917
v -140.000000 97.191154 -818.164917
v -142.000000 105.045998 -825.623352
v -142.000000 105.545502 -824.417419
v -142.000000 106.340088 -823.381897
v -142.000000 107.375626 -822.587280
v -142.000000 108.581528 -822.087769
v -142.000000 105.045998 -1040.817261
v -142.000000 105.545502 -1042.023193
v -142.000000 106.340088 -1043.058716
v -142.000000 107.375626 -1043.853271
v -142.000000 108.581528 -1044.352783
v -140.000000 109.873367 -1298.517090
v -140.000000 197.269806 -1298.517090
v -129.000000 197.269806 -1298.517090
v -129.000000 109.873367 -1298.517090
v -140.000000 197.269806 -1435.787720
v -140.000000 109.873360 -1435.904419
v -129.000000 109.873360 -1435.904419
v -129.000000 197.269806 -1435.787720
v -140.000000 202.269806 -1303.517090
v -140.000000 202.269806 -1430.781006
v -129.000000 202.269806 -1430.781006
v -129.000000 202.269806 -1303.517090
v -140.000000 104.873367 -1430.911133
v -140.000000 104.873367 -1303.517090
v -129.000000 104.873367 -1303.517090
v -129.000000 104.873367 -1430.911133
v -142.000000 109.873367 -1298.517090
v -142.000000 197.269806 -1298.517090
v -142.000000 197.269806 -1435.787720
v -142.000000 109.873360 -1435.904419
v -142.000000 206.049988 -1291.440674
v -140.000000 206.049988 -1291.440674
v -142.000000 211.049988 -1438.183838
v -142.000000 211.049988 -1296.440674
v -140.000000 211.049988 -1296.440674
v -140.000000 211.049988 -1438.183838
v -142.000000 206.049988 -1443.183838
v -140.000000 206.049988 -1443.183838
v -142.000000 202.269806 -1303.517090
v -142.000000 202.269806 -1430.781006
v -142.000000 102.020782 -1443.183838
v -140.000000 102.020782 -1443.183838
v -142.000000 97.020790 -1296.440674
v -142.000000 97.020782 -1438.183838
v -140.000000 97.020782 -1438.183838
v -140.000000 97.020790 -1296.440674
v -142.000000 102.020790 -1291.440674
v -140.000000 102.020790 -1291.440674
v -142.000000 104.873367 -1430.911133
v -142.000000 104.873367 -1303.517090
v -140.000000 202.099442 -1432.075317
v -129.000000 202.099442 -1432.075317
v -140.000000 201.599930 -1433.281860
v -129.000000 201.599930 -1433.281860
v -140.000000 200.805344 -1434.318481
v -129.000000 200.805344 -1434.318481
v -140.000000 199.769806 -1435.114380
v -129.000000 199.769806 -1435.114380
v -140.000000 198.563904 -1435.615601
v -129.000000 198.563904 -1435.615601
v -129.000000 202.099442 -1302.223022
v -140.000000 202.099442 -1302.223022
v -129.000000 201.599930 -1301.017090
v -140.000000 201.599930 -1301.017090
v -129.000000 200.805344 -1299.981567
v -140.000000 200.805344 -1299.981567
v -129.000000 199.769806 -1299.187012
v -140.000000 199.769806 -1299.187012
v -129.000000 198.563904 -1298.687500
v -140.000000 198.563904 -1298.687500
v -140.000000 105.043739 -1302.223022
v -129.000000 105.043739 -1302.223022
v -140.000000 105.543243 -1301.017090
v -129.000000 105.543243 -1301.017090
v -140.000000 106.337830 -1299.981567
v -129.000000 106.337830 -1299.981567
v -140.000000 107.373367 -1299.187012
v -129.000000 107.373367 -1299.187012
v -140.000000 108.579269 -1298.687500
v -129.000000 108.579269 -1298.687500
v -129.000000 105.043739 -1432.204956
v -140.000000 105.043739 -1432.204956
v -129.000000 105.543243 -1433.410278
v -140.000000 105.543243 -1433.410278
v -129.000000 106.337830 -1434.444702
v -140.000000 106.337830 -1434.444702
v -129.000000 107.373367 -1435.237915
v -140.000000 107.373367 -1435.237915
v -129.000000 108.579269 -1435.735718
v -140.000000 108.579269 -1435.735718
v -142.000000 210.879623 -1295.146606
v -140.000000 210.879623 -1295.146606
v -142.000000 210.380112 -1293.940674
v -140.000000 210.380112 -1293.940674
v -142.000000 209.585526 -1292.905151
v -140.000000 209.585526 -1292.905151
v -142.000000 208.549988 -1292.110596
v -140.000000 208.549988 -1292.110596
v -142.000000 207.344086 -1291.611084
v -140.000000 207.344086 -1291.611084
v -142.000000 207.344086 -1443.013428
v -140.000000 207.344086 -1443.013428
v -142.000000 208.549988 -1442.513916
v -140.000000 208.549988 -1442.513916
v -142.000000 209.585526 -1441.719360
v -140.000000 209.585526 -1441.719360
v -142.000000 210.380112 -1440.683838
v -140.000000 210.380112 -1440.683838
v -142.000000 210.879623 -1439.477905
v -140.000000 210.879623 -1439.477905
v -142.000000 202.099442 -1432.075317
v -142.000000 201.599930 -1433.281860
v -142.000000 200.805344 -1434.318481
v -142.000000 199.769806 -1435.114380
v -142.000000 198.563904 -1435.615601
v -142.000000 202.099442 -1302.223022
v -142.000000 201.599930 -1301.017090
v -142.000000 200.805344 -1299.981567
v -142.000000 199.769806 -1299.187012
v -142.000000 198.563904 -1298.687500
v -142.000000 97.191154 -1439.477905
v -140.000000 97.191154 -1439.477905
v -142.000000 97.690659 -1440.683838
v -140.000000 97.690659 -1440.683838
v -142.000000 98.485245 -1441.719360
v -140.000000 98.485245 -1441.719360
v -142.000000 99.520782 -1442.513916
v -140.000000 99.520782 -1442.513916
v -142.000000 100.726685 -1443.013428
v -140.000000 100.726685 -1443.013428
v -142.000000 100.726692 -1291.611084
v -140.000000 100.726692 -1291.611084
v -142.000000 99.520790 -1292.110596
v -140.000000 99.520790 -1292.110596
v -142.000000 98.485260 -1292.905151
v -140.000000 98.485260 -1292.905151
v -142.000000 97.690666 -1293.940674
v -140.000000 97.690666 -1293.940674
v -142.000000 97.191162 -1295.146606
v -140.000000 97.191162 -1295.146606
v -142.000000 105.043739 -1302.223022
v -142.000000 105.543243 -1301.017090
v -142.000000 106.337830 -1299.981567
v -142.000000 107.373367 -1299.187012
v -142.000000 108.579269 -1298.687500
v -142.000000 105.043739 -1432.204956
v -142.000000 105.543243 -1433.410278
v -142.000000 106.337830 -1434.444702
v -142.000000 107.373367 -1435.237915
v -142.000000 108.579269 -1435.735718
v -136.000000 24.060261 -275.150146
v -140.000000 24.060261 -275.150146
v -136.000000 14.060250 -265.150146
v -140.000000 14.060250 -265.150146
v -136.000000 14.060154 -171.779373
v -140.000000 14.060154 -171.779373
v -136.000000 24.060143 -161.779373
v -140.000000 24.060143 -161.779373
v -136.000000 201.050003 -161.779358
v -140.000000 201.050003 -161.779358
v -136.000000 211.050003 -171.779373
v -140.000000 211.050003 -171.779373
v -136.000000 211.050003 -265.150146
v -140.000000 211.050003 -265.150146
v -136.000000 201.050003 -275.150146
v -140.000000 201.050003 -275.150146
v -136.000000 24.060753 -751.686890
v -140.000000 24.060753 -751.686890
v -136.000000 14.060744 -741.686890
v -140.000000 14.060744 -741.686890
v -136.000000 14.060649 -649.382263
v -140.000000 14.060649 -649.382263
v -136.000000 24.060638 -639.382263
v -140.000000 24.060638 -639.382263
v -136.000000 201.049988 -639.382263
v -140.000000 201.049988 -639.382263
v -136.000000 211.049988 -649.382263
v -140.000000 211.049988 -649.382263
v -136.000000 211.049988 -741.686890
v -140.000000 211.049988 -741.686890
v -136.000000 201.049988 -751.686890
v -140.000000 201.049988 -751.686890
v -136.000000 14.061144 -1126.230957
v -140.000000 14.061144 -1126.230957
v -136.000000 24.061134 -1116.230957
v -140.000000 24.061134 -1116.230957
v -136.000000 24.061251 -1229.262817
v -140.000000 24.061251 -1229.262817
v -136.000000 14.061240 -1219.262817
v -140.000000 14.061240 -1219.262817
v -136.000000 201.049988 -1116.230957
v -140.000000 201.049988 -1116.230957
v -136.000000 211.049988 -1126.230957
v -140.000000 211.049988 -1126.230957
v -136.000000 211.049988 -1219.262817
v -140.000000 211.049988 -1219.262817
v -136.000000 201.049988 -1229.262817
v -140.000000 201.049988 -1229.262817
v -136.000000 14.400995 -267.738342
v -140.000000 14.400995 -267.738342
v -136.000000 15.400002 -270.150146
v -140.000000 15.400002 -270.150146
v -136.000000 16.989189 -272.221222
v -140.000000 16.989189 -272.221222
v -136.000000 19.060259 -273.810394
v -140.000000 19.060259 -273.810394
v -136.000000 21.472069 -274.809418
v -140.000000 21.472069 -274.809418
v -136.000000 21.471952 -162.120117
v -140.000000 21.471952 -162.120117
v -136.000000 19.060144 -163.119125
v -140.000000 19.060144 -163.119125
v -136.000000 16.989079 -164.708313
v -140.000000 16.989079 -164.708313
v -136.000000 15.399893 -166.779373
v -140.000000 15.399893 -166.779373
v -136.000000 14.400892 -169.191177
v -140.000000 14.400892 -169.191177
v -136.000000 210.709259 -169.191177
v -140.000000 210.709259 -169.191177
v -136.000000 209.710251 -166.779373
v -140.000000 209.710251 -166.779373
v -136.000000 208.121063 -164.708313
v -140.000000 208.121063 -164.708313
v -136.000000 206.050003 -163.119110
v -140.000000 206.050003 -163.119110
v -136.000000 203.638199 -162.120102
v -140.000000 203.638199 -162.120102
v -136.000000 203.638199 -274.809418
v -140.000000 203.638199 -274.809418
v -136.000000 206.050003 -273.810394
v -140.000000 206.050003 -273.810394
v -136.000000 208.121063 -272.221222
v -140.000000 208.121063 -272.221222
v -136.000000 209.710251 -270.150146
v -140.000000 209.710251 -270.150146
v -136.000000 210.709259 -267.738342
v -140.000000 210.709259 -267.738342
v -136.000000 14.401489 -744.275085
v -140.000000 14.401489 -744.275085
v -136.000000 15.400496 -746.686890
v -140.000000 15.400496 -746.686890
v -136.000000 16.989683 -748.757935
v -140.000000 16.989683 -748.757935
v -136.000000 19.060753 -750.347168
v -140.000000 19.060753 -750.347168
v -136.000000 21.472563 -751.346130
v -140.000000 21.472563 -751.346130
v -136.000000 21.472448 -639.723022
v -140.000000 21.472448 -639.723022
v -136.000000 19.060640 -640.721985
v -140.000000 19.060640 -640.721985
v -136.000000 16.989574 -642.311218
v -140.000000 16.989574 -642.311218
v -136.000000 15.400389 -644.382263
v -140.000000 15.400389 -644.382263
v -136.000000 14.401388 -646.794067
v -140.000000 14.401388 -646.794067
v -136.000000 210.709244 -646.794067
v -140.000000 210.709244 -646.794067
v -136.000000 209.710236 -644.382263
v -140.000000 209.710236 -644.382263
v -136.000000 208.121063 -642.311218
v -140.000000 208.121063 -642.311218
v -136.000000 206.049988 -640.721985
v -140.000000 206.049988 -640.721985
v -136.000000 203.638184 -639.723022
v -140.000000 203.638184 -639.723022
v -136.000000 203.638184 -751.346130
v -140.000000 203.638184 -751.346130
v -136.000000 206.049988 -750.347168
v -140.000000 206.049988 -750.347168
v -136.000000 208.121063 -748.757935
v -140.000000 208.121063 -748.757935
v -136.000000 209.710236 -746.686890
v -140.000000 209.710236 -746.686890
v -136.000000 210.709244 -744.275085
v -140.000000 210.709244 -744.275085
v -136.000000 21.472944 -1116.571655
v -140.000000 21.472944 -1116.571655
v -136.000000 19.061136 -1117.570679
v -140.000000 19.061136 -1117.570679
v -136.000000 16.990070 -1119.159912
v -140.000000 16.990070 -1119.159912
v -136.000000 15.400885 -1121.230957
v -140.000000 15.400885 -1121.230957
v -136.000000 14.401884 -1123.642822
v -140.000000 14.401884 -1123.642822
v -136.000000 14.401985 -1221.850952
v -140.000000 14.401985 -1221.850952
v -136.000000 15.400991 -1224.262817
v -140.000000 15.400991 -1224.262817
v -136.000000 16.990181 -1226.333862
v -140.000000 16.990181 -1226.333862
v -136.000000 19.061249 -1227.923096
v -140.000000 19.061249 -1227.923096
v -136.000000 21.473061 -1228.922119
v -140.000000 21.473061 -1228.922119
v -136.000000 210.709244 -1123.642822
v -140.000000 210.709244 -1123.642822
v -136.000000 209.710236 -1121.230957
v -140.000000 209.710236 -1121.230957
v -136.000000 208.121063 -1119.159912
v -140.000000 208.121063 -1119.159912
v -136.000000 206.049988 -1117.570679
v -140.000000 206.049988 -1117.570679
v -136.000000 203.638184 -1116.571655
v -140.000000 203.638184 -1116.571655
v -136.000000 203.638184 -1228.922119
v -140.000000 203.638184 -1228.922119
v -136.000000 206.049988 -1227.923096
v -140.000000 206.049988 -1227.923096
v -136.000000 208.121063 -1226.333862
v -140.000000 208.121063 -1226.333862
v -136.000000 209.710236 -1224.262817
v -140.000000 209.710236 -1224.262817
v -136.000000 210.709244 -1221.850952
v -140.000000 210.709244 -1221.850952
v -129.000000 202.194519 -461.139465
v -129.000000 202.194519 -452.036163
v -129.000000 105.041519 -452.036163
v -129.000000 105.041519 -461.139465
v -139.000000 105.041519 -462.139465
v -130.000000 105.041519 -462.139465
v -139.000000 202.194519 -451.036163
v -139.000000 105.041519 -451.036163
v -130.000000 105.041519 -451.036163
v -130.000000 202.194519 -451.036163
v -139.000000 202.194519 -462.139465
v -130.000000 202.194519 -462.139465
v -129.000000 202.272003 -937.808472
v -129.000000 202.272003 -929.325073
v -129.000000 104.875626 -929.325073
v -129.000000 104.875626 -937.808472
v -139.000000 104.875626 -938.808472
v -130.000000 104.875626 -938.808472
v -139.000000 202.272003 -928.325073
v -139.000000 104.875626 -928.325073
v -130.000000 104.875626 -928.325073
v -130.000000 202.272003 -928.325073
v -139.000000 202.272003 -938.808472
v -130.000000 202.272003 -938.808472
v -140.000000 251.000000 -275.200012
v -140.000000 251.000000 -161.800003
v -140.000000 251.000000 -639.591431
v -140.000000 251.000000 -751.700012
v -140.000000 251.000000 -1116.114014
v -140.000000 251.000000 -1229.000000
v 0.000000 286.000000 100.000000
v 0.000000 0.000000 100.000000
v 0.000000 0.000000 -24.000000
v 0.000000 286.000000 -24.000000
v 0.000000 220.943024 100.000000
v 0.000000 19.855923 100.000008
v 0.000000 12.271992 100.000000
v 0.000000 215.300003 100.000000
v 0.000000 283.000000 -24.000000
v 0.000000 275.044556 84.000000
v 0.000000 14.060000 84.000000
v 0.000000 14.060000 -24.000000
v -0.000063 19.855835 84.000000
v 0.000000 270.411835 84.000000
v 0.000000 241.322678 84.000000
v -0.000062 215.300079 84.000000
v 0.000000 275.044556 -24.000000
v -140.000000 254.000000 82.500000
v -140.000000 0.000000 77.500000
v -140.000000 0.000000 -24.000000
v -140.000000 254.000000 -24.000000
v -46.119648 0.000000 100.000000
v -46.119999 284.500000 100.000000
v -46.119648 0.000000 -24.000000
v -46.119999 284.500000 -24.000000
v -140.000000 29.627934 82.500000
v -46.119648 17.536362 100.000000
v -100.685516 21.948793 89.828506
v -140.000000 33.525963 82.500000
v -46.119648 21.448805 100.000000
v -99.077377 26.123789 90.128174
v -139.097458 102.450928 74.000000
v -46.119648 102.970276 100.000000
v -46.119648 99.000000 100.000000
v -138.194916 99.000000 80.820000
v -112.400002 275.000000 87.645287
v -112.400002 275.000000 -24.000000
v -129.399994 264.299988 84.484680
v -129.399994 264.299988 -24.000000
v -66.449997 281.600006 96.210449
v -68.413742 271.855652 95.843994
v -109.761795 266.037842 88.136475
v -124.306343 257.518890 85.425293
v -132.409729 250.246613 83.914894
v -129.000000 102.450928 76.500000
v -46.119648 220.443024 100.000000
v -46.119648 12.271992 100.000000
v -33.993343 19.855923 99.999756
v -41.582840 0.000000 100.000000
v -37.605812 12.271992 100.000000
v -33.993343 215.300003 99.999756
v -132.409729 215.300003 82.820000
v -46.119648 215.300003 100.000000
v -66.208664 281.620667 -24.000000
v -140.000000 251.000000 -24.000000
v -129.399994 261.299988 -24.000000
v -129.399994 261.299988 -24.000000
v -112.400002 272.000000 -24.000000
v -112.400002 272.000000 -24.000000
v -66.449997 278.600006 -24.000000
v -66.449997 278.600006 -24.000000
v -46.119999 281.500000 -24.000000
v -46.119999 281.500000 -24.000000
v -140.000000 14.060000 -24.000000
v -140.000000 14.060000 79.915802
v -140.000000 215.300003 80.820000
v -140.000000 215.300003 -24.000000
v -140.000000 215.299988 -10.555170
v -140.000000 14.060000 -10.555170
v -140.000000 14.060000 38.584621
v -140.000000 215.300003 38.584621
v -140.000000 99.714279 38.584621
v -140.000000 99.717529 -10.555170
v -140.000000 85.705460 38.584621
v -140.000000 85.709999 -10.555170
v -140.000000 155.358490 74.000000
v -140.000000 155.358490 38.584621
v -140.000000 22.487762 81.320557
v -140.000000 22.487762 38.584621
v -140.000000 155.358490 45.834164
v -140.000000 22.487762 45.834164
v -140.000000 155.626358 -24.000000
v -140.000000 155.626358 -10.555170
v -140.000000 99.717529 -24.000000
v -140.000000 85.709999 -24.000000
v -140.000000 99.717529 -16.210661
v -140.000000 155.626358 -16.210661
v -140.000000 85.709999 -16.210661
v -140.000000 23.123293 -10.555170
v -140.000000 23.123293 -16.210661
v -140.000000 23.123293 -24.000000
v -129.000000 14.060000 76.500000
v -129.000000 14.060000 -24.000000
v -45.228348 14.060000 84.000000
v -45.041363 272.990845 84.000000
v -46.119648 14.060000 -24.000000
v -129.000000 30.292891 76.500000
v -45.107582 17.536331 84.000000
v -129.000000 33.525921 76.500000
v -45.107582 21.448772 84.000000
v -45.107594 102.970276 84.000000
v -45.107590 99.000000 84.000000
v -129.000000 99.537331 76.500000
v -108.788704 263.262421 81.000000
v -45.107533 234.455444 84.000000
v -49.463989 102.450928 84.000000
v -49.463928 234.455460 84.000000
v -64.496765 270.171021 84.000000
v -45.107391 240.481064 84.000000
v 0.000020 226.443039 84.000000
v -45.107491 226.443024 84.000000
v -45.107494 12.271960 84.000000
v 0.000063 19.855835 84.000000
v -33.993385 19.855835 84.000000
v 0.000020 12.271906 84.000000
v -41.582840 14.060000 84.000000
v -37.605804 12.271848 84.000000
v -31.951656 241.322693 84.000000
v -31.951656 270.411835 84.000000
v 0.000062 215.300079 84.000000
v -33.993397 215.300049 84.000000
v -49.463985 215.299988 84.000000
v -45.107574 215.300003 84.000000
v -129.000000 14.060000 -24.000000
v -129.000000 215.300003 -24.000000
v -129.000000 215.300003 -10.555170
v -129.000000 14.060000 -10.555170
v -129.000000 14.060000 38.584621
v -129.000000 215.300003 38.584621
v -129.000000 99.537331 38.584621
v -129.000000 99.537331 -10.555170
v -129.000000 85.705460 38.584621
v -129.000000 85.709999 -10.555170
v -129.000000 155.399994 38.584621
v -129.000000 23.228186 76.500000
v -129.000000 22.487762 38.584621
v -129.000000 155.399994 45.830002
v -129.000000 22.487762 45.834164
v -129.000000 155.626358 -24.000000
v -129.000000 155.626358 -10.555170
v -129.000000 99.537331 -24.000000
v -129.000000 85.709999 -24.000000
v -129.000000 99.537331 -16.210661
v -129.000000 155.626358 -16.210661
v -129.000000 85.709999 -16.210661
v -129.000000 23.123293 -10.555170
v -129.000000 23.123293 -16.210661
v -129.000000 23.123293 -24.000000
v -138.097458 102.450928 80.820000
v -129.000000 99.537331 45.834160
v -129.000000 215.300003 76.500000
v -140.000000 215.300003 74.000000
v -108.788704 263.262421 -24.000000
v -64.496765 270.171021 -24.000000
v -45.041363 272.990845 -24.000000
v -45.041363 272.990845 -24.000000
v -64.496765 270.171021 -24.000000
v -129.000000 215.300003 45.830002
v -129.000000 155.399994 76.500000
v -108.788704 263.262421 -24.000000
v -122.600189 252.699997 -24.000000
v -121.964661 252.699997 77.500000
v -129.000000 246.858368 -24.000000
v -122.600189 252.699997 -24.000000
v -129.000000 246.858368 76.965210
v -129.000000 246.858368 -24.000000
v -136.000000 215.299988 -10.555170
v -136.000000 14.060000 -10.555170
v -136.000000 14.060000 38.584621
v -136.000000 215.300003 38.584621
v -136.000000 99.714279 38.584621
v -136.000000 99.717529 -10.555170
v -136.000000 85.705460 38.584621
v -136.000000 85.709999 -10.555170
v -136.000000 155.358490 38.584621
v -136.000000 22.487762 38.584621
v -136.000000 155.626358 -10.555170
v -136.000000 23.123293 -10.555170
v -133.000000 215.300003 -10.555170
v -133.000000 14.060000 -10.555170
v -133.000000 14.060000 38.584621
v -133.000000 215.300003 38.584621
v -133.000000 99.537331 38.584621
v -133.000000 99.537331 -10.555170
v -133.000000 85.705460 38.584621
v -133.000000 85.709999 -10.555170
v -133.000000 155.399994 38.584621
v -133.000000 22.487762 38.584621
v -133.000000 155.626358 -10.555170
v -133.000000 23.123293 -10.555170
v -139.658386 45.916744 82.182060
v -46.119648 35.354935 100.000008
v -80.104111 24.448875 93.664970
v -126.149063 31.020576 85.081879
v -31.177959 19.855923 99.999771
v -25.334169 19.855923 99.999817
v -16.730814 19.855923 99.999886
v -3.744612 19.855923 99.999977
v -77.691383 34.918362 88.934616
v -78.149490 31.684961 88.878227
v -79.067322 31.766850 93.792580
v -78.609215 35.000248 93.848969
v -119.530296 43.665756 80.927017
v -81.035759 39.319191 88.259743
v -81.953590 39.401077 93.174095
v -120.448128 43.747643 85.841370
v -124.275162 37.950291 80.175812
v -123.976112 40.143406 80.178406
v -124.893944 40.225292 85.092758
v -125.192993 38.032177 85.090164
v -82.607529 28.254385 88.079048
v -120.918564 33.457687 80.901253
v -121.836395 33.539574 85.815605
v -83.525360 28.336273 92.993401
v -79.158226 38.568184 88.622452
v -80.076057 38.650070 93.536804
v -77.934097 36.957367 88.869476
v -78.851929 37.039253 93.783829
v -123.182678 42.065990 80.280418
v -124.100510 42.147877 85.194771
v -121.555397 43.355259 80.554428
v -122.473228 43.437145 85.468781
v -122.794670 34.253311 80.536812
v -123.712502 34.335197 85.451164
v -124.023270 35.897724 80.271286
v -124.941101 35.979610 85.185638
v -81.501686 28.602154 93.367722
v -80.583855 28.520266 88.453369
v -79.869934 29.857830 93.660240
v -78.952103 29.775942 88.745888
v -73.999168 280.515686 94.803268
v -94.748016 18.171085 90.935303
v -59.932007 11.900431 98.543716
v -60.427368 3.585981 98.008919
v -131.594742 3.758814 79.730751
v -136.000000 8.066369 78.839882
v -136.000000 16.489487 80.270935
v -131.317322 23.355059 83.858032
v -140.000000 205.981598 -161.789551
v -140.000015 200.524017 -98.970909
v -140.000015 195.798691 -98.970909
v -140.000000 197.230179 -161.779358
v -140.000015 192.267868 -98.970909
v -140.000000 193.798035 -161.779358
v 140.000000 251.000000 -1473.000000
v 140.000000 0.000000 -1473.000000
v 140.000000 0.000000 -24.000000
v 140.000000 251.000000 -24.000000
v 46.119999 281.500000 -1473.000000
v 46.119999 281.500000 -24.000000
v 66.449997 278.600006 -1473.000000
v 66.449997 278.600006 -24.000000
v 112.400002 272.000000 -1473.000000
v 112.400002 272.000000 -24.000000
v 129.399994 261.299988 -1473.000000
v 129.399994 261.299988 -24.000000
v 140.000000 97.020782 -1473.000000
v 140.000000 97.020782 -24.000000
v 140.000000 211.049988 -1473.000000
v 140.000000 211.049988 -24.000000
v 140.000000 211.049988 -52.095940
v 140.000000 97.020782 -52.095940
v 140.000000 211.050003 -98.970909
v 140.000000 97.020782 -98.970909
v 140.000000 14.061504 -1473.000000
v 140.000000 14.060000 -24.000000
v 140.000000 211.050003 -161.800003
v 140.000000 97.020782 -161.779373
v 140.000000 211.050003 -275.200012
v 140.000000 97.020782 -275.150146
v 140.000000 211.050018 -218.290024
v 140.000000 14.060143 -161.779373
v 140.000000 14.060261 -275.150146
v 140.000000 14.060202 -218.290024
v 140.000000 102.410797 -161.779373
v 140.000000 102.410797 -275.150146
v 140.000000 202.144775 -161.779358
v 140.000000 202.144775 -275.150146
v 140.000000 211.049988 -337.689636
v 140.000000 97.020782 -337.689636
v 140.000000 97.020782 -574.936096
v 140.000000 211.049988 -574.936096
v 140.000000 105.041512 -574.936096
v 140.000000 105.041512 -337.689636
v 140.000000 202.194519 -337.689636
v 140.000000 202.194519 -574.936096
v 140.000000 155.676147 -567.986023
v 140.000000 105.041519 -462.139465
v 140.000000 160.286316 -567.986023
v 140.000000 202.194519 -462.139465
v 140.000000 202.194519 -451.036163
v 140.000000 105.041519 -451.036163
v 140.000000 211.049988 -639.591431
v 140.000000 97.020782 -639.382263
v 140.000000 211.049988 -751.700012
v 140.000000 97.020782 -751.686890
v 140.000000 14.060755 -751.686890
v 140.000000 14.060638 -639.382263
v 140.000000 14.060696 -695.171326
v 140.000000 211.049988 -695.171326
v 140.000000 102.662788 -639.382263
v 140.000000 202.123871 -639.382263
v 140.000000 102.662788 -751.686890
v 140.000000 202.123871 -751.686890
v 140.000000 211.049988 -814.458984
v 140.000000 97.020782 -814.458984
v 140.000000 97.020782 -1051.765137
v 140.000000 211.049988 -1051.765137
v 140.000000 104.875626 -1051.765137
v 140.000000 104.875626 -814.458984
v 140.000000 202.272003 -1051.765137
v 140.000000 202.272003 -814.458984
v 140.000000 160.177475 -1044.523193
v 140.000000 202.272003 -938.808472
v 140.000000 155.635590 -1044.523193
v 140.000000 104.875626 -938.808472
v 140.000000 202.272003 -928.325073
v 140.000000 104.875626 -928.325073
v 140.000000 14.061133 -1116.230957
v 140.000000 97.020790 -1116.230957
v 140.000000 14.061251 -1229.262817
v 140.000000 97.020790 -1229.262817
v 140.000000 211.049988 -1229.000000
v 140.000000 211.049988 -1116.114014
v 140.000000 211.049988 -1172.435059
v 140.000000 14.061192 -1172.435059
v 140.000000 102.720207 -1116.230957
v 140.000000 102.720207 -1229.262817
v 140.000000 202.161896 -1116.230957
v 140.000000 202.161896 -1229.262817
v 140.000000 202.157867 -98.970909
v 140.000000 202.157867 -52.095940
v 140.000000 104.826393 -52.095940
v 140.000000 104.826393 -98.970909
v 140.000000 97.020790 -1291.440674
v 140.000000 211.049988 -1291.440674
v 140.000000 211.049988 -1443.183838
v 140.000000 97.020782 -1443.183838
v 140.000000 104.873367 -1443.183838
v 140.000000 104.873367 -1291.440674
v 140.000000 202.269806 -1291.440674
v 140.000000 202.269806 -1443.183838
v 129.000000 246.858368 -1468.080688
v 129.000000 14.060000 -1466.649170
v 129.000000 14.060000 -24.000000
v 129.000000 246.858368 -24.000000
v 45.041363 272.990845 -1468.080688
v 45.041363 272.990845 -24.000000
v 64.496765 270.171021 -1468.080688
v 64.496765 270.171021 -24.000000
v 108.788704 263.262421 -1468.080688
v 108.788704 263.262421 -24.000000
v 123.318062 252.699997 -1468.080688
v 122.600189 252.699997 -24.000000
v 130.161301 97.020782 -1468.080688
v 129.000000 97.020782 -24.000000
v 130.161301 211.049988 -1468.080688
v 129.000000 211.049988 -24.000000
v 129.000000 211.049988 -52.095940
v 129.000000 97.020782 -52.095940
v 129.000000 211.050003 -98.970909
v 129.000000 97.020782 -98.970909
v 129.000000 14.061504 -1468.080688
v 129.000000 14.060000 -24.000000
v 129.000000 211.050003 -161.779373
v 129.000000 97.020782 -161.779373
v 129.000000 211.050003 -275.150146
v 129.000000 97.020782 -275.150146
v 129.000000 211.050018 -218.290024
v 129.000000 14.060143 -161.779373
v 129.000000 14.060261 -275.150146
v 129.000000 14.060202 -218.290024
v 129.000000 102.410797 -161.779373
v 129.000000 102.410797 -275.150146
v 129.000000 202.144775 -161.779358
v 129.000000 202.144775 -275.150146
v 129.000000 211.049988 -337.689636
v 129.000000 97.020782 -337.689636
v 129.000000 97.020782 -574.936096
v 129.000000 211.049988 -574.936096
v 129.000000 105.041512 -574.936096
v 129.000000 105.041512 -337.689636
v 129.000000 202.194519 -337.689636
v 129.000000 202.194519 -574.936096
v 129.000000 202.194519 -345.271240
v 129.000000 105.041512 -345.271240
v 129.000000 105.041519 -567.986023
v 129.000000 202.194519 -567.986023
v 129.000000 155.676147 -567.986023
v 129.000000 105.041519 -462.139465
v 129.000000 160.286316 -567.986023
v 129.000000 202.194519 -462.139465
v 129.000000 202.194519 -451.036163
v 129.000000 105.041519 -451.036163
v 129.000000 211.049988 -639.382263
v 129.000000 97.020782 -639.382263
v 129.000000 211.049988 -751.686890
v 129.000000 97.020782 -751.686890
v 129.000000 14.060755 -751.686890
v 129.000000 14.060638 -639.382263
v 129.000000 14.060696 -695.171326
v 129.000000 211.049988 -695.171326
v 129.000000 102.662788 -639.382263
v 129.000000 202.123871 -639.382263
v 129.000000 102.662788 -751.686890
v 129.000000 202.123871 -751.686890
v 129.000000 211.049988 -814.458984
v 129.000000 97.020782 -814.458984
v 129.000000 97.020782 -1051.765137
v 129.000000 211.049988 -1051.765137
v 129.000000 104.875626 -1051.765137
v 129.000000 104.875626 -814.458984
v 129.000000 202.272003 -1051.765137
v 129.000000 202.272003 -814.458984
v 129.000000 104.875626 -1044.523193
v 129.000000 202.272003 -1044.523193
v 129.000000 104.875626 -821.917419
v 129.000000 202.272003 -821.917419
v 129.000000 160.177475 -1044.523193
v 129.000000 202.272003 -938.808472
v 129.000000 155.635590 -1044.523193
v 129.000000 104.875626 -938.808472
v 129.000000 202.272003 -928.325073
v 129.000000 104.875626 -928.325073
v 129.000000 14.061133 -1116.230957
v 129.000000 97.020790 -1116.230957
v 129.000000 14.061251 -1229.262817
v 129.000000 97.020790 -1229.262817
v 129.000000 211.049988 -1229.262817
v 129.000000 211.049988 -1116.230957
v 129.000000 211.049988 -1172.435059
v 129.000000 14.061192 -1172.435059
v 129.000000 102.720207 -1116.230957
v 129.000000 102.720207 -1229.262817
v 129.000000 202.161896 -1116.230957
v 129.000000 202.161896 -1229.262817
v 129.000000 202.157867 -98.970909
v 129.000000 202.157867 -52.095940
v 129.000000 104.826393 -52.095940
v 129.000000 104.826393 -98.970909
v 129.000000 104.826401 -60.158562
v 129.000000 202.157883 -60.158562
v 129.000000 202.157883 -91.585129
v 129.000000 104.826385 -91.585129
v 129.000000 97.020790 -1291.440674
v 129.000000 211.049988 -1291.440674
v 129.000000 211.049988 -1443.183838
v 129.000000 97.020782 -1443.183838
v 129.000000 104.873367 -1443.183838
v 129.000000 104.873367 -1291.440674
v 129.000000 202.269806 -1291.440674
v 129.000000 202.269806 -1443.183838
v 129.000000 104.873367 -1298.517090
v 129.000000 202.269806 -1298.517090
v 129.000000 202.269806 -1435.781006
v 129.000000 104.873367 -1435.911133
v 136.000000 211.050003 -161.779373
v 136.000000 97.020782 -161.779373
v 136.000000 211.050003 -275.150146
v 136.000000 97.020782 -275.150146
v 136.000000 211.050018 -218.290024
v 136.000000 14.060143 -161.779373
v 136.000000 14.060261 -275.150146
v 136.000000 14.060202 -218.290024
v 136.000000 102.410797 -161.779373
v 136.000000 102.410797 -275.150146
v 136.000000 202.144775 -161.779358
v 136.000000 202.144775 -275.150146
v 136.000000 211.049988 -639.382263
v 136.000000 97.020782 -639.382263
v 136.000000 211.049988 -751.686890
v 136.000000 97.020782 -751.686890
v 136.000000 14.060755 -751.686890
v 136.000000 14.060638 -639.382263
v 136.000000 14.060696 -695.171326
v 136.000000 211.049988 -695.171326
v 136.000000 102.662788 -639.382263
v 136.000000 202.123871 -639.382263
v 136.000000 102.662788 -751.686890
v 136.000000 202.123871 -751.686890
v 136.000000 14.061133 -1116.230957
v 136.000000 97.020790 -1116.230957
v 136.000000 14.061251 -1229.262817
v 136.000000 97.020790 -1229.262817
v 136.000000 211.049988 -1229.262817
v 136.000000 211.049988 -1116.230957
v 136.000000 211.049988 -1172.435059
v 136.000000 14.061192 -1172.435059
v 136.000000 102.720207 -1116.230957
v 136.000000 102.720207 -1229.262817
v 136.000000 202.161896 -1116.230957
v 136.000000 202.161896 -1229.262817
v 133.000000 211.050003 -161.779373
v 133.000000 97.020782 -161.779373
v 133.000000 211.050003 -275.150146
v 133.000000 97.020782 -275.150146
v 133.000000 211.050018 -218.290024
v 133.000000 14.060143 -161.779373
v 133.000000 14.060261 -275.150146
v 133.000000 14.060202 -218.290024
v 133.000000 102.410797 -161.779373
v 133.000000 102.410797 -275.150146
v 133.000000 202.144775 -161.779358
v 133.000000 202.144775 -275.150146
v 133.000000 211.049988 -639.382263
v 133.000000 97.020782 -639.382263
v 133.000000 211.049988 -751.686890
v 133.000000 97.020782 -751.686890
v 133.000000 14.060755 -751.686890
v 133.000000 14.060638 -639.382263
v 133.000000 14.060696 -695.171326
v 133.000000 211.049988 -695.171326
v 133.000000 102.662788 -639.382263
v 133.000000 202.123871 -639.382263
v 133.000000 102.662788 -751.686890
v 133.000000 202.123871 -751.686890
v 133.000000 14.061133 -1116.230957
v 133.000000 97.020790 -1116.230957
v 133.000000 14.061251 -1229.262817
v 133.000000 97.020790 -1229.262817
v 133.000000 211.049988 -1229.262817
v 133.000000 211.049988 -1116.230957
v 133.000000 211.049988 -1172.435059
v 133.000000 14.061192 -1172.435059
v 133.000000 102.720207 -1116.230957
v 133.000000 102.720207 -1229.262817
v 133.000000 202.161896 -1116.230957
v 133.000000 202.161896 -1229.262817
v 142.000000 105.041512 -574.936096
v 142.000000 105.041512 -337.689636
v 142.000000 202.194519 -337.689636
v 142.000000 202.194519 -574.936096
v 142.000000 202.194519 -345.271240
v 142.000000 105.041512 -345.271240
v 142.000000 105.041519 -567.986023
v 142.000000 202.194519 -567.986023
v 142.000000 155.676147 -567.986023
v 142.000000 105.041519 -462.139465
v 142.000000 160.286316 -567.986023
v 142.000000 202.194519 -462.139465
v 142.000000 202.194519 -451.036163
v 142.000000 105.041519 -451.036163
v 142.000000 104.875626 -1051.765137
v 142.000000 104.875626 -814.458984
v 142.000000 202.272003 -1051.765137
v 142.000000 202.272003 -814.458984
v 142.000000 104.875626 -1044.523193
v 142.000000 202.272003 -1044.523193
v 142.000000 104.875626 -821.917419
v 142.000000 202.272003 -821.917419
v 142.000000 160.177475 -1044.523193
v 142.000000 202.272003 -938.808472
v 142.000000 155.635590 -1044.523193
v 142.000000 104.875626 -938.808472
v 142.000000 202.272003 -928.325073
v 142.000000 104.875626 -928.325073
v 142.000000 202.157867 -98.970909
v 142.000000 202.157867 -52.095940
v 142.000000 104.826393 -52.095940
v 142.000000 104.826393 -98.970909
v 142.000000 104.826401 -60.158562
v 142.000000 202.157883 -60.158562
v 142.000000 202.157883 -91.585129
v 142.000000 104.826385 -91.585129
v 142.000000 104.873367 -1443.183838
v 142.000000 104.873367 -1291.440674
v 142.000000 202.269806 -1291.440674
v 142.000000 202.269806 -1443.183838
v 142.000000 104.873367 -1298.517090
v 142.000000 202.269806 -1298.517090
v 142.000000 202.269806 -1435.781006
v 142.000000 104.873367 -1435.911133
v 140.000000 104.826401 -65.158562
v 129.000000 104.826401 -65.158562
v 129.000000 104.826385 -86.585129
v 140.000000 104.826385 -86.585129
v 140.000000 197.157883 -60.158562
v 129.000000 197.157883 -60.158562
v 129.000000 109.826401 -60.158562
v 140.000000 109.826401 -60.158562
v 140.000000 202.157883 -65.158562
v 140.000000 202.157883 -86.585129
v 129.000000 202.157883 -86.585129
v 129.000000 202.157883 -65.158562
v 140.000000 109.826385 -91.585129
v 129.000000 109.826385 -91.585129
v 129.000000 197.157883 -91.585129
v 140.000000 197.157883 -91.585129
v 142.000000 109.826401 -60.158562
v 142.000000 197.157883 -60.158562
v 142.000000 197.157883 -91.585129
v 142.000000 109.826385 -91.585129
v 142.000000 206.049988 -52.095940
v 140.000000 206.049988 -52.095940
v 142.000000 211.050003 -93.970909
v 142.000000 211.049988 -57.095940
v 140.000000 211.049988 -57.095940
v 140.000000 211.050003 -93.970909
v 142.000000 206.050003 -98.970909
v 140.000000 206.050003 -98.970909
v 142.000000 202.157883 -65.158562
v 142.000000 202.157883 -86.585129
v 142.000000 102.020782 -98.970909
v 140.000000 102.020782 -98.970909
v 142.000000 97.020782 -57.095940
v 142.000000 97.020782 -93.970909
v 140.000000 97.020782 -93.970909
v 140.000000 97.020782 -57.095940
v 142.000000 102.020782 -52.095940
v 140.000000 102.020782 -52.095940
v 142.000000 104.826385 -86.585129
v 142.000000 104.826401 -65.158562
v 129.000000 108.532303 -60.328934
v 140.000000 108.532303 -60.328934
v 129.000000 107.326401 -60.828434
v 140.000000 107.326401 -60.828434
v 129.000000 106.290863 -61.623028
v 140.000000 106.290863 -61.623028
v 129.000000 105.496277 -62.658562
v 140.000000 105.496277 -62.658562
v 129.000000 104.996773 -63.864468
v 140.000000 104.996773 -63.864468
v 129.000000 201.987518 -63.864468
v 140.000000 201.987518 -63.864468
v 129.000000 201.488007 -62.658562
v 140.000000 201.488007 -62.658562
v 129.000000 200.693420 -61.623028
v 140.000000 200.693420 -61.623028
v 129.000000 199.657883 -60.828434
v 140.000000 199.657883 -60.828434
v 129.000000 198.451981 -60.328934
v 140.000000 198.451981 -60.328934
v 140.000000 108.532288 -91.414757
v 129.000000 108.532288 -91.414757
v 140.000000 107.326385 -90.915253
v 129.000000 107.326385 -90.915253
v 140.000000 106.290848 -90.120667
v 129.000000 106.290848 -90.120667
v 140.000000 105.496262 -89.085129
v 129.000000 105.496262 -89.085129
v 140.000000 104.996758 -87.879227
v 129.000000 104.996758 -87.879227
v 129.000000 198.451981 -91.414757
v 140.000000 198.451981 -91.414757
v 129.000000 199.657883 -90.915253
v 140.000000 199.657883 -90.915253
v 129.000000 200.693420 -90.120667
v 140.000000 200.693420 -90.120667
v 129.000000 201.488007 -89.085129
v 140.000000 201.488007 -89.085129
v 129.000000 201.987518 -87.879227
v 140.000000 201.987518 -87.879227
v 142.000000 210.879623 -55.801846
v 140.000000 210.879623 -55.801846
v 142.000000 210.380112 -54.595940
v 140.000000 210.380112 -54.595940
v 142.000000 209.585526 -53.560406
v 140.000000 209.585526 -53.560406
v 142.000000 208.549988 -52.765812
v 140.000000 208.549988 -52.765812
v 142.000000 207.344086 -52.266312
v 140.000000 207.344086 -52.266312
v 142.000000 207.344101 -98.800537
v 140.000000 207.344101 -98.800537
v 142.000000 208.550003 -98.301033
v 140.000000 208.550003 -98.301033
v 142.000000 209.585541 -97.506439
v 140.000000 209.585541 -97.506439
v 142.000000 210.380127 -96.470909
v 140.000000 210.380127 -96.470909
v 142.000000 210.879639 -95.265007
v 140.000000 210.879639 -95.265007
v 142.000000 201.987518 -87.879227
v 142.000000 201.488007 -89.085129
v 142.000000 200.693420 -90.120667
v 142.000000 199.657883 -90.915253
v 142.000000 198.451981 -91.414757
v 142.000000 201.987518 -63.864468
v 142.000000 201.488007 -62.658562
v 142.000000 200.693420 -61.623028
v 142.000000 199.657883 -60.828434
v 142.000000 198.451981 -60.328934
v 142.000000 97.191154 -95.265007
v 140.000000 97.191154 -95.265007
v 142.000000 97.690659 -96.470909
v 140.000000 97.690659 -96.470909
v 142.000000 98.485245 -97.506439
v 140.000000 98.485245 -97.506439
v 142.000000 99.520782 -98.301033
v 140.000000 99.520782 -98.301033
v 142.000000 100.726685 -98.800537
v 140.000000 100.726685 -98.800537
v 142.000000 100.726685 -52.266312
v 140.000000 100.726685 -52.266312
v 142.000000 99.520782 -52.765812
v 140.000000 99.520782 -52.765812
v 142.000000 98.485245 -53.560406
v 140.000000 98.485245 -53.560406
v 142.000000 97.690659 -54.595940
v 140.000000 97.690659 -54.595940
v 142.000000 97.191154 -55.801846
v 140.000000 97.191154 -55.801846
v 142.000000 104.996773 -63.864468
v 142.000000 105.496277 -62.658562
v 142.000000 106.290863 -61.623028
v 142.000000 107.326401 -60.828434
v 142.000000 108.532303 -60.328934
v 142.000000 104.996758 -87.879227
v 142.000000 105.496262 -89.085129
v 142.000000 106.290848 -90.120667
v 142.000000 107.326385 -90.915253
v 142.000000 108.532288 -91.414757
v 140.000000 110.041512 -345.271240
v 140.000000 197.194519 -345.271240
v 129.000000 197.194519 -345.271240
v 129.000000 110.041512 -345.271240
v 140.000000 110.041519 -567.986023
v 129.000000 110.041519 -567.986023
v 140.000000 197.194519 -567.986023
v 129.000000 197.194519 -567.986023
v 140.000000 202.194519 -562.986023
v 129.000000 202.194519 -562.986023
v 140.000000 202.194519 -350.271240
v 129.000000 202.194519 -350.271240
v 140.000000 105.041512 -350.271240
v 129.000000 105.041512 -350.271240
v 140.000000 105.041519 -562.986023
v 129.000000 105.041519 -562.986023
v 142.000000 110.041512 -345.271240
v 142.000000 197.194519 -345.271240
v 142.000000 110.041519 -567.986023
v 142.000000 197.194519 -567.986023
v 142.000000 206.049988 -337.689636
v 140.000000 206.049988 -337.689636
v 142.000000 211.049988 -569.936096
v 142.000000 211.049988 -342.689636
v 140.000000 211.049988 -342.689636
v 140.000000 211.049988 -569.936096
v 142.000000 206.049988 -574.936096
v 140.000000 206.049988 -574.936096
v 142.000000 202.194519 -562.986023
v 142.000000 202.194519 -350.271240
v 142.000000 102.020782 -574.936096
v 140.000000 102.020782 -574.936096
v 142.000000 97.020782 -342.689636
v 142.000000 97.020782 -569.936096
v 140.000000 97.020782 -569.936096
v 140.000000 97.020782 -342.689636
v 142.000000 102.020782 -337.689636
v 140.000000 102.020782 -337.689636
v 142.000000 105.041512 -350.271240
v 142.000000 105.041519 -562.986023
v 140.000000 202.024155 -564.280090
v 129.000000 202.024155 -564.280090
v 140.000000 201.524643 -565.486023
v 129.000000 201.524643 -565.486023
v 140.000000 200.730057 -566.521545
v 129.000000 200.730057 -566.521545
v 140.000000 199.694519 -567.316162
v 129.000000 199.694519 -567.316162
v 140.000000 198.488617 -567.815674
v 129.000000 198.488617 -567.815674
v 129.000000 202.024155 -348.977142
v 140.000000 202.024155 -348.977142
v 129.000000 201.524643 -347.771240
v 140.000000 201.524643 -347.771240
v 129.000000 200.730057 -346.735718
v 140.000000 200.730057 -346.735718
v 129.000000 199.694519 -345.941101
v 140.000000 199.694519 -345.941101
v 129.000000 198.488617 -345.441620
v 140.000000 198.488617 -345.441620
v 140.000000 105.211884 -348.977142
v 129.000000 105.211884 -348.977142
v 140.000000 105.711388 -347.771240
v 129.000000 105.711388 -347.771240
v 140.000000 106.505981 -346.735718
v 129.000000 106.505981 -346.735718
v 140.000000 107.541512 -345.941101
v 129.000000 107.541512 -345.941101
v 140.000000 108.747414 -345.441620
v 129.000000 108.747414 -345.441620
v 129.000000 105.211891 -564.280090
v 140.000000 105.211891 -564.280090
v 129.000000 105.711395 -565.486023
v 140.000000 105.711395 -565.486023
v 129.000000 106.505981 -566.521545
v 140.000000 106.505981 -566.521545
v 129.000000 107.541519 -567.316162
v 140.000000 107.541519 -567.316162
v 129.000000 108.747421 -567.815674
v 140.000000 108.747421 -567.815674
v 142.000000 210.879623 -341.395538
v 140.000000 210.879623 -341.395538
v 142.000000 210.380112 -340.189636
v 140.000000 210.380112 -340.189636
v 142.000000 209.585526 -339.154114
v 140.000000 209.585526 -339.154114
v 142.000000 208.549988 -338.359497
v 140.000000 208.549988 -338.359497
v 142.000000 207.344086 -337.860016
v 140.000000 207.344086 -337.860016
v 142.000000 207.344086 -574.765747
v 140.000000 207.344086 -574.765747
v 142.000000 208.549988 -574.266235
v 140.000000 208.549988 -574.266235
v 142.000000 209.585526 -573.471619
v 140.000000 209.585526 -573.471619
v 142.000000 210.380112 -572.436096
v 140.000000 210.380112 -572.436096
v 142.000000 210.879623 -571.230164
v 140.000000 210.879623 -571.230164
v 142.000000 202.024155 -564.280090
v 142.000000 201.524643 -565.486023
v 142.000000 200.730057 -566.521545
v 142.000000 199.694519 -567.316162
v 142.000000 198.488617 -567.815674
v 142.000000 202.024155 -348.977142
v 142.000000 201.524643 -347.771240
v 142.000000 200.730057 -346.735718
v 142.000000 199.694519 -345.941101
v 142.000000 198.488617 -345.441620
v 142.000000 97.191154 -571.230164
v 140.000000 97.191154 -571.230164
v 142.000000 97.690659 -572.436096
v 140.000000 97.690659 -572.436096
v 142.000000 98.485245 -573.471619
v 140.000000 98.485245 -573.471619
v 142.000000 99.520782 -574.266235
v 140.000000 99.520782 -574.266235
v 142.000000 100.726685 -574.765747
v 140.000000 100.726685 -574.765747
v 142.000000 100.726685 -337.860016
v 140.000000 100.726685 -337.860016
v 142.000000 99.520782 -338.359497
v 140.000000 99.520782 -338.359497
v 142.000000 98.485245 -339.154114
v 140.000000 98.485245 -339.154114
v 142.000000 97.690659 -340.189636
v 140.000000 97.690659 -340.189636
v 142.000000 97.191154 -341.395538
v 140.000000 97.191154 -341.395538
v 142.000000 105.211884 -348.977142
v 142.000000 105.711388 -347.771240
v 142.000000 106.505981 -346.735718
v 142.000000 107.541512 -345.941101
v 142.000000 108.747414 -345.441620
v 142.000000 105.211891 -564.280090
v 142.000000 105.711395 -565.486023
v 142.000000 106.505981 -566.521545
v 142.000000 107.541519 -567.316162
v 142.000000 108.747421 -567.815674
v 140.000000 109.875626 -821.917419
v 140.000000 197.272003 -821.917419
v 129.000000 197.272003 -821.917419
v 129.000000 109.875626 -821.917419
v 140.000000 109.875626 -1044.523193
v 129.000000 109.875626 -1044.523193
v 140.000000 197.272003 -1044.523193
v 129.000000 197.272003 -1044.523193
v 140.000000 202.272003 -1039.523193
v 129.000000 202.272003 -1039.523193
v 140.000000 202.272003 -826.917419
v 129.000000 202.272003 -826.917419
v 140.000000 104.875626 -826.917419
v 129.000000 104.875626 -826.917419
v 140.000000 104.875626 -1039.523193
v 129.000000 104.875626 -1039.523193
v 142.000000 109.875626 -821.917419
v 142.000000 197.272003 -821.917419
v 142.000000 109.875626 -1044.523193
v 142.000000 197.272003 -1044.523193
v 142.000000 206.049988 -814.458984
v 140.000000 206.049988 -814.458984
v 142.000000 211.049988 -1046.765137
v 142.000000 211.049988 -819.458984
v 140.000000 211.049988 -819.458984
v 140.000000 211.049988 -1046.765137
v 142.000000 206.049988 -1051.765137
v 140.000000 206.049988 -1051.765137
v 142.000000 202.272003 -1039.523193
v 142.000000 202.272003 -826.917419
v 142.000000 102.020782 -1051.765137
v 140.000000 102.020782 -1051.765137
v 142.000000 97.020782 -819.458984
v 142.000000 97.020782 -1046.765137
v 140.000000 97.020782 -1046.765137
v 140.000000 97.020782 -819.458984
v 142.000000 102.020782 -814.458984
v 140.000000 102.020782 -814.458984
v 142.000000 104.875626 -826.917419
v 142.000000 104.875626 -1039.523193
v 140.000000 202.101639 -1040.817261
v 129.000000 202.101639 -1040.817261
v 140.000000 201.602127 -1042.023193
v 129.000000 201.602127 -1042.023193
v 140.000000 200.807541 -1043.058716
v 129.000000 200.807541 -1043.058716
v 140.000000 199.772003 -1043.853271
v 129.000000 199.772003 -1043.853271
v 140.000000 198.566101 -1044.352783
v 129.000000 198.566101 -1044.352783
v 129.000000 202.101639 -825.623352
v 140.000000 202.101639 -825.623352
v 129.000000 201.602127 -824.417419
v 140.000000 201.602127 -824.417419
v 129.000000 200.807541 -823.381897
v 140.000000 200.807541 -823.381897
v 129.000000 199.772003 -822.587280
v 140.000000 199.772003 -822.587280
v 129.000000 198.566101 -822.087769
v 140.000000 198.566101 -822.087769
v 140.000000 105.045998 -825.623352
v 129.000000 105.045998 -825.623352
v 140.000000 105.545502 -824.417419
v 129.000000 105.545502 -824.417419
v 140.000000 106.340088 -823.381897
v 129.000000 106.340088 -823.381897
v 140.000000 107.375626 -822.587280
v 129.000000 107.375626 -822.587280
v 140.000000 108.581528 -822.087769
v 129.000000 108.581528 -822.087769
v 129.000000 105.045998 -1040.817261
v 140.000000 105.045998 -1040.817261
v 129.000000 105.545502 -1042.023193
v 140.000000 105.545502 -1042.023193
v 129.000000 106.340088 -1043.058716
v 140.000000 106.340088 -1043.058716
v 129.000000 107.375626 -1043.853271
v 140.000000 107.375626 -1043.853271
v 129.000000 108.581528 -1044.352783
v 140.000000 108.581528 -1044.352783
v 142.000000 210.879623 -818.164917
v 140.000000 210.879623 -818.164917
v 142.000000 210.380112 -816.958984
v 140.000000 210.380112 -816.958984
v 142.000000 209.585526 -815.923462
v 140.000000 209.585526 -815.923462
v 142.000000 208.549988 -815.128845
v 140.000000 208.549988 -815.128845
v 142.000000 207.344086 -814.629333
v 140.000000 207.344086 -814.629333
v 142.000000 207.344086 -1051.594727
v 140.000000 207.344086 -1051.594727
v 142.000000 208.549988 -1051.095215
v 140.000000 208.549988 -1051.095215
v 142.000000 209.585526 -1050.300659
v 140.000000 209.585526 -1050.300659
v 142.000000 210.380112 -1049.265137
v 140.000000 210.380112 -1049.265137
v 142.000000 210.879623 -1048.059204
v 140.000000 210.879623 -1048.059204
v 142.000000 202.101639 -1040.817261
v 142.000000 201.602127 -1042.023193
v 142.000000 200.807541 -1043.058716
v 142.000000 199.772003 -1043.853271
v 142.000000 198.566101 -1044.352783
v 142.000000 202.101639 -825.623352
v 142.000000 201.602127 -824.417419
v 142.000000 200.807541 -823.381897
v 142.000000 199.772003 -822.587280
v 142.000000 198.566101 -822.087769
v 142.000000 97.191154 -1048.059204
v 140.000000 97.191154 -1048.059204
v 142.000000 97.690659 -1049.265137
v 140.000000 97.690659 -1049.265137
v 142.000000 98.485245 -1050.300659
v 140.000000 98.485245 -1050.300659
v 142.000000 99.520782 -1051.095215
v 140.000000 99.520782 -1051.095215
v 142.000000 100.726685 -1051.594727
v 140.000000 100.726685 -1051.594727
v 142.000000 100.726685 -814.629333
v 140.000000 100.726685 -814.629333
v 142.000000 99.520782 -815.128845
v 140.000000 99.520782 -815.128845
v 142.000000 98.485245 -815.923462
v 140.000000 98.485245 -815.923462
v 142.000000 97.690659 -816.958984
v 140.000000 97.690659 -816.958984
v 142.000000 97.191154 -818.164917
v 140.000000 97.191154 -818.164917
v 142.000000 105.045998 -825.623352
v 142.000000 105.545502 -824.417419
v 142.000000 106.340088 -823.381897
v 142.000000 107.375626 -822.587280
v 142.000000 108.581528 -822.087769
v 142.000000 105.045998 -1040.817261
v 142.000000 105.545502 -1042.023193
v 142.000000 106.340088 -1043.058716
v 142.000000 107.375626 -1043.853271
v 142.000000 108.581528 -1044.352783
v 140.000000 109.873367 -1298.517090
v 140.000000 197.269806 -1298.517090
v 129.000000 197.269806 -1298.517090
v 129.000000 109.873367 -1298.517090
v 140.000000 197.269806 -1435.787720
v 140.000000 109.873360 -1435.904419
v 129.000000 109.873360 -1435.904419
v 129.000000 197.269806 -1435.787720
v 140.000000 202.269806 -1303.517090
v 140.000000 202.269806 -1430.781006
v 129.000000 202.269806 -1430.781006
v 129.000000 202.269806 -1303.517090
v 140.000000 104.873367 -1430.911133
v 140.000000 104.873367 -1303.517090
v 129.000000 104.873367 -1303.517090
v 129.000000 104.873367 -1430.911133
v 142.000000 109.873367 -1298.517090
v 142.000000 197.269806 -1298.517090
v 142.000000 197.269806 -1435.787720
v 142.000000 109.873360 -1435.904419
v 142.000000 206.049988 -1291.440674
v 140.000000 206.049988 -1291.440674
v 142.000000 211.049988 -1438.183838
v 142.000000 211.049988 -1296.440674
v 140.000000 211.049988 -1296.440674
v 140.000000 211.049988 -1438.183838
v 142.000000 206.049988 -1443.183838
v 140.000000 206.049988 -1443.183838
v 142.000000 202.269806 -1303.517090
v 142.000000 202.269806 -1430.781006
v 142.000000 102.020782 -1443.183838
v 140.000000 102.020782 -1443.183838
v 142.000000 97.020790 -1296.440674
v 142.000000 97.020782 -1438.183838
v 140.000000 97.020782 -1438.183838
v 140.000000 97.020790 -1296.440674
v 142.000000 102.020790 -1291.440674
v 140.000000 102.020790 -1291.440674
v 142.000000 104.873367 -1430.911133
v 142.000000 104.873367 -1303.517090
v 140.000000 202.099442 -1432.075317
v 129.000000 202.099442 -1432.075317
v 140.000000 201.599930 -1433.281860
v 129.000000 201.599930 -1433.281860
v 140.000000 200.805344 -1434.318481
v 129.000000 200.805344 -1434.318481
v 140.000000 199.769806 -1435.114380
v 129.000000 199.769806 -1435.114380
v 140.000000 198.563904 -1435.615601
v 129.000000 198.563904 -1435.615601
v 129.000000 202.099442 -1302.223022
v 140.000000 202.099442 -1302.223022
v 129.000000 201.599930 -1301.017090
v 140.000000 201.599930 -1301.017090
v 129.000000 200.805344 -1299.981567
v 140.000000 200.805344 -1299.981567
v 129.000000 199.769806 -1299.187012
v 140.000000 199.769806 -1299.187012
v 129.000000 198.563904 -1298.687500
v 140.000000 198.563904 -1298.687500
v 140.000000 105.043739 -1302.223022
v 129.000000 105.043739 -1302.223022
v 140.000000 105.543243 -1301.017090
v 129.000000 105.543243 -1301.017090
v 140.000000 106.337830 -1299.981567
v 129.000000 106.337830 -1299.981567
v 140.000000 107.373367 -1299.187012
v 129.000000 107.373367 -1299.187012
v 140.000000 108.579269 -1298.687500
v 129.000000 108.579269 -1298.687500
v 129.000000 105.043739 -1432.204956
v 140.000000 105.043739 -1432.204956
v 129.000000 105.543243 -1433.410278
v 140.000000 105.543243 -1433.410278
v 129.000000 106.337830 -1434.444702
v 140.000000 106.337830 -1434.444702
v 129.000000 107.373367 -1435.237915
v 140.000000 107.373367 -1435.237915
v 129.000000 108.579269 -1435.735718
v 140.000000 108.579269 -1435.735718
v 142.000000 210.879623 -1295.146606
v 140.000000 210.879623 -1295.146606
v 142.000000 210.380112 -1293.940674
v 140.000000 210.380112 -1293.940674
v 142.000000 209.585526 -1292.905151
v 140.000000 209.585526 -1292.905151
v 142.000000 208.549988 -1292.110596
v 140.000000 208.549988 -1292.110596
v 142.000000 207.344086 -1291.611084
v 140.000000 207.344086 -1291.611084
v 142.000000 207.344086 -1443.013428
v 140.000000 207.344086 -1443.013428
v 142.000000 208.549988 -1442.513916
v 140.000000 208.549988 -1442.513916
v 142.000000 209.585526 -1441.719360
v 140.000000 209.585526 -1441.719360
v 142.000000 210.380112 -1440.683838
v 140.000000 210.380112 -1440.683838
v 142.000000 210.879623 -1439.477905
v 140.000000 210.879623 -1439.477905
v 142.000000 202.099442 -1432.075317
v 142.000000 201.599930 -1433.281860
v 142.000000 200.805344 -1434.318481
v 142.000000 199.769806 -1435.114380
v 142.000000 198.563904 -1435.615601
v 142.000000 202.099442 -1302.223022
v 142.000000 201.599930 -1301.017090
v 142.000000 200.805344 -1299.981567
v 142.000000 199.769806 -1299.187012
v 142.000000 198.563904 -1298.687500
v 142.000000 97.191154 -1439.477905
v 140.000000 97.191154 -1439.477905
v 142.000000 97.690659 -1440.683838
v 140.000000 97.690659 -1440.683838
v 142.000000 98.485245 -1441.719360
v 140.000000 98.485245 -1441.719360
v 142.000000 99.520782 -1442.513916
v 140.000000 99.520782 -1442.513916
v 142.000000 100.726685 -1443.013428
v 140.000000 100.726685 -1443.013428
v 142.000000 100.726692 -1291.611084
v 140.000000 100.726692 -1291.611084
v 142.000000 99.520790 -1292.110596
v 140.000000 99.520790 -1292.110596
v 142.000000 98.485260 -1292.905151
v 140.000000 98.485260 -1292.905151
v 142.000000 97.690666 -1293.940674
v 140.000000 97.690666 -1293.940674
v 142.000000 97.191162 -1295.146606
v 140.000000 97.191162 -1295.146606
v 142.000000 105.043739 -1302.223022
v 142.000000 105.543243 -1301.017090
v 142.000000 106.337830 -1299.981567
v 142.000000 107.373367 -1299.187012
v 142.000000 108.579269 -1298.687500
v 142.000000 105.043739 -1432.204956
v 142.000000 105.543243 -1433.410278
v 142.000000 106.337830 -1434.444702
v 142.000000 107.373367 -1435.237915
v 142.000000 108.579269 -1435.735718
v 136.000000 24.060261 -275.150146
v 140.000000 24.060261 -275.150146
v 136.000000 14.060250 -265.150146
v 140.000000 14.060250 -265.150146
v 136.000000 14.060154 -171.779373
v 140.000000 14.060154 -171.779373
v 136.000000 24.060143 -161.779373
v 140.000000 24.060143 -161.779373
v 136.000000 201.050003 -161.779358
v 140.000000 201.050003 -161.779358
v 136.000000 211.050003 -171.779373
v 140.000000 211.050003 -171.779373
v 136.000000 211.050003 -265.150146
v 140.000000 211.050003 -265.150146
v 136.000000 201.050003 -275.150146
v 140.000000 201.050003 -275.150146
v 136.000000 24.060753 -751.686890
v 140.000000 24.060753 -751.686890
v 136.000000 14.060744 -741.686890
v 140.000000 14.060744 -741.686890
v 136.000000 14.060649 -649.382263
v 140.000000 14.060649 -649.382263
v 136.000000 24.060638 -639.382263
v 140.000000 24.060638 -639.382263
v 136.000000 201.049988 -639.382263
v 140.000000 201.049988 -639.382263
v 136.000000 211.049988 -649.382263
v 140.000000 211.049988 -649.382263
v 136.000000 211.049988 -741.686890
v 140.000000 211.049988 -741.686890
v 136.000000 201.049988 -751.686890
v 140.000000 201.049988 -751.686890
v 136.000000 14.061144 -1126.230957
v 140.000000 14.061144 -1126.230957
v 136.000000 24.061134 -1116.230957
v 140.000000 24.061134 -1116.230957
v 136.000000 24.061251 -1229.262817
v 140.000000 24.061251 -1229.262817
v 136.000000 14.061240 -1219.262817
v 140.000000 14.061240 -1219.262817
v 136.000000 201.049988 -1116.230957
v 140.000000 201.049988 -1116.230957
v 136.000000 211.049988 -1126.230957
v 140.000000 211.049988 -1126.230957
v 136.000000 211.049988 -1219.262817
v 140.000000 211.049988 -1219.262817
v 136.000000 201.049988 -1229.262817
v 140.000000 201.049988 -1229.262817
v 136.000000 14.400995 -267.738342
v 140.000000 14.400995 -267.738342
v 136.000000 15.400002 -270.150146
v 140.000000 15.400002 -270.150146
v 136.000000 16.989189 -272.221222
v 140.000000 16.989189 -272.221222
v 136.000000 19.060259 -273.810394
v 140.000000 19.060259 -273.810394
v 136.000000 21.472069 -274.809418
v 140.000000 21.472069 -274.809418
v 136.000000 21.471952 -162.120117
v 140.000000 21.471952 -162.120117
v 136.000000 19.060144 -163.119125
v 140.000000 19.060144 -163.119125
v 136.000000 16.989079 -164.708313
v 140.000000 16.989079 -164.708313
v 136.000000 15.399893 -166.779373
v 140.000000 15.399893 -166.779373
v 136.000000 14.400892 -169.191177
v 140.000000 14.400892 -169.191177
v 136.000000 210.709259 -169.191177
v 140.000000 210.709259 -169.191177
v 136.000000 209.710251 -166.779373
v 140.000000 209.710251 -166.779373
v 136.000000 208.121063 -164.708313
v 140.000000 208.121063 -164.708313
v 136.000000 206.050003 -163.119110
v 140.000000 206.050003 -163.119110
v 136.000000 203.638199 -162.120102
v 140.000000 203.638199 -162.120102
v 136.000000 203.638199 -274.809418
v 140.000000 203.638199 -274.809418
v 136.000000 206.050003 -273.810394
v 140.000000 206.050003 -273.810394
v 136.000000 208.121063 -272.221222
v 140.000000 208.121063 -272.221222
v 136.000000 209.710251 -270.150146
v 140.000000 209.710251 -270.150146
v 136.000000 210.709259 -267.738342
v 140.000000 210.709259 -267.738342
v 136.000000 14.401489 -744.275085
v 140.000000 14.401489 -744.275085
v 136.000000 15.400496 -746.686890
v 140.000000 15.400496 -746.686890
v 136.000000 16.989683 -748.757935
v 140.000000 16.989683 -748.757935
v 136.000000 19.060753 -750.347168
v 140.000000 19.060753 -750.347168
v 136.000000 21.472563 -751.346130
v 140.000000 21.472563 -751.346130
v 136.000000 21.472448 -639.723022
v 140.000000 21.472448 -639.723022
v 136.000000 19.060640 -640.721985
v 140.000000 19.060640 -640.721985
v 136.000000 16.989574 -642.311218
v 140.000000 16.989574 -642.311218
v 136.000000 15.400389 -644.382263
v 140.000000 15.400389 -644.382263
v 136.000000 14.401388 -646.794067
v 140.000000 14.401388 -646.794067
v 136.000000 210.709244 -646.794067
v 140.000000 210.709244 -646.794067
v 136.000000 209.710236 -644.382263
v 140.000000 209.710236 -644.382263
v 136.000000 208.121063 -642.311218
v 140.000000 208.121063 -642.311218
v 136.000000 206.049988 -640.721985
v 140.000000 206.049988 -640.721985
v 136.000000 203.638184 -639.723022
v 140.000000 203.638184 -639.723022
v 136.000000 203.638184 -751.346130
v 140.000000 203.638184 -751.346130
v 136.000000 206.049988 -750.347168
v 140.000000 206.049988 -750.347168
v 136.000000 208.121063 -748.757935
v 140.000000 208.121063 -748.757935
v 136.000000 209.710236 -746.686890
v 140.000000 209.710236 -746.686890
v 136.000000 210.709244 -744.275085
v 140.000000 210.709244 -744.275085
v 136.000000 21.472944 -1116.571655
v 140.000000 21.472944 -1116.571655
v 136.000000 19.061136 -1117.570679
v 140.000000 19.061136 -1117.570679
v 136.000000 16.990070 -1119.159912
v 140.000000 16.990070 -1119.159912
v 136.000000 15.400885 -1121.230957
v 140.000000 15.400885 -1121.230957
v 136.000000 14.401884 -1123.642822
v 140.000000 14.401884 -1123.642822
v 136.000000 14.401985 -1221.850952
v 140.000000 14.401985 -1221.850952
v 136.000000 15.400991 -1224.262817
v 140.000000 15.400991 -1224.262817
v 136.000000 16.990181 -1226.333862
v 140.000000 16.990181 -1226.333862
v 136.000000 19.061249 -1227.923096
v 140.000000 19.061249 -1227.923096
v 136.000000 21.473061 -1228.922119
v 140.000000 21.473061 -1228.922119
v 136.000000 210.709244 -1123.642822
v 140.000000 210.709244 -1123.642822
v 136.000000 209.710236 -1121.230957
v 140.000000 209.710236 -1121.230957
v 136.000000 208.121063 -1119.159912
v 140.000000 208.121063 -1119.159912
v 136.000000 206.049988 -1117.570679
v 140.000000 206.049988 -1117.570679
v 136.000000 203.638184 -1116.571655
v 140.000000 203.638184 -1116.571655
v 136.000000 203.638184 -1228.922119
v 140.000000 203.638184 -1228.922119
v 136.000000 206.049988 -1227.923096
v 140.000000 206.049988 -1227.923096
v 136.000000 208.121063 -1226.333862
v 140.000000 208.121063 -1226.333862
v 136.000000 209.710236 -1224.262817
v 140.000000 209.710236 -1224.262817
v 136.000000 210.709244 -1221.850952
v 140.000000 210.709244 -1221.850952
v 129.000000 202.194519 -461.139465
v 129.000000 202.194519 -452.036163
v 129.000000 105.041519 -452.036163
v 129.000000 105.041519 -461.139465
v 139.000000 105.041519 -462.139465
v 130.000000 105.041519 -462.139465
v 139.000000 202.194519 -451.036163
v 139.000000 105.041519 -451.036163
v 130.000000 105.041519 -451.036163
v 130.000000 202.194519 -451.036163
v 139.000000 202.194519 -462.139465
v 130.000000 202.194519 -462.139465
v 129.000000 202.272003 -937.808472
v 129.000000 202.272003 -929.325073
v 129.000000 104.875626 -929.325073
v 129.000000 104.875626 -937.808472
v 139.000000 104.875626 -938.808472
v 130.000000 104.875626 -938.808472
v 139.000000 202.272003 -928.325073
v 139.000000 104.875626 -928.325073
v 130.000000 104.875626 -928.325073
v 130.000000 202.272003 -928.325073
v 139.000000 202.272003 -938.808472
v 130.000000 202.272003 -938.808472
v 140.000000 251.000000 -275.200012
v 140.000000 251.000000 -161.800003
v 140.000000 251.000000 -639.591431
v 140.000000 251.000000 -751.700012
v 140.000000 251.000000 -1116.114014
v 140.000000 251.000000 -1229.000000
v 0.000063 19.855835 84.000000
v 0.000062 215.300079 84.000000
v 140.000000 254.000000 82.500000
v 140.000000 0.000000 77.500000
v 140.000000 0.000000 -24.000000
v 140.000000 254.000000 -24.000000
v 46.119648 0.000000 100.000000
v 46.119999 284.500000 100.000000
v 46.119648 0.000000 -24.000000
v 46.119999 284.500000 -24.000000
v 140.000000 29.627934 82.500000
v 46.119648 17.536362 100.000000
v 100.685516 21.948793 89.828506
v 140.000000 33.525963 82.500000
v 46.119648 21.448805 100.000000
v 99.077377 26.123789 90.128174
v 139.097458 102.450928 74.000000
v 46.119648 102.970276 100.000000
v 46.119648 99.000000 100.000000
v 138.194916 99.000000 80.820000
v 112.400002 275.000000 87.645287
v 112.400002 275.000000 -24.000000
v 129.399994 264.299988 84.484680
v 129.399994 264.299988 -24.000000
v 66.449997 281.600006 96.210449
v 68.413742 271.855652 95.843994
v 109.761795 266.037842 88.136475
v 124.306343 257.518890 85.425293
v 132.409729 250.246613 83.914894
v 129.000000 102.450928 76.500000
v 46.119648 220.443024 100.000000
v 46.119648 12.271992 100.000000
v 33.993343 19.855923 99.999756
v 41.582840 0.000000 100.000000
v 37.605812 12.271992 100.000000
v 33.993343 215.300003 99.999756
v 132.409729 215.300003 82.820000
v 46.119648 215.300003 100.000000
v 66.208664 281.620667 -24.000000
v 140.000000 251.000000 -24.000000
v 129.399994 261.299988 -24.000000
v 129.399994 261.299988 -24.000000
v 112.400002 272.000000 -24.000000
v 112.400002 272.000000 -24.000000
v 66.449997 278.600006 -24.000000
v 66.449997 278.600006 -24.000000
v 46.119999 281.500000 -24.000000
v 46.119999 281.500000 -24.000000
v 140.000000 14.060000 -24.000000
v 140.000000 14.060000 79.915802
v 140.000000 215.300003 80.820000
v 140.000000 215.300003 -24.000000
v 140.000000 215.299988 -10.555170
v 140.000000 14.060000 -10.555170
v 140.000000 14.060000 38.584621
v 140.000000 215.300003 38.584621
v 140.000000 99.714279 38.584621
v 140.000000 99.717529 -10.555170
v 140.000000 85.705460 38.584621
v 140.000000 85.709999 -10.555170
v 140.000000 155.358490 74.000000
v 140.000000 155.358490 38.584621
v 140.000000 22.487762 81.320557
v 140.000000 22.487762 38.584621
v 140.000000 155.358490 45.834164
v 140.000000 22.487762 45.834164
v 140.000000 155.626358 -24.000000
v 140.000000 155.626358 -10.555170
v 140.000000 99.717529 -24.000000
v 140.000000 85.709999 -24.000000
v 140.000000 99.717529 -16.210661
v 140.000000 155.626358 -16.210661
v 140.000000 85.709999 -16.210661
v 140.000000 23.123293 -10.555170
v 140.000000 23.123293 -16.210661
v 140.000000 23.123293 -24.000000
v 129.000000 14.060000 76.500000
v 129.000000 14.060000 -24.000000
v 45.228348 14.060000 84.000000
v 45.041363 272.990845 84.000000
v 46.119648 14.060000 -24.000000
v 129.000000 30.292891 76.500000
v 45.107582 17.536331 84.000000
v 129.000000 33.525921 76.500000
v 45.107582 21.448772 84.000000
v 45.107594 102.970276 84.000000
v 45.107590 99.000000 84.000000
v 129.000000 99.537331 76.500000
v 108.788704 263.262421 81.000000
v 45.107533 234.455444 84.000000
v 49.463989 102.450928 84.000000
v 49.463928 234.455460 84.000000
v 64.496765 270.171021 84.000000
v 45.107391 240.481064 84.000000
v -0.000020 226.443039 84.000000
v 45.107491 226.443024 84.000000
v 45.107494 12.271960 84.000000
v -0.000063 19.855835 84.000000
v 33.993385 19.855835 84.000000
v -0.000020 12.271906 84.000000
v 41.582840 14.060000 84.000000
v 37.605804 12.271848 84.000000
v 31.951656 241.322693 84.000000
v 31.951656 270.411835 84.000000
v -0.000062 215.300079 84.000000
v 33.993397 215.300049 84.000000
v 49.463985 215.299988 84.000000
v 45.107574 215.300003 84.000000
v 129.000000 14.060000 -24.000000
v 129.000000 215.300003 -24.000000
v 129.000000 215.300003 -10.555170
v 129.000000 14.060000 -10.555170
v 129.000000 14.060000 38.584621
v 129.000000 215.300003 38.584621
v 129.000000 99.537331 38.584621
v 129.000000 99.537331 -10.555170
v 129.000000 85.705460 38.584621
v 129.000000 85.709999 -10.555170
v 129.000000 155.399994 38.584621
v 129.000000 23.228186 76.500000
v 129.000000 22.487762 38.584621
v 129.000000 155.399994 45.830002
v 129.000000 22.487762 45.834164
v 129.000000 155.626358 -24.000000
v 129.000000 155.626358 -10.555170
v 129.000000 99.537331 -24.000000
v 129.000000 85.709999 -24.000000
v 129.000000 99.537331 -16.210661
v 129.000000 155.626358 -16.210661
v 129.000000 85.709999 -16.210661
v 129.000000 23.123293 -10.555170
v 129.000000 23.123293 -16.210661
v 129.000000 23.123293 -24.000000
v 138.097458 102.450928 80.820000
v 129.000000 99.537331 45.834160
v 129.000000 215.300003 76.500000
v 140.000000 215.300003 74.000000
v 108.788704 263.262421 -24.000000
v 64.496765 270.171021 -24.000000
v 45.041363 272.990845 -24.000000
v 45.041363 272.990845 -24.000000
v 64.496765 270.171021 -24.000000
v 129.000000 215.300003 45.830002
v 129.000000 155.399994 76.500000
v 108.788704 263.262421 -24.000000
v 122.600189 252.699997 -24.000000
v 121.964661 252.699997 77.500000
v 129.000000 246.858368 -24.000000
v 122.600189 252.699997 -24.000000
v 129.000000 246.858368 76.965210
v 129.000000 246.858368 -24.000000
v 136.000000 215.299988 -10.555170
v 136.000000 14.060000 -10.555170
v 136.000000 14.060000 38.584621
v 136.000000 215.300003 38.584621
v 136.000000 99.714279 38.584621
v 136.000000 99.717529 -10.555170
v 136.000000 85.705460 38.584621
v 136.000000 85.709999 -10.555170
v 136.000000 155.358490 38.584621
v 136.000000 22.487762 38.584621
v 136.000000 155.626358 -10.555170
v 136.000000 23.123293 -10.555170
v 133.000000 215.300003 -10.555170
v 133.000000 14.060000 -10.555170
v 133.000000 14.060000 38.584621
v 133.000000 215.300003 38.584621
v 133.000000 99.537331 38.584621
v 133.000000 99.537331 -10.555170
v 133.000000 85.705460 38.584621
v 133.000000 85.709999 -10.555170
v 133.000000 155.399994 38.584621
v 133.000000 22.487762 38.584621
v 133.000000 155.626358 -10.555170
v 133.000000 23.123293 -10.555170
v 139.658386 45.916744 82.182060
v 46.119648 35.354935 100.000008
v 80.104111 24.448875 93.664970
v 126.149063 31.020576 85.081879
v 31.177959 19.855923 99.999771
v 25.334169 19.855923 99.999817
v 16.730814 19.855923 99.999886
v 3.744612 19.855923 99.999977
v 77.691383 34.918362 88.934616
v 78.149490 31.684961 88.878227
v 79.067322 31.766850 93.792580
v 78.609215 35.000248 93.848969
v 119.530296 43.665756 80.927017
v 81.035759 39.319191 88.259743
v 81.953590 39.401077 93.174095
v 120.448128 43.747643 85.841370
v 124.275162 37.950291 80.175812
v 123.976112 40.143406 80.178406
v 124.893944 40.225292 85.092758
v 125.192993 38.032177 85.090164
v 82.607529 28.254385 88.079048
v 120.918564 33.457687 80.901253
v 121.836395 33.539574 85.815605
v 83.525360 28.336273 92.993401
v 79.158226 38.568184 88.622452
v 80.076057 38.650070 93.536804
v 77.934097 36.957367 88.869476
v 78.851929 37.039253 93.783829
v 123.182678 42.065990 80.280418
v 124.100510 42.147877 85.194771
v 121.555397 43.355259 80.554428
v 122.473228 43.437145 85.468781
v 122.794670 34.253311 80.536812
v 123.712502 34.335197 85.451164
v 124.023270 35.897724 80.271286
v 124.941101 35.979610 85.185638
v 81.501686 28.602154 93.367722
v 80.583855 28.520266 88.453369
v 79.869934 29.857830 93.660240
v 78.952103 29.775942 88.745888
v 73.999168 280.515686 94.803268
v 94.748016 18.171085 90.935303
v 59.932007 11.900431 98.543716
v 60.427368 3.585981 98.008919
v 131.594742 3.758814 79.730751
v 136.000000 8.066369 78.839882
v 136.000000 16.489487 80.270935
v 131.317322 23.355059 83.858032
v 140.000000 205.981598 -161.789551
v 140.000015 200.524017 -98.970909
v 140.000015 195.798691 -98.970909
v 140.000000 197.230179 -161.779358
v 140.000015 192.267868 -98.970909
v 140.000000 193.798035 -161.779358
v -94.748016 18.171085 90.935303
v -59.932007 11.900431 98.543716
v -60.427368 3.585981 98.008919
v -131.594742 3.758814 79.730751
v -136.000000 8.066369 78.839882
v -136.000000 16.489487 80.270935
v -131.317322 23.355059 83.858032
v -140.000000 211.050003 -161.800003
v -140.000000 211.050003 -275.200012
v -140.000000 211.050018 -218.290024
v -140.000000 211.049988 -639.591431
v -140.000000 211.049988 -751.700012
v -140.000000 211.049988 -695.171326
v -140.000000 211.049988 -1229.000000
v -140.000000 211.049988 -1116.114014
v -140.000000 211.049988 -1172.435059
v -140.000000 211.050003 -171.779373
v -140.000000 211.050003 -265.150146
v -140.000000 211.049988 -649.382263
v -140.000000 211.049988 -741.686890
v -140.000000 211.049988 -1126.230957
v -140.000000 211.049988 -1219.262817
v -140.000000 251.000000 -275.200012
v -140.000000 251.000000 -161.800003
v -140.000000 251.000000 -639.591431
v -140.000000 251.000000 -751.700012
v -140.000000 251.000000 -1116.114014
v -140.000000 251.000000 -1229.000000
v 0.000000 286.000000 100.000000
v 0.000000 220.943024 100.000000
v 0.000000 270.411804 99.999878
v 0.000000 241.322723 99.999878
v -46.119999 284.500000 100.000000
v -46.119648 234.455444 100.000000
v -51.479759 239.455444 99.000824
v -66.449997 281.600006 96.210449
v -46.119648 240.481018 100.000000
v -68.413742 271.855652 95.843994
v -46.119648 220.443024 100.000000
v -31.951620 241.322723 99.999878
v -31.951620 270.411804 99.999878
v -73.999168 280.515686 94.803268
v 0.000000 11.000000 -1465.221802
v -129.000000 11.000000 -1466.649170
v -129.000000 14.061504 -1468.080688
v -130.161301 97.020782 -1468.080688
v -130.161301 211.049988 -1468.080688
v -129.000000 246.858368 -1468.080688
v -123.318062 252.699997 -1468.080688
v -108.788704 263.262421 -1468.080688
v -64.496765 270.171021 -1468.080688
v -45.041363 272.990845 -1468.080688
v 0.000000 275.044556 -1465.221802
v 0.000000 0.000000 -1473.000000
v -140.000000 0.000000 -1473.000000
v -140.000000 14.061504 -1473.000000
v -140.000000 97.020782 -1473.000000
v -140.000000 251.000000 -1473.000000
v -129.399994 261.299988 -1473.000000
v -112.400002 272.000000 -1473.000000
v -66.449997 278.600006 -1473.000000
v -46.119999 281.500000 -1473.000000
v 0.000000 283.000000 -1473.000000
v -16.309999 241.322723 99.999878
v 0.000000 270.411804 97.499878
v 0.000000 241.322723 97.499878
v -3.306000 270.411804 97.499878
v -3.306000 241.322723 97.499878
v -31.951620 257.411804 94.999878
v -31.951620 254.322723 94.999878
v -31.951620 254.322723 99.999878
v -31.951620 257.411804 99.999878
v -18.951622 241.322723 99.999878
v -18.951622 241.322723 94.999878
v -16.306004 241.322723 94.999878
v -16.309999 241.322723 97.499878
v -18.951622 270.411804 94.999878
v -18.951622 270.411804 99.999878
v -16.309999 270.411804 97.499878
v -16.306004 270.411804 94.999878
v -3.306005 254.322723 97.499878
v -3.306005 254.322723 94.999878
v -3.306005 257.411804 94.999878
v -3.306005 257.411804 97.499878
v -22.316269 241.765686 99.999878
v -22.316269 241.765686 94.999878
v -25.451622 243.064392 99.999878
v -25.451622 243.064392 94.999878
v -28.144009 245.130341 99.999878
v -28.144009 245.130341 94.999878
v -30.209953 247.822723 99.999878
v -30.209953 247.822723 94.999878
v -31.508656 250.958069 99.999878
v -31.508656 250.958069 94.999878
v -22.316269 269.968842 94.999878
v -22.316269 269.968842 99.999878
v -25.451622 268.670135 94.999878
v -25.451622 268.670135 99.999878
v -28.144009 266.604187 94.999878
v -28.144009 266.604187 99.999878
v -30.209953 263.911804 94.999878
v -30.209953 263.911804 99.999878
v -31.508656 260.776459 94.999878
v -31.508656 260.776459 99.999878
v -3.748969 250.958069 97.499878
v -3.748969 250.958069 94.999878
v -5.047675 247.822723 97.499878
v -5.047675 247.822723 94.999878
v -7.113617 245.130341 97.499878
v -7.113616 245.130341 94.999878
v -9.806005 243.064392 97.499878
v -9.806005 243.064392 94.999878
v -12.941356 241.765686 97.499878
v -12.941356 241.765686 94.999878
v -3.748969 260.776459 94.999878
v -3.748969 260.776459 97.499878
v -5.047675 263.911804 94.999878
v -5.047675 263.911804 97.499878
v -7.113616 266.604187 94.999878
v -7.113617 266.604187 97.499878
v -9.806005 268.670135 94.999878
v -9.806005 268.670135 97.499878
v -12.941356 269.968842 94.999878
v -12.941356 269.968842 97.499878
v -16.309999 270.411804 99.999878
v -3.306000 270.411804 99.999878
v -3.306000 241.322723 99.999878
v 94.748016 18.171085 90.935303
v 59.932007 11.900431 98.543716
v 60.427368 3.585981 98.008919
v 131.594742 3.758814 79.730751
v 136.000000 8.066369 78.839882
v 136.000000 16.489487 80.270935
v 131.317322 23.355059 83.858032
v 140.000000 211.050003 -161.800003
v 140.000000 211.050003 -275.200012
v 140.000000 211.050018 -218.290024
v 140.000000 211.049988 -639.591431
v 140.000000 211.049988 -751.700012
v 140.000000 211.049988 -695.171326
v 140.000000 211.049988 -1229.000000
v 140.000000 211.049988 -1116.114014
v 140.000000 211.049988 -1172.435059
v 140.000000 211.050003 -171.779373
v 140.000000 211.050003 -265.150146
v 140.000000 211.049988 -649.382263
v 140.000000 211.049988 -741.686890
v 140.000000 211.049988 -1126.230957
v 140.000000 211.049988 -1219.262817
v 140.000000 251.000000 -275.200012
v 140.000000 251.000000 -161.800003
v 140.000000 251.000000 -639.591431
v 140.000000 251.000000 -751.700012
v 140.000000 251.000000 -1116.114014
v 140.000000 251.000000 -1229.000000
v 46.119999 284.500000 100.000000
v 46.119648 234.455444 100.000000
v 51.479759 239.455444 99.000824
v 66.449997 281.600006 96.210449
v 46.119648 240.481018 100.000000
v 68.413742 271.855652 95.843994
v 46.119648 220.443024 100.000000
v 31.951620 241.322723 99.999878
v 31.951620 270.411804 99.999878
v 73.999168 280.515686 94.803268
v 129.000000 11.000000 -1466.649170
v 129.000000 14.061504 -1468.080688
v 130.161301 97.020782 -1468.080688
v 130.161301 211.049988 -1468.080688
v 129.000000 246.858368 -1468.080688
v 123.318062 252.699997 -1468.080688
v 108.788704 263.262421 -1468.080688
v 64.496765 270.171021 -1468.080688
v 45.041363 272.990845 -1468.080688
v 140.000000 0.000000 -1473.000000
v 140.000000 14.061504 -1473.000000
v 140.000000 97.020782 -1473.000000
v 140.000000 251.000000 -1473.000000
v 129.399994 261.299988 -1473.000000
v 112.400002 272.000000 -1473.000000
v 66.449997 278.600006 -1473.000000
v 46.119999 281.500000 -1473.000000
v 16.309999 241.322723 99.999878
v 3.306000 270.411804 97.499878
v 3.306000 241.322723 97.499878
v 31.951620 257.411804 94.999878
v 31.951620 254.322723 94.999878
v 31.951620 254.322723 99.999878
v 31.951620 257.411804 99.999878
v 18.951622 241.322723 99.999878
v 18.951622 241.322723 94.999878
v 16.306004 241.322723 94.999878
v 16.309999 241.322723 97.499878
v 18.951622 270.411804 94.999878
v 18.951622 270.411804 99.999878
v 16.309999 270.411804 97.499878
v 16.306004 270.411804 94.999878
v 3.306005 254.322723 97.499878
v 3.306005 254.322723 94.999878
v 3.306005 257.411804 94.999878
v 3.306005 257.411804 97.499878
v 22.316269 241.765686 99.999878
v 22.316269 241.765686 94.999878
v 25.451622 243.064392 99.999878
v 25.451622 243.064392 94.999878
v 28.144009 245.130341 99.999878
v 28.144009 245.130341 94.999878
v 30.209953 247.822723 99.999878
v 30.209953 247.822723 94.999878
v 31.508656 250.958069 99.999878
v 31.508656 250.958069 94.999878
v 22.316269 269.968842 94.999878
v 22.316269 269.968842 99.999878
v 25.451622 268.670135 94.999878
v 25.451622 268.670135 99.999878
v 28.144009 266.604187 94.999878
v 28.144009 266.604187 99.999878
v 30.209953 263.911804 94.999878
v 30.209953 263.911804 99.999878
v 31.508656 260.776459 94.999878
v 31.508656 260.776459 99.999878
v 3.748969 250.958069 97.499878
v 3.748969 250.958069 94.999878
v 5.047675 247.822723 97.499878
v 5.047675 247.822723 94.999878
v 7.113617 245.130341 97.499878
v 7.113616 245.130341 94.999878
v 9.806005 243.064392 97.499878
v 9.806005 243.064392 94.999878
v 12.941356 241.765686 97.499878
v 12.941356 241.765686 94.999878
v 3.748969 260.776459 94.999878
v 3.748969 260.776459 97.499878
v 5.047675 263.911804 94.999878
v 5.047675 263.911804 97.499878
v 7.113616 266.604187 94.999878
v 7.113617 266.604187 97.499878
v 9.806005 268.670135 94.999878
v 9.806005 268.670135 97.499878
v 12.941356 269.968842 94.999878
v 12.941356 269.968842 97.499878
v 16.309999 270.411804 99.999878
v 3.306000 270.411804 99.999878
v 3.306000 241.322723 99.999878
v 0.000000 270.411804 97.499878
v 0.000000 241.322723 97.499878
v -3.306000 270.411804 97.499878
v -3.306000 241.322723 97.499878
v -16.309999 241.322723 97.499878
v -16.309999 270.411804 97.499878
v -3.306005 254.322723 97.499878
v -3.306005 257.411804 97.499878
v -3.748969 250.958069 97.499878
v -5.047675 247.822723 97.499878
v -7.113617 245.130341 97.499878
v -9.806005 243.064392 97.499878
v -12.941356 241.765686 97.499878
v -3.748969 260.776459 97.499878
v -5.047675 263.911804 97.499878
v -7.113617 266.604187 97.499878
v -9.806005 268.670135 97.499878
v -12.941356 269.968842 97.499878
v -140.000000 33.525963 82.500000
v -46.119648 21.448805 100.000000
v -99.077377 26.123789 90.128174
v -139.097458 102.450928 74.000000
v -46.119648 102.970276 100.000000
v -46.119648 99.000000 100.000000
v -138.194916 99.000000 80.820000
v -51.479759 102.450928 99.000824
v -51.479759 239.455444 99.000824
v -68.413742 271.855652 95.843994
v -109.761795 266.037842 88.136475
v -124.306343 257.518890 85.425293
v -132.409729 250.246613 83.914894
v -129.000000 102.450928 76.500000
v -46.119648 220.443024 100.000000
v -132.409729 215.300003 82.820000
v -51.479759 215.300003 99.000824
v -46.119648 215.300003 100.000000
v -140.000000 215.300003 80.820000
v -140.000000 155.358490 74.000000
v -49.463989 102.450928 84.000000
v -49.463985 215.299988 84.000000
v -138.097458 102.450928 80.820000
v -129.000000 215.300003 76.500000
v -140.000000 215.300003 74.000000
v -129.000000 155.399994 76.500000
v -139.658386 45.916744 82.182060
v -46.119648 35.354935 100.000008
v -80.104111 24.448875 93.664970
v -78.048195 38.960106 93.918022
v -126.149063 31.020576 85.081879
v -124.353523 44.188614 85.097443
v -79.628342 27.806990 93.723526
v -125.733414 34.068855 85.085480
v -79.067322 31.766850 93.792580
v -78.609215 35.000248 93.848969
v -81.953590 39.401077 93.174095
v -120.448128 43.747643 85.841370
v -124.893944 40.225292 85.092758
v -125.192993 38.032177 85.090164
v -121.836395 33.539574 85.815605
v -83.525360 28.336273 92.993401
v -80.076057 38.650070 93.536804
v -78.851929 37.039253 93.783829
v -124.100510 42.147877 85.194771
v -122.473228 43.437145 85.468781
v -123.712502 34.335197 85.451164
v -124.941101 35.979610 85.185638
v -81.501686 28.602154 93.367722
v -79.869934 29.857830 93.660240
v -140.000000 155.676147 -567.986023
v -140.000000 105.041519 -462.139465
v -140.000000 160.286316 -567.986023
v -140.000000 202.194519 -462.139465
v -140.000000 202.194519 -451.036163
v -140.000000 105.041519 -451.036163
v -140.000000 160.177475 -1044.523193
v -140.000000 202.272003 -938.808472
v -140.000000 155.635590 -1044.523193
v -140.000000 104.875626 -938.808472
v -140.000000 202.272003 -928.325073
v -140.000000 104.875626 -928.325073
v -129.000000 155.676147 -567.986023
v -129.000000 105.041519 -462.139465
v -129.000000 160.286316 -567.986023
v -129.000000 202.194519 -462.139465
v -129.000000 202.194519 -451.036163
v -129.000000 105.041519 -451.036163
v -129.000000 160.177475 -1044.523193
v -129.000000 202.272003 -938.808472
v -129.000000 155.635590 -1044.523193
v -129.000000 104.875626 -938.808472
v -129.000000 202.272003 -928.325073
v -129.000000 104.875626 -928.325073
v -138.000000 155.676147 -567.986023
v -138.000000 155.676147 -462.139465
v -138.000000 160.286316 -567.986023
v -138.000000 160.286316 -462.139465
v -138.000000 160.177475 -1044.523193
v -138.000000 160.177475 -938.808472
v -138.000000 155.635590 -1044.523193
v -138.000000 155.635590 -938.808472
v -131.000000 155.676147 -567.986023
v -131.000000 155.676147 -462.139465
v -131.000000 160.286316 -567.986023
v -131.000000 160.286316 -462.139465
v -131.000000 160.177475 -1044.523193
v -131.000000 160.177475 -938.808472
v -131.000000 155.635590 -1044.523193
v -131.000000 155.635590 -938.808472
v -142.000000 155.676147 -567.986023
v -142.000000 105.041519 -462.139465
v -142.000000 160.286316 -567.986023
v -142.000000 202.194519 -462.139465
v -142.000000 202.194519 -451.036163
v -142.000000 105.041519 -451.036163
v -142.000000 160.177475 -1044.523193
v -142.000000 202.272003 -938.808472
v -142.000000 155.635590 -1044.523193
v -142.000000 104.875626 -938.808472
v -142.000000 202.272003 -928.325073
v -142.000000 104.875626 -928.325073
v -140.000000 155.676147 -461.139465
v -140.000000 105.041519 -461.139465
v -140.000000 105.041519 -452.036163
v -140.000000 202.194519 -452.036163
v -140.000000 202.194519 -461.139465
v -140.000000 160.286316 -461.139465
v -129.000000 160.286316 -461.139465
v -129.000000 202.194519 -461.139465
v -129.000000 202.194519 -452.036163
v -129.000000 105.041519 -452.036163
v -129.000000 105.041519 -461.139465
v -129.000000 155.676147 -461.139465
v -139.000000 105.041519 -462.139465
v -139.000000 155.676147 -462.139465
v -130.000000 155.676147 -462.139465
v -130.000000 105.041519 -462.139465
v -139.000000 202.194519 -451.036163
v -139.000000 105.041519 -451.036163
v -130.000000 105.041519 -451.036163
v -130.000000 202.194519 -451.036163
v -139.000000 160.286316 -462.139465
v -139.000000 202.194519 -462.139465
v -130.000000 202.194519 -462.139465
v -130.000000 160.286316 -462.139465
v -139.000000 155.676147 -462.139465
v -139.000000 160.286316 -462.139465
v -130.000000 160.286316 -462.139465
v -130.000000 155.676147 -462.139465
v -139.500000 105.041519 -462.005493
v -139.500000 155.676147 -462.005493
v -139.866028 105.041519 -461.639465
v -139.866028 155.676147 -461.639465
v -129.500000 155.676147 -462.005493
v -129.500000 105.041519 -462.005493
v -129.133972 155.676147 -461.639465
v -129.133972 105.041519 -461.639465
v -139.500000 202.194519 -451.170135
v -139.500000 105.041519 -451.170135
v -139.866028 202.194519 -451.536163
v -139.866028 105.041519 -451.536163
v -129.500000 105.041519 -451.170135
v -129.500000 202.194519 -451.170135
v -129.133972 105.041519 -451.536163
v -129.133972 202.194519 -451.536163
v -139.500000 160.286316 -462.005493
v -139.500000 202.194519 -462.005493
v -139.866028 160.286316 -461.639465
v -139.866028 202.194519 -461.639465
v -129.500000 202.194519 -462.005493
v -129.500000 160.286316 -462.005493
v -129.133972 202.194519 -461.639465
v -129.133972 160.286316 -461.639465
v -139.500000 155.676147 -462.005493
v -139.500000 160.286316 -462.005493
v -139.866028 155.676147 -461.639465
v -139.866028 160.286316 -461.639465
v -129.500000 160.286316 -462.005493
v -129.500000 155.676147 -462.005493
v -129.133972 160.286316 -461.639465
v -129.133972 155.676147 -461.639465
v -138.000000 159.286316 -462.139465
v -138.000000 159.286316 -567.986023
v -138.000000 156.676147 -567.986023
v -138.000000 156.676147 -462.139465
v -131.000000 156.676147 -462.139465
v -131.000000 156.676147 -567.986023
v -131.000000 159.286316 -567.986023
v -131.000000 159.286316 -462.139465
v -132.000000 160.286316 -567.986023
v -137.000000 160.286316 -567.986023
v -137.000000 160.286316 -462.139465
v -132.000000 160.286316 -462.139465
v -137.000000 155.676147 -567.986023
v -132.000000 155.676147 -567.986023
v -132.000000 155.676147 -462.139465
v -137.000000 155.676147 -462.139465
v -137.500000 160.152344 -567.986023
v -137.500000 160.152344 -462.139465
v -137.866028 159.786316 -567.986023
v -137.866028 159.786316 -462.139465
v -131.500000 160.152344 -462.139465
v -131.500000 160.152344 -567.986023
v -131.133972 159.786316 -462.139465
v -131.133972 159.786316 -567.986023
v -131.500000 155.810120 -567.986023
v -131.500000 155.810120 -462.139465
v -131.133972 156.176147 -567.986023
v -131.133972 156.176147 -462.139465
v -137.500000 155.810120 -462.139465
v -137.500000 155.810120 -567.986023
v -137.866028 156.176147 -462.139465
v -137.866028 156.176147 -567.986023
v -140.000000 155.635590 -937.808472
v -140.000000 104.875626 -937.808472
v -140.000000 104.875626 -929.325073
v -140.000000 202.272003 -929.325073
v -140.000000 202.272003 -937.808472
v -140.000000 160.177475 -937.808472
v -129.000000 160.177475 -937.808472
v -129.000000 202.272003 -937.808472
v -129.000000 202.272003 -929.325073
v -129.000000 104.875626 -929.325073
v -129.000000 104.875626 -937.808472
v -129.000000 155.635590 -937.808472
v -139.000000 104.875626 -938.808472
v -139.000000 155.635590 -938.808472
v -130.000000 155.635590 -938.808472
v -130.000000 104.875626 -938.808472
v -139.000000 202.272003 -928.325073
v -139.000000 104.875626 -928.325073
v -130.000000 104.875626 -928.325073
v -130.000000 202.272003 -928.325073
v -139.000000 160.177475 -938.808472
v -139.000000 202.272003 -938.808472
v -130.000000 202.272003 -938.808472
v -130.000000 160.177475 -938.808472
v -139.000000 155.635590 -938.808472
v -139.000000 160.177475 -938.808472
v -138.000000 159.177475 -938.808472
v -138.000000 159.177475 -1044.523193
v -138.000000 156.635590 -1044.523193
v -138.000000 156.635590 -938.808472
v -130.000000 160.177475 -938.808472
v -130.000000 155.635590 -938.808472
v -131.000000 156.635590 -938.808472
v -131.000000 156.635590 -1044.523193
v -131.000000 159.177475 -1044.523193
v -131.000000 159.177475 -938.808472
v -137.000000 160.177475 -938.808472
v -132.000000 160.177475 -938.808472
v -132.000000 160.177475 -1044.523193
v -137.000000 160.177475 -1044.523193
v -132.000000 155.635590 -938.808472
v -137.000000 155.635590 -938.808472
v -137.000000 155.635590 -1044.523193
v -132.000000 155.635590 -1044.523193
v -139.500000 104.875626 -938.674500
v -139.500000 155.635590 -938.674500
v -139.866028 104.875626 -938.308472
v -139.866028 155.635590 -938.308472
v -129.500000 155.635590 -938.674500
v -129.500000 104.875626 -938.674500
v -129.133972 155.635590 -938.308472
v -129.133972 104.875626 -938.308472
v -139.500000 202.272003 -928.459045
v -139.500000 104.875626 -928.459045
v -139.866028 202.272003 -928.825073
v -139.866028 104.875626 -928.825073
v -129.500000 104.875626 -928.459045
v -129.500000 202.272003 -928.459045
v -129.133972 104.875626 -928.825073
v -129.133972 202.272003 -928.825073
v -139.500000 160.177475 -938.674500
v -139.500000 202.272003 -938.674500
v -139.866028 160.177475 -938.308472
v -139.866028 202.272003 -938.308472
v -129.500000 202.272003 -938.674500
v -129.500000 160.177475 -938.674500
v -129.133972 202.272003 -938.308472
v -129.133972 160.177475 -938.308472
v -139.500000 155.635590 -938.674500
v -139.500000 160.177475 -938.674500
v -139.866028 155.635590 -938.308472
v -139.866028 160.177475 -938.308472
v -129.500000 160.177475 -938.674500
v -129.500000 155.635590 -938.674500
v -129.133972 160.177475 -938.308472
v -129.133972 155.635590 -938.308472
v -131.500000 160.043503 -938.808472
v -131.500000 160.043503 -1044.523193
v -131.133972 159.677475 -938.808472
v -131.133972 159.677475 -1044.523193
v -137.500000 160.043503 -1044.523193
v -137.500000 160.043503 -938.808472
v -137.866028 159.677475 -1044.523193
v -137.866028 159.677475 -938.808472
v -137.500000 155.769562 -938.808472
v -137.500000 155.769562 -1044.523193
v -137.866028 156.135590 -938.808472
v -137.866028 156.135590 -1044.523193
v -131.500000 155.769562 -1044.523193
v -131.500000 155.769562 -938.808472
v -131.133972 156.135590 -1044.523193
v -131.133972 156.135590 -938.808472
v 3.306000 270.411804 97.499878
v 3.306000 241.322723 97.499878
v 16.309999 241.322723 97.499878
v 16.309999 270.411804 97.499878
v 3.306005 254.322723 97.499878
v 3.306005 257.411804 97.499878
v 3.748969 250.958069 97.499878
v 5.047675 247.822723 97.499878
v 7.113617 245.130341 97.499878
v 9.806005 243.064392 97.499878
v 12.941356 241.765686 97.499878
v 3.748969 260.776459 97.499878
v 5.047675 263.911804 97.499878
v 7.113617 266.604187 97.499878
v 9.806005 268.670135 97.499878
v 12.941356 269.968842 97.499878
v 140.000000 33.525963 82.500000
v 46.119648 21.448805 100.000000
v 99.077377 26.123789 90.128174
v 139.097458 102.450928 74.000000
v 46.119648 102.970276 100.000000
v 46.119648 99.000000 100.000000
v 138.194916 99.000000 80.820000
v 51.479759 102.450928 99.000824
v 51.479759 239.455444 99.000824
v 68.413742 271.855652 95.843994
v 109.761795 266.037842 88.136475
v 124.306343 257.518890 85.425293
v 132.409729 250.246613 83.914894
v 129.000000 102.450928 76.500000
v 46.119648 220.443024 100.000000
v 132.409729 215.300003 82.820000
v 51.479759 215.300003 99.000824
v 46.119648 215.300003 100.000000
v 140.000000 215.300003 80.820000
v 140.000000 155.358490 74.000000
v 49.463989 102.450928 84.000000
v 49.463985 215.299988 84.000000
v 138.097458 102.450928 80.820000
v 129.000000 215.300003 76.500000
v 140.000000 215.300003 74.000000
v 129.000000 155.399994 76.500000
v 139.658386 45.916744 82.182060
v 46.119648 35.354935 100.000008
v 80.104111 24.448875 93.664970
v 78.048195 38.960106 93.918022
v 126.149063 31.020576 85.081879
v 124.353523 44.188614 85.097443
v 79.628342 27.806990 93.723526
v 125.733414 34.068855 85.085480
v 79.067322 31.766850 93.792580
v 78.609215 35.000248 93.848969
v 81.953590 39.401077 93.174095
v 120.448128 43.747643 85.841370
v 124.893944 40.225292 85.092758
v 125.192993 38.032177 85.090164
v 121.836395 33.539574 85.815605
v 83.525360 28.336273 92.993401
v 80.076057 38.650070 93.536804
v 78.851929 37.039253 93.783829
v 124.100510 42.147877 85.194771
v 122.473228 43.437145 85.468781
v 123.712502 34.335197 85.451164
v 124.941101 35.979610 85.185638
v 81.501686 28.602154 93.367722
v 79.869934 29.857830 93.660240
v 140.000000 155.676147 -567.986023
v 140.000000 105.041519 -462.139465
v 140.000000 160.286316 -567.986023
v 140.000000 202.194519 -462.139465
v 140.000000 202.194519 -451.036163
v 140.000000 105.041519 -451.036163
v 140.000000 160.177475 -1044.523193
v 140.000000 202.272003 -938.808472
v 140.000000 155.635590 -1044.523193
v 140.000000 104.875626 -938.808472
v 140.000000 202.272003 -928.325073
v 140.000000 104.875626 -928.325073
v 129.000000 155.676147 -567.986023
v 129.000000 105.041519 -462.139465
v 129.000000 160.286316 -567.986023
v 129.000000 202.194519 -462.139465
v 129.000000 202.194519 -451.036163
v 129.000000 105.041519 -451.036163
v 129.000000 160.177475 -1044.523193
v 129.000000 202.272003 -938.808472
v 129.000000 155.635590 -1044.523193
v 129.000000 104.875626 -938.808472
v 129.000000 202.272003 -928.325073
v 129.000000 104.875626 -928.325073
v 138.000000 155.676147 -567.986023
v 138.000000 155.676147 -462.139465
v 138.000000 160.286316 -567.986023
v 138.000000 160.286316 -462.139465
v 138.000000 160.177475 -1044.523193
v 138.000000 160.177475 -938.808472
v 138.000000 155.635590 -1044.523193
v 138.000000 155.635590 -938.808472
v 131.000000 155.676147 -567.986023
v 131.000000 155.676147 -462.139465
v 131.000000 160.286316 -567.986023
v 131.000000 160.286316 -462.139465
v 131.000000 160.177475 -1044.523193
v 131.000000 160.177475 -938.808472
v 131.000000 155.635590 -1044.523193
v 131.000000 155.635590 -938.808472
v 142.000000 155.676147 -567.986023
v 142.000000 105.041519 -462.139465
v 142.000000 160.286316 -567.986023
v 142.000000 202.194519 -462.139465
v 142.000000 202.194519 -451.036163
v 142.000000 105.041519 -451.036163
v 142.000000 160.177475 -1044.523193
v 142.000000 202.272003 -938.808472
v 142.000000 155.635590 -1044.523193
v 142.000000 104.875626 -938.808472
v 142.000000 202.272003 -928.325073
v 142.000000 104.875626 -928.325073
v 140.000000 155.676147 -461.139465
v 140.000000 105.041519 -461.139465
v 140.000000 105.041519 -452.036163
v 140.000000 202.194519 -452.036163
v 140.000000 202.194519 -461.139465
v 140.000000 160.286316 -461.139465
v 129.000000 160.286316 -461.139465
v 129.000000 202.194519 -461.139465
v 129.000000 202.194519 -452.036163
v 129.000000 105.041519 -452.036163
v 129.000000 105.041519 -461.139465
v 129.000000 155.676147 -461.139465
v 139.000000 105.041519 -462.139465
v 139.000000 155.676147 -462.139465
v 130.000000 155.676147 -462.139465
v 130.000000 105.041519 -462.139465
v 139.000000 202.194519 -451.036163
v 139.000000 105.041519 -451.036163
v 130.000000 105.041519 -451.036163
v 130.000000 202.194519 -451.036163
v 139.000000 160.286316 -462.139465
v 139.000000 202.194519 -462.139465
v 130.000000 202.194519 -462.139465
v 130.000000 160.286316 -462.139465
v 139.000000 155.676147 -462.139465
v 139.000000 160.286316 -462.139465
v 130.000000 160.286316 -462.139465
v 130.000000 155.676147 -462.139465
v 139.500000 105.041519 -462.005493
v 139.500000 155.676147 -462.005493
v 139.866028 105.041519 -461.639465
v 139.866028 155.676147 -461.639465
v 129.500000 155.676147 -462.005493
v 129.500000 105.041519 -462.005493
v 129.133972 155.676147 -461.639465
v 129.133972 105.041519 -461.639465
v 139.500000 202.194519 -451.170135
v 139.500000 105.041519 -451.170135
v 139.866028 202.194519 -451.536163
v 139.866028 105.041519 -451.536163
v 129.500000 105.041519 -451.170135
v 129.500000 202.194519 -451.170135
v 129.133972 105.041519 -451.536163
v 129.133972 202.194519 -451.536163
v 139.500000 160.286316 -462.005493
v 139.500000 202.194519 -462.005493
v 139.866028 160.286316 -461.639465
v 139.866028 202.194519 -461.639465
v 129.500000 202.194519 -462.005493
v 129.500000 160.286316 -462.005493
v 129.133972 202.194519 -461.639465
v 129.133972 160.286316 -461.639465
v 139.500000 155.676147 -462.005493
v 139.500000 160.286316 -462.005493
v 139.866028 155.676147 -461.639465
v 139.866028 160.286316 -461.639465
v 129.500000 160.286316 -462.005493
v 129.500000 155.676147 -462.005493
v 129.133972 160.286316 -461.639465
v 129.133972 155.676147 -461.639465
v 138.000000 159.286316 -462.139465
v 138.000000 159.286316 -567.986023
v 138.000000 156.676147 -567.986023
v 138.000000 156.676147 -462.139465
v 131.000000 156.676147 -462.139465
v 131.000000 156.676147 -567.986023
v 131.000000 159.286316 -567.986023
v 131.000000 159.286316 -462.139465
v 132.000000 160.286316 -567.986023
v 137.000000 160.286316 -567.986023
v 137.000000 160.286316 -462.139465
v 132.000000 160.286316 -462.139465
v 137.000000 155.676147 -567.986023
v 132.000000 155.676147 -567.986023
v 132.000000 155.676147 -462.139465
v 137.000000 155.676147 -462.139465
v 137.500000 160.152344 -567.986023
v 137.500000 160.152344 -462.139465
v 137.866028 159.786316 -567.986023
v 137.866028 159.786316 -462.139465
v 131.500000 160.152344 -462.139465
v 131.500000 160.152344 -567.986023
v 131.133972 159.786316 -462.139465
v 131.133972 159.786316 -567.986023
v 131.500000 155.810120 -567.986023
v 131.500000 155.810120 -462.139465
v 131.133972 156.176147 -567.986023
v 131.133972 156.176147 -462.139465
v 137.500000 155.810120 -462.139465
v 137.500000 155.810120 -567.986023
v 137.866028 156.176147 -462.139465
v 137.866028 156.176147 -567.986023
v 140.000000 155.635590 -937.808472
v 140.000000 104.875626 -937.808472
v 140.000000 104.875626 -929.325073
v 140.000000 202.272003 -929.325073
v 140.000000 202.272003 -937.808472
v 140.000000 160.177475 -937.808472
v 129.000000 160.177475 -937.808472
v 129.000000 202.272003 -937.808472
v 129.000000 202.272003 -929.325073
v 129.000000 104.875626 -929.325073
v 129.000000 104.875626 -937.808472
v 129.000000 155.635590 -937.808472
v 139.000000 104.875626 -938.808472
v 139.000000 155.635590 -938.808472
v 130.000000 155.635590 -938.808472
v 130.000000 104.875626 -938.808472
v 139.000000 202.272003 -928.325073
v 139.000000 104.875626 -928.325073
v 130.000000 104.875626 -928.325073
v 130.000000 202.272003 -928.325073
v 139.000000 160.177475 -938.808472
v 139.000000 202.272003 -938.808472
v 130.000000 202.272003 -938.808472
v 130.000000 160.177475 -938.808472
v 139.000000 155.635590 -938.808472
v 139.000000 160.177475 -938.808472
v 138.000000 159.177475 -938.808472
v 138.000000 159.177475 -1044.523193
v 138.000000 156.635590 -1044.523193
v 138.000000 156.635590 -938.808472
v 130.000000 160.177475 -938.808472
v 130.000000 155.635590 -938.808472
v 131.000000 156.635590 -938.808472
v 131.000000 156.635590 -1044.523193
v 131.000000 159.177475 -1044.523193
v 131.000000 159.177475 -938.808472
v 137.000000 160.177475 -938.808472
v 132.000000 160.177475 -938.808472
v 132.000000 160.177475 -1044.523193
v 137.000000 160.177475 -1044.523193
v 132.000000 155.635590 -938.808472
v 137.000000 155.635590 -938.808472
v 137.000000 155.635590 -1044.523193
v 132.000000 155.635590 -1044.523193
v 139.500000 104.875626 -938.674500
v 139.500000 155.635590 -938.674500
v 139.866028 104.875626 -938.308472
v 139.866028 155.635590 -938.308472
v 129.500000 155.635590 -938.674500
v 129.500000 104.875626 -938.674500
v 129.133972 155.635590 -938.308472
v 129.133972 104.875626 -938.308472
v 139.500000 202.272003 -928.459045
v 139.500000 104.875626 -928.459045
v 139.866028 202.272003 -928.825073
v 139.866028 104.875626 -928.825073
v 129.500000 104.875626 -928.459045
v 129.500000 202.272003 -928.459045
v 129.133972 104.875626 -928.825073
v 129.133972 202.272003 -928.825073
v 139.500000 160.177475 -938.674500
v 139.500000 202.272003 -938.674500
v 139.866028 160.177475 -938.308472
v 139.866028 202.272003 -938.308472
v 129.500000 202.272003 -938.674500
v 129.500000 160.177475 -938.674500
v 129.133972 202.272003 -938.308472
v 129.133972 160.177475 -938.308472
v 139.500000 155.635590 -938.674500
v 139.500000 160.177475 -938.674500
v 139.866028 155.635590 -938.308472
v 139.866028 160.177475 -938.308472
v 129.500000 160.177475 -938.674500
v 129.500000 155.635590 -938.674500
v 129.133972 160.177475 -938.308472
v 129.133972 155.635590 -938.308472
v 131.500000 160.043503 -938.808472
v 131.500000 160.043503 -1044.523193
v 131.133972 159.677475 -938.808472
v 131.133972 159.677475 -1044.523193
v 137.500000 160.043503 -1044.523193
v 137.500000 160.043503 -938.808472
v 137.866028 159.677475 -1044.523193
v 137.866028 159.677475 -938.808472
v 137.500000 155.769562 -938.808472
v 137.500000 155.769562 -1044.523193
v 137.866028 156.135590 -938.808472
v 137.866028 156.135590 -1044.523193
v 131.500000 155.769562 -1044.523193
v 131.500000 155.769562 -938.808472
v 131.133972 156.135590 -1044.523193
v 131.133972 156.135590 -938.808472
# 3503 vertices

vt 0.50000 0.07880
vt 0.50000 1.00000
vt 1.00000 1.00000
vt 1.00000 0.07880
vt 0.66380 0.00000
vt 0.50000 0.00000
vt 0.50000 0.92120
vt 0.66380 0.92120
vt 0.73636 0.00000
vt 0.73636 0.92120
vt 0.89817 0.00000
vt 0.89817 0.92120
vt 0.96855 0.00000
vt 1.00000 0.00000
vt 1.00000 0.92120
vt 0.96855 0.92120
vt 0.16643 0.93967
vt 0.07880 0.93867
vt 0.07880 0.61081
vt 0.09677 0.61092
vt 0.12646 0.61109
vt 0.16675 0.61132
vt 0.27859 0.61196
vt 0.23877 0.61173
vt 0.23875 0.58985
vt 0.23832 0.19484
vt 0.23828 0.15957
vt 0.27797 0.15952
vt 0.27802 0.19448
vt 0.27855 0.57998
vt 0.47015 0.94315
vt 0.23845 0.94050
vt 0.42928 0.61283
vt 0.47010 0.61306
vt 0.42925 0.58109
vt 0.42895 0.19471
vt 0.42892 0.15931
vt 0.46977 0.15925
vt 0.46980 0.19544
vt 0.47009 0.59141
vt 0.58148 0.61371
vt 0.54167 0.61348
vt 0.54166 0.59040
vt 0.54141 0.19402
vt 0.54138 0.15915
vt 0.58137 0.15910
vt 0.58138 0.19382
vt 0.58147 0.58214
vt 0.77315 0.94662
vt 0.54135 0.94397
vt 0.73226 0.61457
vt 0.77310 0.61481
vt 1.00000 0.94922
vt 0.07880 1.00000
vt 0.20234 0.94009
vt 0.47015 0.94315
vt 0.50558 0.94356
vt 0.80902 0.94703
vt 0.84489 0.94744
vt 0.73226 0.58344
vt 0.73226 0.19425
vt 0.73226 0.15889
vt 0.77337 0.15883
vt 0.77335 0.19428
vt 0.77312 0.59283
vt 0.07880 0.15979
vt 0.09656 0.15977
vt 0.09657 0.19495
vt 0.09675 0.57978
vt 0.12646 0.58045
vt 0.12647 0.19493
vt 0.12647 0.15973
vt 0.16596 0.15967
vt 0.16602 0.19653
vt 0.16671 0.59049
vt 0.07880 0.00000
vt 1.00000 0.15852
vt 0.98082 0.15855
vt 0.88466 0.15868
vt 0.84521 0.15873
vt 0.80902 0.15878
vt 0.77337 0.15883
vt 0.73226 0.15889
vt 0.50528 0.15920
vt 0.20191 0.15962
vt 0.09656 0.15977
vt 0.84508 0.61522
vt 0.88464 0.61545
vt 0.98130 0.61600
vt 1.00000 0.61611
vt 0.84509 0.59354
vt 0.84520 0.19457
vt 0.88465 0.19357
vt 0.88464 0.58373
vt 0.98130 0.61600
vt 0.98126 0.58476
vt 0.98085 0.19405
vt 0.80902 0.15878
vt 0.42895 0.19471
vt 0.00000 0.00000
vt 0.09975 0.15977
vt 0.09922 0.16306
vt 0.09869 0.16636
vt 0.09816 0.16966
vt 0.09763 0.17296
vt 0.09710 0.17625
vt 0.09657 0.17955
vt 0.12647 0.17952
vt 0.12593 0.17622
vt 0.12540 0.17292
vt 0.12487 0.16963
vt 0.12434 0.16633
vt 0.12381 0.16303
vt 0.12328 0.15973
vt 0.11859 0.19493
vt 0.11913 0.19823
vt 0.11966 0.20153
vt 0.12019 0.20483
vt 0.12073 0.20813
vt 0.12126 0.21143
vt 0.12179 0.21473
vt 0.10487 0.19494
vt 0.10434 0.19824
vt 0.10381 0.20154
vt 0.10328 0.20483
vt 0.10275 0.20813
vt 0.10222 0.21143
vt 0.10168 0.21472
vt 0.12329 0.61107
vt 0.12382 0.60780
vt 0.12435 0.60453
vt 0.12488 0.60127
vt 0.12540 0.59800
vt 0.12593 0.59473
vt 0.12646 0.59146
vt 0.09676 0.59097
vt 0.09729 0.59430
vt 0.09782 0.59763
vt 0.09835 0.60095
vt 0.09888 0.60428
vt 0.09940 0.60761
vt 0.09993 0.61094
vt 0.10506 0.57997
vt 0.10453 0.57666
vt 0.10400 0.57335
vt 0.10348 0.57004
vt 0.10295 0.56673
vt 0.10242 0.56343
vt 0.10189 0.56012
vt 0.11858 0.58027
vt 0.11911 0.57698
vt 0.11963 0.57369
vt 0.12016 0.57041
vt 0.12069 0.56712
vt 0.12121 0.56383
vt 0.12174 0.56054
vt 0.10190 0.57989
vt 0.12174 0.58034
vt 0.10167 0.19495
vt 0.12180 0.19493
vt 0.10453 0.57666
vt 0.10348 0.57004
vt 0.10295 0.56673
vt 0.10242 0.56343
vt 0.10275 0.20813
vt 0.10381 0.20154
vt 0.12121 0.56383
vt 0.12069 0.56712
vt 0.12016 0.57041
vt 0.11911 0.57698
vt 0.09763 0.17296
vt 0.09922 0.16306
vt 0.12381 0.16303
vt 0.12646 0.59146
vt 0.12593 0.59473
vt 0.12488 0.60127
vt 0.09940 0.60761
vt 0.09888 0.60428
vt 0.09835 0.60095
vt 0.09782 0.59763
vt 0.09729 0.59430
vt 0.12636 0.17440
vt 0.12604 0.16962
vt 0.12554 0.16553
vt 0.12487 0.16238
vt 0.12410 0.16041
vt 0.09892 0.16044
vt 0.09815 0.16242
vt 0.09749 0.16556
vt 0.09698 0.16966
vt 0.09667 0.17443
vt 0.09687 0.59614
vt 0.09719 0.60095
vt 0.09769 0.60510
vt 0.09835 0.60828
vt 0.09911 0.61026
vt 0.12411 0.61041
vt 0.12488 0.60845
vt 0.12553 0.60533
vt 0.12603 0.60127
vt 0.12635 0.59654
vt 0.42133 0.19469
vt 0.42186 0.19801
vt 0.42239 0.20133
vt 0.42293 0.20465
vt 0.42346 0.20797
vt 0.42399 0.21129
vt 0.42453 0.21461
vt 0.28600 0.19449
vt 0.28548 0.19780
vt 0.28495 0.20111
vt 0.28443 0.20441
vt 0.28390 0.20772
vt 0.28337 0.21102
vt 0.28285 0.21433
vt 0.28657 0.58004
vt 0.28604 0.57673
vt 0.28550 0.57342
vt 0.28497 0.57010
vt 0.28443 0.56679
vt 0.28389 0.56348
vt 0.28336 0.56017
vt 0.42169 0.58104
vt 0.42221 0.57773
vt 0.42274 0.57442
vt 0.42327 0.57110
vt 0.42379 0.56779
vt 0.42432 0.56448
vt 0.42484 0.56117
vt 0.28116 0.15951
vt 0.28063 0.16281
vt 0.28010 0.16610
vt 0.27958 0.16939
vt 0.27905 0.17268
vt 0.27853 0.17597
vt 0.27800 0.17926
vt 0.42894 0.17930
vt 0.42841 0.17597
vt 0.42787 0.17264
vt 0.42734 0.16931
vt 0.42681 0.16598
vt 0.42627 0.16264
vt 0.42574 0.15931
vt 0.42610 0.61281
vt 0.42663 0.60952
vt 0.42716 0.60622
vt 0.42768 0.60293
vt 0.42821 0.59963
vt 0.42874 0.59634
vt 0.42926 0.59304
vt 0.27856 0.59202
vt 0.27910 0.59535
vt 0.27963 0.59868
vt 0.28016 0.60200
vt 0.28070 0.60533
vt 0.28123 0.60866
vt 0.28177 0.61198
vt 0.28282 0.19449
vt 0.28495 0.20111
vt 0.28336 0.56017
vt 0.28339 0.58001
vt 0.42484 0.56117
vt 0.42486 0.58106
vt 0.42169 0.58104
vt 0.42221 0.57773
vt 0.42432 0.56448
vt 0.42346 0.20797
vt 0.42451 0.19470
vt 0.28063 0.16281
vt 0.42841 0.17597
vt 0.42894 0.17930
vt 0.42874 0.59634
vt 0.42768 0.60293
vt 0.42716 0.60622
vt 0.42663 0.60952
vt 0.28177 0.61198
vt 0.28070 0.60533
vt 0.27856 0.59202
vt 0.42468 0.37969
vt 0.42466 0.36162
vt 0.35721 0.19460
vt 0.35014 0.19459
vt 0.35068 0.58051
vt 0.35775 0.58056
vt 0.42883 0.17412
vt 0.42850 0.16930
vt 0.42799 0.16516
vt 0.42733 0.16199
vt 0.42657 0.15999
vt 0.28033 0.16019
vt 0.27957 0.16216
vt 0.27891 0.16530
vt 0.27841 0.16939
vt 0.27810 0.17415
vt 0.27868 0.59719
vt 0.27900 0.60200
vt 0.27952 0.60613
vt 0.28018 0.60930
vt 0.28094 0.61130
vt 0.42692 0.61214
vt 0.42769 0.61017
vt 0.42834 0.60703
vt 0.42884 0.60293
vt 0.42916 0.59816
vt 0.72451 0.19423
vt 0.72504 0.19755
vt 0.72557 0.20088
vt 0.72610 0.20420
vt 0.72663 0.20753
vt 0.72716 0.21085
vt 0.72769 0.21418
vt 0.58930 0.19384
vt 0.58877 0.19716
vt 0.58824 0.20048
vt 0.58771 0.20380
vt 0.58719 0.20712
vt 0.58666 0.21044
vt 0.58613 0.21377
vt 0.58939 0.58220
vt 0.58886 0.57888
vt 0.58833 0.57555
vt 0.58780 0.57222
vt 0.58727 0.56889
vt 0.58673 0.56557
vt 0.58620 0.56224
vt 0.72444 0.58337
vt 0.72497 0.58004
vt 0.72550 0.57671
vt 0.72603 0.57338
vt 0.72656 0.57005
vt 0.72709 0.56672
vt 0.72762 0.56339
vt 0.58455 0.15910
vt 0.58402 0.16239
vt 0.58349 0.16569
vt 0.58296 0.16898
vt 0.58244 0.17228
vt 0.58191 0.17558
vt 0.58138 0.17887
vt 0.73226 0.17903
vt 0.73173 0.17568
vt 0.73120 0.17232
vt 0.73067 0.16896
vt 0.73014 0.16561
vt 0.72961 0.16225
vt 0.72908 0.15890
vt 0.72908 0.61455
vt 0.72961 0.61125
vt 0.73014 0.60795
vt 0.73067 0.60465
vt 0.73120 0.60135
vt 0.73173 0.59805
vt 0.73226 0.59475
vt 0.58147 0.59361
vt 0.58200 0.59696
vt 0.58253 0.60031
vt 0.58306 0.60367
vt 0.58359 0.60702
vt 0.58412 0.61037
vt 0.58466 0.61372
vt 0.58612 0.19383
vt 0.58877 0.19716
vt 0.58824 0.20048
vt 0.58719 0.20712
vt 0.58673 0.56557
vt 0.58727 0.56889
vt 0.58780 0.57222
vt 0.58833 0.57555
vt 0.58621 0.58218
vt 0.72762 0.58340
vt 0.72444 0.58337
vt 0.72497 0.58004
vt 0.72603 0.57338
vt 0.72716 0.21085
vt 0.72451 0.19423
vt 0.72770 0.19424
vt 0.58666 0.21044
vt 0.72550 0.57671
vt 0.72716 0.21085
vt 0.58244 0.17228
vt 0.58402 0.16239
vt 0.73173 0.17568
vt 0.73173 0.59805
vt 0.73120 0.60135
vt 0.73067 0.60465
vt 0.73014 0.60795
vt 0.72961 0.61125
vt 0.58466 0.61372
vt 0.58412 0.61037
vt 0.58359 0.60702
vt 0.58253 0.60031
vt 0.72766 0.38028
vt 0.72766 0.36211
vt 0.66040 0.19404
vt 0.65367 0.19402
vt 0.65383 0.58276
vt 0.66042 0.58282
vt 0.73215 0.17382
vt 0.73184 0.16896
vt 0.73133 0.16479
vt 0.73067 0.16158
vt 0.72990 0.15957
vt 0.58373 0.15977
vt 0.58296 0.16175
vt 0.58231 0.16489
vt 0.58180 0.16899
vt 0.58148 0.17376
vt 0.58158 0.59881
vt 0.58190 0.60366
vt 0.58241 0.60783
vt 0.58307 0.61103
vt 0.58383 0.61304
vt 0.72991 0.61388
vt 0.73067 0.61191
vt 0.73133 0.60876
vt 0.73183 0.60466
vt 0.73215 0.59988
vt 0.97299 0.19401
vt 0.97352 0.19736
vt 0.97406 0.20070
vt 0.97459 0.20405
vt 0.97512 0.20740
vt 0.97565 0.21074
vt 0.97619 0.21409
vt 0.89231 0.19361
vt 0.89178 0.19694
vt 0.89125 0.20028
vt 0.89073 0.20362
vt 0.89020 0.20695
vt 0.88967 0.21029
vt 0.88914 0.21362
vt 0.89233 0.58382
vt 0.89180 0.58047
vt 0.89127 0.57713
vt 0.89074 0.57378
vt 0.89021 0.57044
vt 0.88968 0.56709
vt 0.88915 0.56375
vt 0.97345 0.58468
vt 0.97398 0.58134
vt 0.97450 0.57801
vt 0.97503 0.57467
vt 0.97556 0.57133
vt 0.97608 0.56799
vt 0.97661 0.56466
vt 0.88782 0.15868
vt 0.88730 0.16199
vt 0.88677 0.16530
vt 0.88624 0.16861
vt 0.88571 0.17192
vt 0.88518 0.17524
vt 0.88466 0.17855
vt 0.98084 0.17877
vt 0.98031 0.17540
vt 0.97978 0.17203
vt 0.97924 0.16866
vt 0.97871 0.16529
vt 0.97818 0.16192
vt 0.97765 0.15855
vt 0.97811 0.61599
vt 0.97864 0.61267
vt 0.97917 0.60936
vt 0.97969 0.60605
vt 0.98022 0.60274
vt 0.98075 0.59942
vt 0.98128 0.59611
vt 0.88464 0.59525
vt 0.88517 0.59862
vt 0.88570 0.60199
vt 0.88623 0.60536
vt 0.88676 0.60873
vt 0.88729 0.61210
vt 0.88783 0.61547
vt 0.88914 0.19359
vt 0.88967 0.21029
vt 0.88968 0.56709
vt 0.88915 0.58378
vt 0.97663 0.58471
vt 0.97398 0.58134
vt 0.97608 0.56799
vt 0.97565 0.21074
vt 0.97512 0.20740
vt 0.97616 0.19403
vt 0.97556 0.57133
vt 0.97450 0.57801
vt 0.88571 0.17192
vt 0.88624 0.16861
vt 0.88782 0.15868
vt 0.97765 0.15855
vt 0.97924 0.16866
vt 0.98075 0.59942
vt 0.98022 0.60274
vt 0.97969 0.60605
vt 0.97917 0.60936
vt 0.97811 0.61599
vt 0.88783 0.61547
vt 0.88729 0.61210
vt 0.88623 0.60536
vt 0.97619 0.21409
vt 0.98072 0.17353
vt 0.98040 0.16865
vt 0.97990 0.16446
vt 0.97924 0.16125
vt 0.97847 0.15923
vt 0.88700 0.15935
vt 0.88624 0.16134
vt 0.88558 0.16450
vt 0.88508 0.16862
vt 0.88476 0.17341
vt 0.88475 0.60048
vt 0.88507 0.60536
vt 0.88557 0.60954
vt 0.88623 0.61276
vt 0.88700 0.61478
vt 0.97894 0.61531
vt 0.97970 0.61333
vt 0.98036 0.61017
vt 0.98086 0.60606
vt 0.98117 0.60126
vt 0.23210 0.94043
vt 0.23316 0.93383
vt 0.23423 0.92724
vt 0.23529 0.92065
vt 0.23636 0.91406
vt 0.23742 0.90746
vt 0.23849 0.90087
vt 0.16647 0.90009
vt 0.16752 0.90670
vt 0.16858 0.91331
vt 0.16963 0.91992
vt 0.17068 0.92653
vt 0.17173 0.93314
vt 0.17279 0.93975
vt 0.17232 0.15967
vt 0.17127 0.16657
vt 0.17023 0.17347
vt 0.16918 0.18036
vt 0.16813 0.18726
vt 0.16708 0.19416
vt 0.16603 0.20106
vt 0.23833 0.19918
vt 0.23725 0.19258
vt 0.23618 0.18598
vt 0.23511 0.17938
vt 0.23403 0.17278
vt 0.23296 0.16618
vt 0.23189 0.15958
vt 0.53502 0.94389
vt 0.53608 0.93727
vt 0.53714 0.93064
vt 0.53820 0.92401
vt 0.53926 0.91738
vt 0.54032 0.91076
vt 0.54139 0.90413
vt 0.47014 0.90336
vt 0.47120 0.91001
vt 0.47226 0.91665
vt 0.47332 0.92329
vt 0.47438 0.92994
vt 0.47544 0.93658
vt 0.47650 0.94322
vt 0.47614 0.15925
vt 0.47508 0.16600
vt 0.47402 0.17276
vt 0.47297 0.17952
vt 0.47191 0.18628
vt 0.47086 0.19304
vt 0.46980 0.19979
vt 0.54141 0.19822
vt 0.54034 0.19171
vt 0.53927 0.18520
vt 0.53820 0.17869
vt 0.53713 0.17218
vt 0.53606 0.16567
vt 0.53500 0.15916
vt 0.77314 0.90662
vt 0.77420 0.91330
vt 0.77527 0.91998
vt 0.77633 0.92666
vt 0.77740 0.93334
vt 0.77846 0.94002
vt 0.77953 0.94669
vt 0.83857 0.94737
vt 0.83963 0.94071
vt 0.84069 0.93405
vt 0.84174 0.92738
vt 0.84280 0.92072
vt 0.84385 0.91406
vt 0.84491 0.90740
vt 0.77971 0.15883
vt 0.77865 0.16547
vt 0.77759 0.17212
vt 0.77653 0.17877
vt 0.77547 0.18542
vt 0.77440 0.19207
vt 0.77334 0.19871
vt 0.84520 0.19906
vt 0.84414 0.19234
vt 0.84308 0.18562
vt 0.84202 0.17890
vt 0.84096 0.17218
vt 0.83990 0.16546
vt 0.83884 0.15874
vt 0.23316 0.93383
vt 0.23742 0.90746
vt 0.16963 0.91992
vt 0.16858 0.91331
vt 0.53502 0.94389
vt 0.53714 0.93064
vt 0.53820 0.92401
vt 0.54032 0.91076
vt 0.54032 0.91076
vt 0.53608 0.93727
vt 0.47014 0.90336
vt 0.47332 0.92329
vt 0.47544 0.93658
vt 0.47438 0.92994
vt 0.53500 0.15916
vt 0.54141 0.19822
vt 0.53713 0.17218
vt 0.53606 0.16567
vt 0.53606 0.16567
vt 0.77314 0.90662
vt 0.77420 0.91330
vt 0.77527 0.91998
vt 0.77633 0.92666
vt 0.77740 0.93334
vt 0.77740 0.93334
vt 0.77527 0.91998
vt 0.83857 0.94737
vt 0.83963 0.94071
vt 0.84069 0.93405
vt 0.84385 0.91406
vt 0.84280 0.92072
vt 0.84069 0.93405
vt 0.77971 0.15883
vt 0.77759 0.17212
vt 0.77547 0.18542
vt 0.77440 0.19207
vt 0.77547 0.18542
vt 0.83884 0.15874
vt 0.84520 0.19906
vt 0.84414 0.19234
vt 0.84308 0.18562
vt 0.84202 0.17890
vt 0.84096 0.17218
vt 0.83990 0.16546
vt 0.47650 0.94322
vt 0.42894 0.17930
vt 0.97811 0.61599
vt 0.35657 0.19460
vt 0.35078 0.19459
vt 0.35132 0.58052
vt 0.35711 0.58056
vt 0.65976 0.19404
vt 0.65432 0.19403
vt 0.65446 0.58277
vt 0.65979 0.58281
vt 0.16536 0.00000
vt 0.09975 0.15977
vt 0.47029 0.00000
vt 0.23884 0.00000
vt 0.77304 0.00000
vt 0.54206 0.00000
vt 0.84569 0.00000
vt 1.00000 0.83464
vt 1.00000 0.76116
vt 1.00000 0.52971
vt 1.00000 0.45794
vt 1.00000 0.22696
vt 1.00000 0.15431
vt 0.66471 0.07880
vt 0.66471 0.00000
vt 0.66471 0.92120
vt 0.66471 1.00000
vt 0.96197 1.00000
vt 0.96197 0.92120
vt 0.90142 0.92120
vt 0.90142 1.00000
vt 0.66471 0.15460
vt 0.73732 0.00000
vt 0.94395 0.00753
vt 0.96197 0.00000
vt 0.90142 0.00000
vt 0.89201 0.00954
vt 0.96995 0.02287
vt 0.68423 0.16953
vt 0.66471 0.17576
vt 0.66471 0.65025
vt 0.66471 0.63755
vt 0.68349 0.63770
vt 0.63431 0.78416
vt 0.50000 0.04326
vt 0.64851 0.90163
vt 0.66471 0.95189
vt 0.64851 0.00000
vt 0.50000 0.84407
vt 0.50000 0.94589
vt 0.61411 0.35876
vt 0.61411 0.43589
vt 0.66471 0.20367
vt 0.50000 0.79153
vt 0.62100 0.39922
vt 0.50000 0.75219
vt 0.66471 0.24296
vt 0.68412 0.23860
vt 0.62716 0.74058
vt 0.50000 0.06941
vt 0.66471 0.93067
vt 0.66471 0.91726
vt 0.85959 0.90836
vt 0.73646 0.92120
vt 0.73732 1.00000
vt 1.00000 0.16422
vt 0.97135 0.17033
vt 0.06876 0.94483
vt 0.03095 0.94655
vt 0.00000 0.94796
vt 0.00000 1.00000
vt 0.07880 0.94437
vt 0.02600 0.91441
vt 0.03103 0.91377
vt 0.03163 0.66670
vt 0.03177 0.61123
vt 0.03230 0.39380
vt 0.02673 0.39804
vt 0.02600 0.91441
vt 0.00000 0.91770
vt 0.07308 0.38902
vt 0.06872 0.38938
vt 0.06873 0.60926
vt 0.07285 0.60877
vt 0.07880 0.60805
vt 0.07880 0.38856
vt 0.07880 0.15391
vt 0.06870 0.15523
vt 0.06874 0.66351
vt 0.07303 0.66377
vt 0.07880 0.66413
vt 0.07311 0.90934
vt 0.06876 0.90909
vt 0.07880 0.90908
vt 0.98850 0.64819
vt 1.00000 0.65560
vt 1.00000 0.64020
vt 0.02642 0.61479
vt 1.00000 0.89229
vt 1.00000 0.87888
vt 0.95227 0.63982
vt 0.00000 0.19068
vt 0.00000 0.41839
vt 0.03288 0.15992
vt 0.84888 0.28027
vt 0.96131 0.43193
vt 0.97159 0.19528
vt 0.93312 0.02403
vt 0.94939 0.04340
vt 0.00000 0.64020
vt 0.00000 0.65560
vt 0.00000 0.83663
vt 0.00000 0.87888
vt 0.00000 0.89229
vt 0.66471 0.86938
vt 0.85385 0.89426
vt 0.78609 0.90250
vt 0.95053 0.88409
vt 0.61663 0.68499
vt 0.59477 0.56961
vt 0.56259 0.39974
vt 0.51401 0.14334
vt 0.79316 0.85683
vt 0.78912 0.86132
vt 0.78509 0.86580
vt 0.78105 0.87029
vt 0.94676 0.85466
vt 0.94156 0.85089
vt 0.93635 0.84712
vt 0.93114 0.84335
vt 0.93535 0.87585
vt 0.93946 0.87113
vt 0.94356 0.86640
vt 0.94766 0.86167
vt 0.79841 0.89073
vt 0.79314 0.88721
vt 0.79314 0.88721
vt 0.78787 0.88368
vt 0.78787 0.88368
vt 0.78259 0.88016
vt 0.93535 0.87585
vt 0.94210 0.87340
vt 0.94661 0.86821
vt 0.94676 0.85466
vt 0.94408 0.84850
vt 0.93836 0.84436
vt 0.78641 0.85914
vt 0.78198 0.86406
vt 0.78105 0.87029
vt 0.78540 0.88600
vt 0.79120 0.88987
vt 0.74433 0.02851
vt 0.76428 0.00000
vt 0.76428 1.00000
vt 0.69261 0.85710
vt 0.64373 0.91905
vt 0.66471 0.33333
vt 0.65014 0.40282
vt 0.50000 0.50000
vt 0.46998 0.52518
vt 0.53208 0.43905
vt 2.32926 0.94031
vt 0.50000 0.89229
vt 0.46899 0.90145
vt 0.16600 0.18065
vt 0.12646 0.23410
vt 0.12646 0.22011
vt 0.12647 0.20140
vt 0.16606 0.21595
vt 0.16608 0.22950
vt 0.64373 0.91905
vt 0.69261 0.85710
vt 0.65014 0.40282
vt 0.46998 0.52518
vt 0.53208 0.43905
vt 2.32926 0.94031
vt 0.46899 0.90145
vt 0.16596 0.15967
vt 0.17232 0.15967
vt 0.20191 0.15962
vt 0.23189 0.15958
vt 0.23828 0.15957
vt 0.23884 0.00000
vt 0.16536 0.00000
vt 0.54206 0.00000
vt 0.47029 0.00000
vt 0.46977 0.15925
vt 0.47614 0.15925
vt 0.50528 0.15920
vt 0.53500 0.15916
vt 0.54138 0.15915
vt 0.84569 0.00000
vt 0.77304 0.00000
vt 0.77337 0.15883
vt 0.77971 0.15883
vt 0.80902 0.15878
vt 0.83884 0.15874
vt 0.84521 0.15873
vt 0.73732 0.00000
vt 0.66471 0.00000
vt 0.66471 0.15460
vt 0.68423 0.16953
vt 0.74433 0.02851
vt 0.66471 0.17576
vt 0.61411 0.35876
vt 0.61411 0.43589
vt 0.66471 0.20367
vt 0.50000 1.00000
vt 0.50000 0.84407
vt 0.50000 0.79153
vt 0.76428 0.00000
vt 0.00000 0.00000
vt 0.56233 0.62113
vt 0.57096 0.58451
vt 0.57959 0.54790
vt 0.58822 0.51128
vt 0.59685 0.47466
vt 0.60548 0.43804
vt 0.61411 0.40142
vt 0.56233 0.62521
vt 0.57096 0.58655
vt 0.57959 0.54788
vt 0.58822 0.50922
vt 0.59685 0.47056
vt 0.60548 0.43189
vt 0.61411 0.39323
vt 0.50000 0.88957
vt 0.50000 0.88199
vt 0.50863 0.85112
vt 0.50000 0.87441
vt 0.51726 0.81266
vt 0.50000 0.86682
vt 0.52589 0.77420
vt 0.50000 0.85924
vt 0.53452 0.73575
vt 0.50000 0.85165
vt 0.54316 0.69729
vt 0.50000 0.84407
vt 0.55179 0.65883
vt 0.50000 0.90039
vt 0.50863 0.86356
vt 0.50000 0.90797
vt 0.51726 0.82674
vt 0.50000 0.91555
vt 0.52589 0.78991
vt 0.50000 0.92314
vt 0.53452 0.75309
vt 0.50000 0.93072
vt 0.54316 0.71626
vt 0.50000 0.93831
vt 0.55179 0.67944
vt 0.50000 0.94589
vt 0.56233 0.62113
vt 0.57573 0.57293
vt 0.58822 0.52633
vt 0.59894 0.48317
vt 0.60717 0.44591
vt 0.61235 0.41757
vt 0.61235 0.39247
vt 0.60717 0.40926
vt 0.59894 0.44378
vt 0.58822 0.49417
vt 0.57573 0.55650
vt 0.56233 0.62521
vt 0.55179 0.67944
vt 0.53838 0.74777
vt 0.52589 0.80900
vt 0.51517 0.85763
vt 0.50694 0.88987
vt 0.50176 0.90400
vt 0.50176 0.87057
vt 0.50694 0.83957
vt 0.51517 0.80003
vt 0.52589 0.75512
vt 0.53838 0.70741
vt 0.55179 0.65883
vt 0.51803 0.85312
vt 0.55745 0.65030
vt 0.50000 0.84407
vt 0.50000 0.85165
vt 0.50000 0.85924
vt 0.50000 0.86682
vt 0.50000 0.87441
vt 0.50000 0.88199
vt 0.50000 0.88957
vt 0.50000 0.84407
vt 0.50000 0.94589
vt 0.50000 0.90039
vt 0.50000 0.90797
vt 0.50000 0.91555
vt 0.50000 0.92314
vt 0.50000 0.93072
vt 0.50000 0.93831
vt 0.50000 0.88957
vt 0.68349 0.63770
vt 0.66471 0.63755
vt 0.66471 0.65025
vt 0.66471 0.24296
vt 0.68412 0.23860
vt 0.68423 0.16953
vt 0.66471 0.20367
vt 1.00000 0.64020
vt 0.97583 0.64001
vt 0.98850 0.64819
vt 1.00000 0.65560
vt 0.97135 0.17033
vt 0.96995 0.02287
vt 0.94395 0.00753
vt 0.89201 0.00954
vt 0.74433 0.02851
vt 1.00000 0.19068
vt 1.00000 0.16422
vt 0.97159 0.19528
vt 0.97385 0.43203
vt 1.00000 0.41839
vt 0.78259 0.88016
vt 0.78448 0.89225
vt 0.79841 0.89073
vt 0.79314 0.88721
vt 0.78787 0.88368
vt 0.78105 0.87029
vt 0.78509 0.86580
vt 0.78912 0.86132
vt 0.79316 0.85683
vt 0.77916 0.85820
vt 0.93114 0.84335
vt 0.93635 0.84712
vt 0.94156 0.85089
vt 0.94676 0.85466
vt 0.94514 0.84198
vt 0.94766 0.86167
vt 0.94356 0.86640
vt 0.93946 0.87113
vt 0.93535 0.87585
vt 0.94928 0.87434
vt 0.93114 0.84335
vt 1.00000 0.83663
vt 0.66471 0.86938
vt 0.79841 0.89073
vt 0.78609 0.90250
vt 0.85385 0.89426
vt 0.95053 0.88409
vt 0.66471 0.91726
vt 1.00000 0.87888
vt 0.94676 0.85466
vt 0.42466 0.36162
vt 0.42468 0.37969
vt 0.72766 0.36211
vt 0.72766 0.38028
vt 0.35726 0.37940
vt 0.35726 0.37939
vt 0.35754 0.58056
vt 0.35775 0.58056
vt 0.35726 0.37938
vt 0.35732 0.58056
vt 0.35726 0.37938
vt 0.35711 0.58056
vt 0.35068 0.58051
vt 0.35090 0.58051
vt 0.35036 0.19459
vt 0.35014 0.19459
vt 0.35111 0.58051
vt 0.35057 0.19459
vt 0.35132 0.58052
vt 0.35078 0.19459
vt 0.35721 0.19460
vt 0.35700 0.19460
vt 0.35721 0.36084
vt 0.35721 0.36083
vt 0.35679 0.19460
vt 0.35722 0.36085
vt 0.35657 0.19460
vt 0.35722 0.36086
vt 0.35726 0.37938
vt 0.35726 0.37938
vt 0.35111 0.58051
vt 0.35068 0.58051
vt 0.35078 0.19459
vt 0.35057 0.19459
vt 0.35722 0.36085
vt 0.35754 0.58056
vt 0.35662 0.36106
vt 0.35665 0.37940
vt 0.35132 0.58052
vt 0.35722 0.36217
vt 0.42466 0.36293
vt 0.35722 0.36352
vt 0.42466 0.36423
vt 0.35722 0.36486
vt 0.42466 0.36554
vt 0.35726 0.37806
vt 0.42468 0.37839
vt 0.35726 0.37672
vt 0.42467 0.37708
vt 0.35725 0.37537
vt 0.42467 0.37577
vt 0.35722 0.36352
vt 0.42467 0.37577
vt 0.42467 0.37708
vt 0.66053 0.38042
vt 0.66053 0.38042
vt 0.66021 0.58282
vt 0.66042 0.58282
vt 0.66052 0.38042
vt 0.66000 0.58281
vt 0.66051 0.38043
vt 0.65979 0.58281
vt 0.65383 0.58276
vt 0.65404 0.58276
vt 0.65389 0.19402
vt 0.65367 0.19402
vt 0.65425 0.58276
vt 0.65410 0.19402
vt 0.65446 0.58277
vt 0.65432 0.19403
vt 0.66040 0.19404
vt 0.66019 0.19404
vt 0.66036 0.36239
vt 0.66035 0.36239
vt 0.65997 0.19404
vt 0.66036 0.36238
vt 0.65976 0.19404
vt 0.66037 0.36238
vt 0.66035 0.36239
vt 0.66053 0.38042
vt 0.72766 0.36344
vt 0.66036 0.36372
vt 0.72766 0.36477
vt 0.66038 0.36504
vt 0.72766 0.36611
vt 0.66039 0.36636
vt 0.72766 0.37895
vt 0.66052 0.37910
vt 0.72766 0.37761
vt 0.66051 0.37777
vt 0.72766 0.37628
vt 0.66049 0.37645
vt 0.66052 0.38042
vt 0.66052 0.38042
vt 0.65979 0.58281
vt 0.66021 0.58282
vt 0.66000 0.58281
vt 0.65404 0.58276
vt 0.65432 0.19403
vt 0.66036 0.36238
vt 0.66036 0.36239
vt 0.66019 0.19404
vt 0.66000 0.58281
vt 0.66038 0.36504
vt 0.72766 0.36344
vt 0.66052 0.37910
vt 0.66051 0.37777
vt 0.65988 0.36227
vt 0.65989 0.38039
# 1102 texture vertices

vn 0.00000 -1.00000 0.00000
vn 0.00000 1.00000 0.00000
vn 0.00000 1.00000 0.00000
vn -0.08699 0.99621 0.00000
vn 0.09461 -0.99551 0.00000
vn 0.00000 -1.00000 0.00000
vn 0.09561 -0.99542 0.00000
vn -0.14170 0.98991 0.00000
vn 0.14878 -0.98887 0.00000
vn -0.34498 0.93861 0.00000
vn 0.38733 -0.92194 -0.00008
vn 0.64816 -0.76151 -0.00016
vn 0.92076 -0.39012 -0.00032
vn 0.64813 -0.76153 -0.00016
vn -0.61816 0.78605 -0.00000
vn 1.00000 0.00000 0.00000
vn 1.00000 0.00000 0.00000
vn 1.00000 -0.00019 -0.00027
vn 1.00000 -0.00014 -0.00020
vn 1.00000 -0.00014 -0.00020
vn 1.00000 -0.00019 -0.00027
vn 1.00000 -0.00014 -0.00020
vn 1.00000 0.00073 -0.00243
vn 0.00000 0.00000 0.00000
vn 1.00000 0.00024 -0.00081
vn 1.00000 -0.00014 -0.00020
vn 1.00000 -0.00014 -0.00020
vn 1.00000 -0.00019 -0.00027
vn 0.99972 -0.00014 -0.02352
vn 0.99993 -0.00014 -0.01194
vn 1.00000 -0.00019 -0.00027
vn 1.00000 -0.00028 -0.00040
vn 1.00000 0.00036 -0.00122
vn 1.00000 0.00036 -0.00122
vn 0.99992 0.00036 -0.01294
vn 0.99970 0.00036 -0.02452
vn 0.99973 -0.00000 -0.02330
vn 0.99973 -0.00000 -0.02330
vn -0.00000 0.00000 -1.00000
vn 0.00000 0.00000 -1.00000
vn -0.00000 0.00000 -1.00000
vn 0.00000 0.00000 1.00000
vn -0.00000 0.00000 1.00000
vn -0.00000 0.00000 1.00000
vn 0.00000 1.00000 0.00000
vn 0.00000 1.00000 0.00000
vn 0.00000 1.00000 0.00000
vn -0.00000 1.00000 0.00000
vn 0.00000 1.00000 0.00000
vn 0.00000 1.00000 0.00000
vn 0.00000 0.00000 -1.00000
vn 0.00000 -0.00000 -1.00000
vn 0.00000 -0.00000 -1.00000
vn 0.00000 -1.00000 -0.00000
vn 0.00000 -1.00000 -0.00000
vn 0.00000 -1.00000 -0.00000
vn 0.00000 -1.00000 -0.00000
vn 0.00000 -0.00000 -1.00000
vn 0.00000 -0.00000 -1.00000
vn 0.00000 -1.00000 0.00000
vn 0.00000 -1.00000 0.00000
vn 0.00000 1.00000 0.00000
vn 0.00000 1.00000 0.00000
vn 0.00000 1.00000 0.00000
vn -0.00000 1.00000 0.00000
vn -0.00000 0.00000 1.00000
vn 0.00000 1.00000 0.00000
vn 0.00000 1.00000 0.00000
vn 0.00000 -1.00000 0.00000
vn 0.00000 -1.00000 0.00000
vn -0.00000 0.00000 1.00000
vn -0.00000 0.00000 1.00000
vn 0.00000 1.00000 0.00000
vn 0.00000 1.00000 0.00000
vn 0.00000 1.00000 0.00000
vn 0.00000 1.00000 0.00000
vn 0.00000 1.00000 0.00000
vn -0.00000 1.00000 0.00000
vn -0.00000 -1.00000 0.00000
vn -0.00000 -1.00000 0.00000
vn 0.00000 -1.00000 0.00000
vn 0.00000 -0.00000 -1.00000
vn 0.00000 0.06540 -0.99786
vn 0.00000 0.25882 -0.96593
vn 0.00000 0.50000 -0.86603
vn 0.00000 0.50000 -0.86603
vn 0.00000 0.70711 -0.70711
vn 0.00000 0.86603 -0.50000
vn 0.00000 0.86603 -0.50000
vn 0.00000 0.96593 -0.25882
vn 0.00000 0.96593 -0.25882
vn 0.00000 0.99786 -0.06540
vn 0.00000 -0.99786 -0.06540
vn 0.00000 -0.96593 -0.25882
vn 0.00000 -0.86602 -0.50000
vn 0.00000 -0.70711 -0.70711
vn 0.00000 -0.50000 -0.86603
vn 0.00000 -0.50000 -0.86603
vn 0.00000 -0.25882 -0.96593
vn 0.00000 -0.06540 -0.99786
vn 0.00000 0.06540 0.99786
vn 0.00000 0.25882 0.96593
vn 0.00000 0.50000 0.86603
vn 0.00000 0.50000 0.86603
vn 0.00000 0.70711 0.70711
vn 0.00000 0.86603 0.50000
vn 0.00000 0.96593 0.25882
vn 0.00000 0.99786 0.06540
vn 0.00000 -0.06540 0.99786
vn 0.00000 -0.25882 0.96593
vn 0.00000 -0.50000 0.86603
vn 0.00000 -0.50000 0.86603
vn 0.00000 -0.70711 0.70711
vn 0.00000 -0.86602 0.50000
vn 0.00000 -0.86603 0.50000
vn 0.00000 -0.96593 0.25882
vn 0.00000 -0.96593 0.25882
vn 0.00000 -0.99786 0.06540
vn 0.00000 -0.99786 0.06540
vn 0.00000 0.99786 0.06540
vn 0.00000 0.96593 0.25882
vn 0.00000 0.86602 0.50000
vn 0.00000 0.70711 0.70711
vn 0.00000 0.50000 0.86603
vn 0.00000 0.25882 0.96593
vn 0.00000 0.25882 -0.96593
vn 0.00000 0.50000 -0.86603
vn 0.00000 0.70711 -0.70711
vn 0.00000 0.86602 -0.50000
vn 0.00000 0.96593 -0.25882
vn 0.00000 0.99786 -0.06540
vn 0.00000 -0.99786 -0.06540
vn 0.00000 -0.96593 -0.25882
vn 0.00000 -0.86603 -0.50000
vn 0.00000 -0.70711 -0.70711
vn 0.00000 -0.50000 -0.86603
vn 0.00000 -0.25882 -0.96593
vn 0.00000 -0.25882 0.96593
vn 0.00000 -0.50000 0.86603
vn 0.00000 -0.70711 0.70711
vn 0.00000 -0.86603 0.50000
vn 0.00000 -0.96593 0.25882
vn 0.00000 -0.99786 0.06540
vn 0.00000 0.96593 -0.25882
vn 0.00000 0.99786 -0.06540
vn 0.00000 0.86603 -0.50000
vn 0.00000 0.86603 0.50000
vn -1.00000 0.00000 0.00000
vn -1.00000 0.00000 0.00000
vn -1.00000 -0.00000 0.00006
vn -1.00000 -0.00000 0.00002
vn 0.00000 -0.99786 0.06540
vn 0.00000 -0.96593 0.25882
vn 0.00000 -0.96593 0.25882
vn 0.00000 -0.86603 0.50000
vn 0.00000 -0.70711 0.70710
vn 0.00000 -0.50001 0.86602
vn 0.00000 -0.50001 0.86602
vn 0.00000 -0.25881 0.96593
vn 0.00000 -0.25881 0.96593
vn 0.00000 -0.06539 0.99786
vn 0.00000 -0.06539 0.99786
vn 0.00000 -0.99786 -0.06540
vn 0.00000 -0.96593 -0.25882
vn 0.00000 -0.96593 -0.25882
vn 0.00000 -0.99786 -0.06540
vn 0.00000 -0.86602 -0.50000
vn 0.00000 -0.86602 -0.50000
vn 0.00000 -0.70711 -0.70710
vn 0.00000 -0.50000 -0.86603
vn 0.00000 -0.50000 -0.86603
vn 0.00000 -0.25882 -0.96593
vn 0.00000 -0.06541 -0.99786
vn 0.00000 0.99786 -0.06540
vn 0.00000 0.96593 -0.25882
vn 0.00000 0.86602 -0.50000
vn 0.00000 0.70711 -0.70710
vn 0.00000 0.50000 -0.86602
vn 0.00000 0.25882 -0.96593
vn 0.00000 0.06541 -0.99786
vn 0.00000 0.99786 0.06540
vn 0.00000 0.96593 0.25882
vn 0.00000 0.96593 0.25882
vn 0.00000 0.86603 0.50000
vn 0.00000 0.86603 0.50000
vn 0.00000 0.70711 0.70710
vn 0.00000 0.50001 0.86602
vn 0.00000 0.50001 0.86602
vn 0.00000 0.25881 0.96593
vn 0.00000 0.25881 0.96593
vn 0.00000 0.06539 0.99786
vn 0.00000 0.06539 0.99786
vn 0.00000 0.99786 0.06540
vn 0.00000 0.96593 0.25882
vn 0.00000 0.86602 0.50000
vn 0.00000 0.70711 0.70710
vn 0.00000 0.50000 0.86603
vn 0.00000 0.25882 0.96593
vn 0.00000 0.06541 0.99786
vn 0.00000 0.06539 -0.99786
vn 0.00000 0.25881 -0.96593
vn 0.00000 0.50001 -0.86602
vn 0.00000 0.70711 -0.70710
vn 0.00000 0.86603 -0.50000
vn 0.00000 0.96593 -0.25882
vn 0.00000 0.99786 -0.06540
vn 0.00000 -0.70711 0.70710
vn 0.00000 -0.50001 0.86602
vn 0.00000 -0.70711 -0.70710
vn 0.00000 -0.50000 -0.86603
vn 0.00000 -0.25882 -0.96593
vn 0.00000 -0.06541 -0.99786
vn 0.00000 -0.99786 -0.06540
vn 0.00000 -0.96593 -0.25882
vn 0.00000 -0.86603 -0.50000
vn 0.00000 -0.50001 -0.86602
vn 0.00000 -0.25881 -0.96593
vn 0.00000 -0.06539 -0.99786
vn 0.00000 -0.06541 0.99786
vn 0.00000 -0.25882 0.96593
vn 0.00000 -0.50000 0.86603
vn 0.00000 -0.86602 0.50000
vn 0.00000 -0.96593 0.25882
vn 0.00000 -0.99786 0.06540
vn 0.00000 0.86602 -0.50000
vn 0.00000 0.50000 -0.86602
vn 0.00000 0.25882 -0.96593
vn 0.00000 0.06541 -0.99786
vn 0.00000 0.86603 0.50000
vn 0.00000 0.50001 0.86602
vn 0.00000 1.00000 0.00000
vn 0.00000 1.00000 0.00000
vn 0.00000 -0.70710 0.70712
vn 0.00000 -0.49999 0.86603
vn 0.00000 -0.25884 0.96592
vn 0.00000 -0.06542 0.99786
vn 0.00000 -0.06542 0.99786
vn 0.00000 -0.99786 -0.06540
vn 0.00000 -0.96593 -0.25882
vn 0.00000 -0.96593 -0.25882
vn 0.00000 -0.86603 -0.50000
vn 0.00000 -0.50001 -0.86602
vn 0.00000 -0.50001 -0.86602
vn 0.00000 -0.25881 -0.96593
vn 0.00000 -0.06539 -0.99786
vn 0.00000 0.99786 -0.06540
vn 0.00000 0.96593 -0.25882
vn 0.00000 0.96593 -0.25882
vn 0.00000 0.86603 -0.50000
vn 0.00000 0.86603 -0.50000
vn 0.00000 0.70711 -0.70710
vn 0.00000 0.50001 -0.86602
vn 0.00000 0.50001 -0.86602
vn 0.00000 0.25881 -0.96593
vn 0.00000 0.06539 -0.99786
vn 0.00000 0.70710 0.70712
vn 0.00000 0.49999 0.86603
vn 0.00000 0.25884 0.96592
vn 0.00000 0.06542 0.99786
vn 0.00000 0.06542 0.99786
vn 0.00000 0.99786 0.06540
vn 0.00000 0.96593 0.25882
vn 0.00000 0.86603 0.50000
vn 0.00000 0.06542 -0.99786
vn 0.00000 0.25884 -0.96592
vn 0.00000 0.49999 -0.86603
vn 0.00000 0.70710 -0.70712
vn 0.00000 -0.70710 0.70712
vn 0.00000 -0.25884 0.96592
vn 0.00000 -0.70710 -0.70712
vn 0.00000 -0.49999 -0.86603
vn 0.00000 -0.25884 -0.96592
vn 0.00000 -0.06542 -0.99786
vn 0.00000 -0.86603 0.50000
vn 0.00000 -0.96593 0.25882
vn 0.00000 -0.99786 0.06540
vn 0.00000 0.86603 -0.50000
vn 0.00000 0.70710 0.70712
vn 0.00000 0.25884 0.96592
vn 0.00000 -0.99786 0.06539
vn 0.00000 -0.96595 0.25872
vn 0.00000 -0.86620 0.49970
vn 0.00000 -0.70757 0.70665
vn 0.00000 -0.50087 0.86552
vn 0.00000 -0.26005 0.96560
vn 0.00000 -0.26005 0.96560
vn 0.00000 -0.06673 0.99777
vn 0.00000 -0.70710 -0.70712
vn 0.00000 -0.25884 -0.96592
vn 0.00000 -0.06542 -0.99786
vn 0.00000 0.70710 -0.70712
vn 0.00000 0.25884 -0.96592
vn 0.00000 0.06542 -0.99786
vn 0.00000 0.99786 0.06542
vn 0.00000 0.96590 0.25892
vn 0.00000 0.99786 0.06542
vn 0.00000 0.86585 0.50030
vn 0.00000 0.70663 0.70759
vn 0.00000 0.49911 0.86654
vn 0.00000 0.25763 0.96624
vn 0.00000 0.06410 0.99794
vn 0.00000 0.06410 0.99794
vn 0.00000 -0.06673 0.99777
vn 0.00000 -0.99786 -0.06540
vn 0.00000 -0.49999 0.86603
vn 0.00000 -0.70710 0.70712
vn 0.00000 -0.86603 0.50000
vn 0.00000 -0.99786 0.06540
vn 0.00000 0.96590 0.25892
vn 0.00000 0.86585 0.50030
vn 0.00000 0.49911 0.86654
vn 0.00000 0.25763 0.96624
vn 0.00000 0.99786 0.06540
vn 0.00000 0.96593 0.25882
vn -0.00000 0.99947 0.03268
vn 0.00000 0.86603 0.50000
vn 0.00000 0.70711 0.70711
vn 0.00000 0.50000 0.86602
vn 0.00000 0.25882 0.96593
vn 0.00000 0.06540 0.99786
vn 0.00000 0.03268 0.99947
vn 0.00000 0.06540 -0.99786
vn 0.00000 0.25882 -0.96593
vn 0.00000 0.03269 -0.99947
vn 0.00000 0.50000 -0.86602
vn 0.00000 0.70711 -0.70711
vn 0.00000 0.86603 -0.50000
vn 0.00000 0.96593 -0.25882
vn 0.00000 0.99786 -0.06540
vn 0.00000 0.99947 -0.03268
vn 0.00000 -0.99786 -0.06540
vn 0.00000 -0.99947 -0.03269
vn 0.00000 -0.86602 -0.50000
vn 0.00000 -0.70711 -0.70711
vn 0.00000 -0.50000 -0.86602
vn 0.00000 -0.13053 -0.99144
vn 0.00000 -0.13052 0.99145
vn 0.00000 -0.25882 0.96593
vn 0.00000 -0.50000 0.86602
vn 0.00000 -0.70711 0.70711
vn 0.00000 -0.86603 0.50000
vn 0.00000 -0.99786 0.06540
vn 0.00000 -0.99947 0.03268
vn -0.00000 0.99947 0.03268
vn 0.00000 0.86602 0.50000
vn 0.00000 0.70711 0.70710
vn 0.00000 0.50000 0.86603
vn 0.00000 0.25882 0.96593
vn 0.00000 0.06541 0.99786
vn -0.00000 0.03268 0.99947
vn 0.00000 0.06541 -0.99786
vn 0.00000 0.25882 -0.96593
vn 0.00000 0.03268 -0.99947
vn 0.00000 0.50000 -0.86603
vn 0.00000 0.70711 -0.70710
vn 0.00000 0.86602 -0.50000
vn 0.00000 0.96593 -0.25882
vn 0.00000 0.99786 -0.06540
vn 0.00000 0.99947 -0.03268
vn 0.00000 -0.99947 -0.03268
vn 0.00000 -0.86602 -0.50000
vn 0.00000 -0.13053 -0.99144
vn 0.00000 -0.13053 0.99144
vn 0.00000 -0.99947 0.03268
vn 0.00000 0.06539 -0.99786
vn 0.00000 0.25881 -0.96593
vn 0.00000 0.03268 -0.99947
vn 0.00000 0.50001 -0.86602
vn 0.00000 0.86603 -0.50000
vn 0.00000 0.96593 -0.25882
vn 0.00000 0.99786 -0.06540
vn 0.00000 0.99947 -0.03268
vn 0.00000 0.99786 0.06541
vn -0.00000 0.99947 0.03269
vn 0.00000 0.86603 0.50000
vn 0.00000 0.70711 0.70710
vn 0.00000 0.50001 0.86602
vn 0.00000 0.25881 0.96593
vn 0.00000 0.06539 0.99786
vn 0.00000 0.03268 0.99947
vn -0.00000 -0.99947 -0.03268
vn 0.00000 -0.13051 -0.99145
vn 0.00000 -0.13051 0.99145
vn 0.00000 -0.99947 0.03268
vn 0.00000 1.00000 0.00000
vn 0.00000 1.00000 0.00000
vn 0.00000 -1.00000 -0.00000
vn 0.00000 -1.00000 -0.00000
vn 0.00000 1.00000 0.00000
vn 0.00000 1.00000 0.00000
vn 0.00000 1.00000 0.00000
vn 0.00000 1.00000 0.00000
vn -0.00000 -1.00000 0.00000
vn 0.00000 -1.00000 0.00000
vn 0.00000 1.00000 0.00000
vn -0.00000 1.00000 0.00000
vn 0.00000 -1.00000 0.00000
vn -0.00000 0.00000 1.00000
vn -0.00000 0.00000 1.00000
vn -0.00000 1.00000 0.00000
vn 0.00000 1.00000 0.00000
vn -0.00000 1.00000 0.00000
vn 0.00000 -1.00000 0.00000
vn 0.00000 -1.00000 -0.00000
vn 0.00001 -0.00000 -1.00000
vn 0.00000 1.00000 0.00000
vn -1.00000 -0.00000 0.00003
vn 0.00000 1.00000 0.00000
vn -0.85780 0.51399 -0.00000
vn -0.92111 0.38930 -0.00000
vn -1.00000 -0.00000 0.00002
vn -0.85779 0.51400 -0.00000
vn -0.85780 0.51398 -0.00000
vn -0.08716 0.99619 -0.00003
vn -0.08379 0.99648 -0.00003
vn -0.61059 0.79195 0.00000
vn -0.91186 0.41049 0.00000
vn -0.92111 0.38930 0.00000
vn -0.61816 0.78605 0.00000
vn -0.34490 0.93864 -0.00003
vn -0.32349 0.94623 -0.00003
vn 0.05213 0.02770 -0.99826
vn -0.18291 -0.00053 0.98313
vn -0.18291 -0.00054 0.98313
vn -0.18302 -0.00023 0.98311
vn -0.18301 -0.00024 0.98311
vn -0.20646 -0.01876 0.97828
vn -0.20529 -0.01786 0.97854
vn 0.03213 0.00600 -0.99947
vn 0.04811 0.02959 -0.99840
vn -0.00000 0.00001 1.00000
vn 0.00000 0.00001 1.00000
vn -0.07054 -0.02831 0.99711
vn -0.07632 -0.00188 0.99708
vn 0.00001 -0.00002 1.00000
vn 0.00001 -0.00001 1.00000
vn -0.00000 -0.00003 1.00000
vn -0.00000 -0.00003 1.00000
vn 0.00002 0.00000 1.00000
vn 0.00000 0.00000 -1.00000
vn 0.02776 0.00592 -0.99960
vn 0.00001 0.00001 1.00000
vn 0.00367 0.00000 -0.99999
vn -0.09201 0.00000 0.99576
vn -0.06352 0.00000 0.99798
vn 0.04458 0.00000 -0.99901
vn 0.04458 0.00000 -0.99901
vn -0.18684 -0.00602 0.98237
vn -0.14179 0.98990 -0.00006
vn -0.14176 0.98990 -0.00006
vn -0.22909 -0.03639 0.97272
vn -0.99999 0.00062 0.00504
vn -0.99994 0.00137 0.01114
vn -0.98903 0.02793 0.14502
vn -0.99788 0.01141 0.06403
vn -0.99903 0.00721 0.04342
vn 0.09168 0.05639 -0.99419
vn 0.09042 0.02832 -0.99550
vn -0.99995 0.00124 0.01008
vn 0.15412 -0.98805 0.00000
vn 0.37650 -0.92641 -0.00089
vn 0.14866 -0.98889 0.00000
vn 0.04555 -0.99896 0.00000
vn 0.14344 -0.98966 0.00000
vn 0.61652 -0.78734 -0.00190
vn 0.61652 -0.78734 -0.00190
vn 0.63518 -0.77236 -0.00195
vn 0.90577 -0.42376 -0.00112
vn 0.65676 -0.75410 -0.00200
vn 0.65676 -0.75410 -0.00200
vn 0.08074 0.05043 -0.99546
vn 0.06364 0.01471 -0.99786
vn 0.09029 0.00964 -0.99587
vn 0.01905 0.29300 -0.95592
vn 0.00000 -1.00000 0.00000
vn 0.00000 -1.00000 0.00000
vn 0.00000 -1.00000 0.00000
vn -0.99979 0.00247 0.02016
vn -0.99979 0.00247 0.02016
vn -0.99979 0.00247 0.02016
vn 0.00002 0.00000 1.00000
vn -0.18325 0.00001 0.98307
vn -0.18325 0.00001 0.98307
vn -0.20670 -0.07926 0.97519
vn -0.18325 0.00001 0.98307
vn -0.18325 0.00001 0.98307
vn -0.00000 0.00002 1.00000
vn 0.00000 0.00002 1.00000
vn -0.23893 -0.97062 -0.02845
vn -0.59138 -0.80052 -0.09711
vn -0.59199 -0.80006 -0.09723
vn -0.23880 -0.97065 -0.02843
vn -0.90967 -0.38179 -0.16353
vn -0.91038 -0.38002 -0.16370
vn -0.98294 0.00902 -0.18373
vn -0.98292 0.01023 -0.18375
vn 0.94844 -0.25989 0.18147
vn 0.78097 -0.60480 0.15593
vn 0.77989 -0.60622 0.15576
vn 0.94813 -0.26103 0.18143
vn 0.38629 -0.91822 0.08745
vn 0.38564 -0.91851 0.08733
vn 0.01619 -0.99968 0.01968
vn 0.01631 -0.99967 0.01970
vn 0.25910 0.96531 0.03231
vn 0.60205 0.79227 0.09924
vn 0.60266 0.79179 0.09936
vn 0.25900 0.96534 0.03229
vn 0.90984 0.38136 0.16357
vn 0.91053 0.37963 0.16373
vn 0.98300 -0.00190 0.18362
vn 0.98299 -0.00309 0.18364
vn 0.00503 0.99986 -0.01572
vn -0.36912 0.92555 -0.08436
vn -0.36983 0.92525 -0.08449
vn 0.00513 0.99986 -0.01570
vn -0.77257 0.61583 -0.15455
vn -0.77369 0.61437 -0.15474
vn -0.94586 0.26931 -0.18114
vn -0.94618 0.26816 -0.18118
vn -0.18369 0.01601 0.98285
vn -0.18369 0.01601 0.98285
vn -0.18369 0.01601 0.98285
vn -0.18369 0.01601 0.98285
vn -0.18369 0.01601 0.98285
vn -0.18369 0.01601 0.98285
vn -0.18369 0.01601 0.98285
vn 1.00000 0.00000 -0.00000
vn 1.00000 0.00000 -0.00000
vn 0.00000 1.00000 -0.00001
vn 0.00000 1.00000 -0.00001
vn 0.00000 1.00000 -0.00001
vn 0.00000 -1.00000 -0.00000
vn 0.00000 -1.00000 -0.00000
vn 0.00000 -1.00000 -0.00000
vn 0.00000 -1.00000 -0.00000
vn -0.18324 -0.00005 0.98307
vn -0.18324 -0.00005 0.98307
vn -0.14202 0.98986 -0.00006
vn -0.15295 0.08723 0.98438
vn -0.17376 0.12834 0.97639
vn -0.19375 -0.13222 0.97210
vn -0.14745 -0.13062 0.98041
vn -0.20046 -0.16828 0.96514
vn -0.01042 -0.15531 0.98781
vn -0.09264 -0.11754 0.98874
vn -0.20278 -0.22650 0.95267
vn -0.06962 -0.19021 0.97927
vn -0.21509 -0.11042 0.97033
vn -1.00000 -0.00000 0.00006
vn -0.00000 0.00000 -1.00000
vn -0.00000 0.00000 -1.00000
vn -1.00000 -0.00000 0.00006
vn 0.08908 0.00000 -0.99602
vn 0.08908 0.00000 -0.99602
vn 0.08908 0.00000 -0.99602
vn 0.08908 0.00000 -0.99602
vn 0.08699 0.99621 0.00000
vn -0.09561 -0.99542 0.00000
vn -0.09461 -0.99551 0.00000
vn 0.14170 0.98991 0.00000
vn -0.14878 -0.98887 0.00000
vn 0.34498 0.93861 0.00000
vn -0.38733 -0.92194 -0.00008
vn -0.64813 -0.76153 -0.00016
vn -0.92076 -0.39012 -0.00031
vn -0.64816 -0.76151 -0.00016
vn 0.61816 0.78605 0.00000
vn -1.00000 -0.00014 -0.00020
vn -1.00000 -0.00019 -0.00027
vn -1.00000 -0.00019 -0.00027
vn -1.00000 -0.00014 -0.00020
vn -1.00000 -0.00014 -0.00020
vn -1.00000 0.00024 -0.00081
vn -1.00000 0.00073 -0.00243
vn -1.00000 -0.00014 -0.00020
vn -1.00000 -0.00019 -0.00027
vn -1.00000 -0.00014 -0.00020
vn -1.00000 -0.00028 -0.00040
vn -1.00000 -0.00019 -0.00027
vn -0.99993 -0.00014 -0.01194
vn -0.99972 -0.00014 -0.02352
vn -0.99970 0.00036 -0.02452
vn -0.99992 0.00036 -0.01294
vn -1.00000 0.00036 -0.00122
vn -1.00000 0.00036 -0.00122
vn -0.99973 0.00000 -0.02330
vn -0.99973 0.00000 -0.02330
vn 0.00000 0.00000 -1.00000
vn 0.00000 0.00000 -1.00000
vn -0.00000 0.00000 1.00000
vn 0.00000 1.00000 0.00000
vn -0.00000 1.00000 0.00000
vn -0.00000 1.00000 0.00000
vn -0.00000 -0.00000 -1.00000
vn -0.00000 -1.00000 -0.00000
vn -0.00000 -1.00000 -0.00000
vn -0.00000 -0.00000 -1.00000
vn -0.00000 -1.00000 0.00000
vn 0.00000 1.00000 0.00000
vn -0.00000 1.00000 0.00000
vn -0.00000 0.00000 1.00000
vn -0.00000 1.00000 0.00000
vn -0.00000 -1.00000 0.00000
vn -0.00000 -1.00000 0.00000
vn -0.00000 1.00000 0.00000
vn -0.00000 1.00000 0.00000
vn 0.00000 1.00000 0.00000
vn 0.00000 -1.00000 0.00000
vn 0.00000 -1.00000 0.00000
vn 0.00000 -1.00000 0.00000
vn -0.00000 -0.00000 -1.00000
vn 1.00000 0.00000 0.00002
vn 1.00000 0.00000 0.00006
vn 0.00000 0.99947 0.03268
vn -0.00000 0.99947 -0.03268
vn -0.00000 -0.99947 -0.03269
vn -0.00000 -0.99947 0.03268
vn 0.00000 0.99947 0.03268
vn -0.00000 0.03268 0.99947
vn -0.00000 0.99947 -0.03268
vn -0.00000 -0.99947 -0.03268
vn -0.00000 0.99947 -0.03268
vn 0.00000 0.99947 0.03269
vn 0.00000 -0.99947 -0.03268
vn 0.00000 -0.99947 0.03268
vn -0.00000 1.00000 0.00000
vn -0.00000 -1.00000 -0.00000
vn -0.00000 1.00000 0.00000
vn -0.00000 1.00000 0.00000
vn 0.00000 -1.00000 0.00000
vn 0.00000 -1.00000 0.00000
vn -0.00000 1.00000 0.00000
vn 0.00000 1.00000 0.00000
vn -0.00000 -1.00000 0.00000
vn -0.00000 0.00000 1.00000
vn 0.00000 1.00000 0.00000
vn -0.00000 1.00000 0.00000
vn 0.00000 1.00000 0.00000
vn -0.00000 -1.00000 0.00000
vn -0.00000 -1.00000 -0.00000
vn -0.00001 -0.00000 -1.00000
vn -0.00000 1.00000 0.00000
vn 1.00000 0.00000 0.00003
vn 1.00000 0.00000 0.00002
vn 0.92111 0.38930 0.00000
vn 0.85780 0.51399 0.00000
vn 0.85780 0.51398 0.00000
vn 0.85779 0.51400 0.00000
vn 0.08379 0.99648 -0.00003
vn 0.08716 0.99619 -0.00003
vn 0.61816 0.78605 0.00000
vn 0.92111 0.38930 0.00000
vn 0.91186 0.41049 0.00000
vn 0.61059 0.79195 0.00000
vn 0.32349 0.94623 -0.00003
vn 0.34490 0.93864 -0.00003
vn -0.05213 0.02770 -0.99826
vn 0.18301 -0.00024 0.98311
vn 0.18302 -0.00023 0.98311
vn 0.18291 -0.00054 0.98313
vn 0.18291 -0.00053 0.98313
vn 0.20529 -0.01786 0.97854
vn 0.20646 -0.01876 0.97828
vn -0.04811 0.02959 -0.99840
vn -0.03213 0.00600 -0.99947
vn 0.00000 0.00001 1.00000
vn 0.07632 -0.00188 0.99708
vn 0.07054 -0.02831 0.99711
vn -0.00001 -0.00001 1.00000
vn -0.00001 -0.00001 1.00000
vn -0.00002 -0.00000 1.00000
vn -0.02776 0.00592 -0.99960
vn -0.00001 0.00001 1.00000
vn -0.00367 0.00000 -0.99999
vn 0.06352 0.00000 0.99798
vn 0.09201 0.00000 0.99576
vn -0.04458 0.00000 -0.99901
vn -0.04458 0.00000 -0.99901
vn 0.18684 -0.00602 0.98237
vn 0.14176 0.98990 -0.00006
vn 0.14179 0.98990 -0.00006
vn 0.22909 -0.03639 0.97272
vn 0.99999 0.00062 0.00504
vn 0.99994 0.00137 0.01114
vn 0.99903 0.00721 0.04342
vn 0.99788 0.01141 0.06403
vn 0.98903 0.02793 0.14502
vn -0.09042 0.02832 -0.99550
vn -0.09168 0.05639 -0.99419
vn 0.99995 0.00124 0.01008
vn -0.14866 -0.98889 0.00000
vn -0.37650 -0.92641 -0.00089
vn -0.15412 -0.98805 0.00000
vn -0.04555 -0.99896 0.00000
vn -0.14344 -0.98966 0.00000
vn -0.63518 -0.77236 -0.00195
vn -0.61652 -0.78734 -0.00190
vn -0.61652 -0.78734 -0.00190
vn -0.65676 -0.75410 -0.00200
vn -0.65676 -0.75410 -0.00200
vn -0.90577 -0.42376 -0.00112
vn -0.09029 0.00964 -0.99587
vn -0.06364 0.01471 -0.99786
vn -0.08074 0.05043 -0.99546
vn -0.01905 0.29300 -0.95592
vn -0.00000 -1.00000 0.00000
vn -0.00000 -1.00000 0.00000
vn 0.99979 0.00247 0.02016
vn 0.99979 0.00247 0.02016
vn 0.99979 0.00247 0.02016
vn -0.00002 -0.00000 1.00000
vn 0.18325 0.00001 0.98307
vn 0.18325 0.00001 0.98307
vn 0.18325 0.00001 0.98307
vn 0.18325 0.00001 0.98307
vn 0.20670 -0.07926 0.97519
vn 0.00000 0.00002 1.00000
vn 0.23880 -0.97065 -0.02843
vn 0.59199 -0.80006 -0.09723
vn 0.59138 -0.80052 -0.09711
vn 0.23893 -0.97062 -0.02845
vn 0.91038 -0.38002 -0.16370
vn 0.90967 -0.38179 -0.16353
vn 0.98292 0.01023 -0.18375
vn 0.98294 0.00902 -0.18373
vn -0.94813 -0.26103 0.18143
vn -0.77989 -0.60622 0.15576
vn -0.78097 -0.60480 0.15593
vn -0.94844 -0.25989 0.18147
vn -0.38564 -0.91851 0.08733
vn -0.38629 -0.91822 0.08745
vn -0.01631 -0.99967 0.01970
vn -0.01619 -0.99968 0.01968
vn -0.25900 0.96534 0.03229
vn -0.60266 0.79179 0.09936
vn -0.60205 0.79227 0.09924
vn -0.25910 0.96531 0.03231
vn -0.91053 0.37963 0.16373
vn -0.90984 0.38136 0.16357
vn -0.98299 -0.00309 0.18364
vn -0.98300 -0.00190 0.18362
vn -0.00513 0.99986 -0.01570
vn 0.36983 0.92525 -0.08449
vn 0.36912 0.92555 -0.08436
vn -0.00503 0.99986 -0.01572
vn 0.77369 0.61437 -0.15474
vn 0.77257 0.61583 -0.15455
vn 0.94618 0.26816 -0.18118
vn 0.94586 0.26931 -0.18114
vn 0.18369 0.01601 0.98285
vn 0.18369 0.01601 0.98285
vn 0.18369 0.01601 0.98285
vn 0.18369 0.01601 0.98285
vn 0.18369 0.01601 0.98285
vn 0.18369 0.01601 0.98285
vn 0.18369 0.01601 0.98285
vn 0.18369 0.01601 0.98285
vn -1.00000 0.00000 -0.00000
vn -1.00000 0.00000 -0.00000
vn -0.00000 1.00000 -0.00001
vn -0.00000 1.00000 -0.00001
vn -0.00000 1.00000 -0.00001
vn -0.00000 1.00000 -0.00001
vn -0.00000 -1.00000 -0.00000
vn -0.00000 -1.00000 -0.00000
vn -0.00000 -1.00000 -0.00000
vn 0.18324 -0.00005 0.98307
vn 0.18324 -0.00005 0.98307
vn 0.14202 0.98986 -0.00006
vn 0.17376 0.12834 0.97639
vn 0.15295 0.08723 0.98438
vn 0.19375 -0.13222 0.97210
vn 0.20046 -0.16828 0.96514
vn 0.14745 -0.13062 0.98041
vn 0.09264 -0.11754 0.98874
vn 0.01042 -0.15531 0.98781
vn 0.06962 -0.19021 0.97927
vn 0.20278 -0.22650 0.95267
vn 0.21509 -0.11042 0.97033
vn 1.00000 0.00000 0.00003
vn 1.00000 0.00000 0.00006
vn 0.00000 0.00000 -1.00000
vn 0.00000 0.00000 -1.00000
vn 1.00000 0.00000 0.00006
vn 1.00000 0.00000 0.00006
vn -0.08908 0.00000 -0.99602
vn -0.08908 0.00000 -0.99602
vn -0.08908 0.00000 -0.99602
vn -0.08908 0.00000 -0.99602
vn -0.24240 -0.13825 0.96027
vn -0.24240 -0.13825 0.96027
vn -0.24240 -0.13825 0.96027
vn -0.24240 -0.13825 0.96027
vn -1.00000 0.00000 0.00000
vn -1.00000 0.00000 0.00000
vn -0.18325 -0.00002 0.98307
vn -0.08680 -0.00000 0.99623
vn -0.09202 -0.00000 0.99576
vn -0.18327 -0.00001 0.98306
vn -0.18327 -0.00002 0.98306
vn -0.09201 0.00000 0.99576
vn 0.00000 -0.00000 1.00000
vn 0.00000 0.00000 1.00000
vn -0.02788 0.00000 0.99961
vn -0.00000 -0.00001 1.00000
vn 0.00000 0.00001 1.00000
vn 0.00000 0.00001 1.00000
vn -0.18324 -0.00004 0.98307
vn -0.00000 0.00636 0.99998
vn -0.02245 0.00636 0.99973
vn -0.02245 0.00636 0.99973
vn -0.02245 0.00636 0.99973
vn -0.02245 0.00636 0.99973
vn -0.02245 0.00636 0.99973
vn -0.02245 0.00636 0.99973
vn 0.00000 0.00636 0.99998
vn 0.00000 0.00000 -1.00000
vn 0.00000 0.00000 -1.00000
vn 0.06540 0.99786 -0.00000
vn 0.25882 0.96593 0.00000
vn 0.50000 0.86602 0.00000
vn 0.70711 0.70711 0.00000
vn 0.86603 0.50000 0.00000
vn 0.96593 0.25882 0.00000
vn 0.99786 0.06540 0.00000
vn 0.06540 -0.99786 0.00000
vn 0.25882 -0.96593 0.00000
vn 0.50000 -0.86602 0.00000
vn 0.70711 -0.70711 0.00000
vn 0.86603 -0.50000 0.00000
vn 0.96593 -0.25882 0.00000
vn 0.99786 -0.06540 0.00000
vn -0.99786 0.06540 0.00000
vn -0.96593 0.25882 0.00000
vn -0.86602 0.50000 -0.00000
vn -0.70710 0.70711 -0.00000
vn -0.70711 0.70710 -0.00000
vn -0.50000 0.86603 -0.00000
vn -0.25878 0.96594 -0.00005
vn -0.03265 0.99947 -0.00003
vn -0.06543 0.99786 -0.00005
vn -0.99786 -0.06540 0.00000
vn -0.96593 -0.25882 0.00000
vn -0.86602 -0.50000 -0.00000
vn -0.70711 -0.70710 -0.00000
vn -0.70710 -0.70711 -0.00000
vn -0.50000 -0.86603 -0.00000
vn -0.25878 -0.96594 -0.00005
vn -0.06543 -0.99786 -0.00005
vn -0.03265 -0.99947 -0.00003
vn 0.00000 1.00000 -0.00000
vn 0.00001 0.00000 1.00000
vn 0.00000 0.00000 1.00000
vn 0.00000 0.00000 1.00000
vn 0.00000 0.00000 1.00000
vn 0.00000 0.00000 1.00000
vn 0.00000 0.00000 1.00000
vn -0.00000 -0.00001 1.00000
vn -0.00000 -0.00001 1.00000
vn 0.00000 -1.00000 0.00000
vn 0.00000 -1.00000 0.00000
vn 0.00000 0.00000 1.00000
vn 0.00000 0.00000 1.00000
vn 0.00000 1.00000 0.00000
vn 0.24240 -0.13825 0.96027
vn 0.24240 -0.13825 0.96027
vn 0.24240 -0.13825 0.96027
vn 0.24240 -0.13825 0.96027
vn 0.24240 -0.13825 0.96027
vn 1.00000 0.00000 0.00000
vn 0.09202 -0.00000 0.99576
vn 0.08680 -0.00000 0.99623
vn 0.18325 -0.00002 0.98307
vn 0.18327 -0.00002 0.98306
vn 0.18327 -0.00001 0.98306
vn 0.09201 0.00000 0.99576
vn -0.00000 -0.00000 1.00000
vn 0.02788 0.00000 0.99961
vn -0.00000 0.00000 1.00000
vn 0.18324 -0.00004 0.98307
vn 0.02245 0.00636 0.99973
vn 0.02245 0.00636 0.99973
vn 0.02245 0.00636 0.99973
vn 0.02245 0.00636 0.99973
vn 0.02245 0.00636 0.99973
vn 0.02245 0.00636 0.99973
vn -0.06540 0.99786 -0.00000
vn -0.25882 0.96593 0.00000
vn -0.50000 0.86602 0.00000
vn -0.70711 0.70711 0.00000
vn -0.86603 0.50000 0.00000
vn -0.96593 0.25882 0.00000
vn -0.99786 0.06540 0.00000
vn -0.06540 -0.99786 0.00000
vn -0.25882 -0.96593 0.00000
vn -0.50000 -0.86602 0.00000
vn -0.70711 -0.70711 0.00000
vn -0.86603 -0.50000 0.00000
vn -0.96593 -0.25882 0.00000
vn -0.99786 -0.06540 0.00000
vn 0.99786 0.06540 0.00000
vn 0.96593 0.25882 0.00000
vn 0.86602 0.50000 -0.00000
vn 0.70711 0.70710 -0.00000
vn 0.70710 0.70711 -0.00000
vn 0.50000 0.86603 -0.00000
vn 0.25878 0.96594 -0.00005
vn 0.06543 0.99786 -0.00005
vn 0.03265 0.99947 -0.00003
vn 0.99786 -0.06540 0.00000
vn 0.96593 -0.25882 0.00000
vn 0.86602 -0.50000 -0.00000
vn 0.70710 -0.70711 -0.00000
vn 0.70711 -0.70710 -0.00000
vn 0.50000 -0.86603 -0.00000
vn 0.25878 -0.96594 -0.00005
vn 0.03265 -0.99947 -0.00003
vn 0.06543 -0.99786 -0.00005
vn -0.00001 -0.00000 1.00000
vn -0.00000 -0.00000 1.00000
vn -0.00000 -0.00000 1.00000
vn -0.00000 -0.00000 1.00000
vn -0.00000 -0.00000 1.00000
vn -0.00000 -0.00000 1.00000
vn 0.00000 -0.00001 1.00000
vn 0.00000 0.00000 1.00000
vn 0.00000 0.00000 1.00000
vn -0.19497 -0.00752 0.98078
vn -0.18325 0.00000 0.98307
vn -0.19284 0.00447 0.98122
vn -0.18325 0.00000 0.98307
vn -0.18481 -0.00373 0.98277
vn -0.99109 0.00000 -0.13318
vn -0.99109 0.00000 -0.13318
vn -0.99109 0.00000 -0.13318
vn -0.18746 -0.01012 0.98222
vn 0.00000 1.00000 0.00000
vn -0.19962 0.00029 0.97987
vn -0.20466 -0.01374 0.97874
vn -0.18790 -0.01118 0.98212
vn -0.18790 -0.01118 0.98212
vn -0.18790 -0.01118 0.98212
vn -0.18790 -0.01118 0.98212
vn -0.18790 -0.01118 0.98212
vn 0.00000 -1.00000 0.00000
vn -0.00000 -1.00000 0.00000
vn -0.00000 -1.00000 0.00000
vn -0.00000 -1.00000 0.00000
vn -0.22575 -0.00090 0.97419
vn -0.22575 -0.00090 0.97419
vn -0.22575 -0.00090 0.97419
vn -0.22575 -0.00090 0.97419
vn -0.18455 0.00493 0.98281
vn -0.18354 0.00789 0.98298
vn -0.18189 0.01320 0.98323
vn -0.18299 0.00878 0.98308
vn -0.18299 0.00878 0.98308
vn -0.18479 0.00497 0.98277
vn -0.18610 0.00924 0.98249
vn -0.18610 0.00924 0.98249
vn -0.19404 0.01353 0.98090
vn -0.19004 0.01038 0.98172
vn -0.19392 0.01466 0.98091
vn -0.18445 0.02399 0.98255
vn -0.18169 0.02659 0.98300
vn -0.18885 0.01963 0.98181
vn -0.18142 0.02655 0.98305
vn -0.18102 0.02352 0.98320
vn -0.18102 0.02352 0.98320
vn -0.18174 0.01434 0.98324
vn -0.18143 0.02267 0.98314
vn -0.18846 0.01998 0.98188
vn -0.18934 0.00892 0.98187
vn -0.18319 0.00925 0.98303
vn -0.18180 0.01357 0.98324
vn -0.18164 0.02001 0.98316
vn -0.18468 0.00461 0.98279
vn -0.18146 0.02680 0.98303
vn -0.00000 0.00000 1.00000
vn -0.00000 -0.00000 1.00000
vn -0.13052 0.00000 -0.99145
vn -0.50000 0.00000 -0.86603
vn -0.86603 0.00000 -0.50000
vn -0.99145 0.00000 -0.13052
vn -0.99145 0.00000 -0.13052
vn 0.13052 0.00000 -0.99145
vn 0.50000 0.00000 -0.86603
vn 0.86603 0.00000 -0.50000
vn 0.99145 0.00000 -0.13052
vn 0.99145 0.00000 -0.13052
vn -0.13052 0.00000 0.99145
vn -0.50000 0.00000 0.86603
vn -0.86603 0.00000 0.50000
vn -0.99145 0.00000 0.13052
vn 0.13052 0.00000 0.99145
vn 0.50000 0.00000 0.86603
vn 0.86603 0.00000 0.50000
vn 0.99145 0.00000 0.13052
vn -0.99145 0.00000 -0.13052
vn 0.00000 0.00000 0.00000
vn 0.00000 1.00000 0.00000
vn 0.00000 -1.00000 0.00000
vn -0.13052 0.99145 0.00000
vn -0.50000 0.86603 0.00000
vn -0.86603 0.50000 0.00000
vn -0.99145 0.13052 0.00000
vn 0.13052 0.99145 0.00000
vn 0.50000 0.86603 0.00000
vn 0.86603 0.50000 0.00000
vn 0.99145 0.13052 0.00000
vn 0.13052 -0.99145 0.00000
vn 0.50000 -0.86603 0.00000
vn 0.86603 -0.50000 0.00000
vn 0.99145 -0.13052 0.00000
vn -0.13052 -0.99145 0.00000
vn -0.50000 -0.86603 0.00000
vn -0.86603 -0.50000 0.00000
vn -0.99145 -0.13052 0.00000
vn 0.00000 0.00000 -1.00000
vn 0.00000 0.00000 -1.00000
vn -0.00000 0.00000 1.00000
vn 0.00000 0.00000 1.00000
vn 0.00000 0.00000 1.00000
vn 0.00000 0.00000 1.00000
vn -0.99145 0.00000 -0.13052
vn -0.13052 0.00000 0.99145
vn 0.13052 0.00000 0.99145
vn 0.99145 0.00000 0.13052
vn 0.50000 0.86603 0.00000
vn 0.86603 0.50000 0.00000
vn -0.50000 0.86603 0.00000
vn -0.86603 0.50000 0.00000
vn -0.50000 -0.86603 0.00000
vn -0.86603 -0.50000 0.00000
vn 0.50000 -0.86603 0.00000
vn 0.86603 -0.50000 0.00000
vn -0.00003 1.00000 0.00000
vn -0.00015 0.00015 -1.00000
vn -0.00008 0.00008 -1.00000
vn 0.00002 -0.00002 1.00000
vn 0.00015 -0.00015 1.00000
vn 0.00030 -0.00030 1.00000
vn 0.00030 -0.00030 1.00000
vn 0.00002 0.00002 1.00000
vn 0.00030 0.00030 1.00000
vn 0.00030 0.00030 1.00000
vn 0.00015 0.00015 1.00000
vn -0.00015 -0.00015 -1.00000
vn -0.00008 -0.00008 -1.00000
vn -0.00015 -0.00015 -1.00000
vn 0.00015 -0.00015 -1.00000
vn 0.00015 -0.00015 -1.00000
vn 0.00008 -0.00008 -1.00000
vn -0.00002 0.00002 1.00000
vn -0.00015 0.00015 1.00000
vn -0.00030 0.00030 1.00000
vn -0.00030 0.00030 1.00000
vn -0.00002 -0.00002 1.00000
vn -0.00030 -0.00030 1.00000
vn -0.00030 -0.00030 1.00000
vn -0.00015 -0.00015 1.00000
vn 0.00015 0.00015 -1.00000
vn 0.00008 0.00008 -1.00000
vn 0.00000 -0.00000 1.00000
vn 0.19284 0.00447 0.98122
vn 0.18325 0.00000 0.98307
vn 0.19497 -0.00752 0.98078
vn 0.18481 -0.00373 0.98277
vn 0.18325 0.00000 0.98307
vn 0.99109 0.00000 -0.13318
vn 0.99109 0.00000 -0.13318
vn 0.99109 0.00000 -0.13318
vn 0.18746 -0.01012 0.98222
vn 0.20466 -0.01374 0.97874
vn 0.19962 0.00029 0.97987
vn 0.18790 -0.01118 0.98212
vn 0.18790 -0.01118 0.98212
vn 0.18790 -0.01118 0.98212
vn 0.18790 -0.01118 0.98212
vn 0.00000 -1.00000 0.00000
vn 0.00000 -1.00000 0.00000
vn 0.00000 -1.00000 0.00000
vn 0.22575 -0.00090 0.97419
vn 0.22575 -0.00090 0.97419
vn 0.22575 -0.00090 0.97419
vn 0.22575 -0.00090 0.97419
vn 0.18299 0.00878 0.98307
vn 0.18299 0.00878 0.98308
vn 0.18189 0.01320 0.98323
vn 0.18354 0.00789 0.98298
vn 0.18455 0.00493 0.98281
vn 0.19005 0.01038 0.98172
vn 0.19404 0.01352 0.98090
vn 0.18611 0.00923 0.98249
vn 0.18611 0.00923 0.98249
vn 0.18479 0.00497 0.98277
vn 0.18885 0.01963 0.98181
vn 0.18169 0.02659 0.98300
vn 0.18446 0.02399 0.98255
vn 0.18446 0.02399 0.98255
vn 0.19392 0.01466 0.98091
vn 0.18143 0.02267 0.98314
vn 0.18174 0.01434 0.98324
vn 0.18102 0.02352 0.98320
vn 0.18102 0.02352 0.98320
vn 0.18142 0.02655 0.98305
vn 0.18934 0.00892 0.98187
vn 0.18846 0.01998 0.98188
vn 0.18164 0.02001 0.98316
vn 0.18180 0.01357 0.98324
vn 0.18319 0.00925 0.98303
vn 0.18468 0.00461 0.98279
vn 0.18146 0.02680 0.98303
vn 0.00000 -0.00000 1.00000
vn -0.00000 0.00000 1.00000
vn -0.00000 0.00000 1.00000
vn -0.00000 0.00000 1.00000
vn 0.00000 1.00000 -0.00006
vn 0.00006 1.00000 0.00002
vn -0.00002 -0.00002 1.00000
vn -0.00002 0.00002 1.00000
vn 0.00002 0.00002 1.00000
vn 0.00002 -0.00002 1.00000
vn -0.00000 -0.00000 1.00000
# 1125 normal vertices

g obj1
s 1
usemtl mat1
f 3/1/1 10/3/1 2/2/1
f 3/1/1 11/4/1 10/3/1
f 109/4/2 6/2/3 108/3/2
f 109/4/2 7/1/2 6/2/3
f 14/8/4 1/6/3 13/5/4
f 14/8/4 4/7/3 1/6/3
f 5/6/6 112/8/5 111/5/7
f 5/6/6 8/7/1 112/8/5
f 16/10/8 13/5/4 15/9/8
f 16/10/8 14/8/4 13/5/4
f 112/8/5 113/9/9 111/5/7
f 112/8/5 114/10/9 113/9/9
f 18/12/10 15/9/8 17/11/10
f 18/12/10 16/10/8 15/9/8
f 114/10/9 115/11/11 113/9/9
f 114/10/9 116/12/11 115/11/11
f 118/16/14 107/14/13 117/13/12
f 118/16/14 110/15/13 107/14/13
f 20/16/15 17/11/10 19/13/15
f 20/16/15 18/12/10 17/11/10
f 116/12/11 117/13/12 115/11/11
f 116/12/11 118/16/14 117/13/12
f 134/17/16 120/19/16 128/18/16
f 124/20/17 120/19/16 134/17/16
f 126/21/17 124/20/17 134/17/16
f 134/17/16 130/22/16 126/21/17
f 146/30/17 132/24/16 142/23/17
f 146/30/17 138/25/16 132/24/16
f 146/30/17 140/26/16 138/25/16
f 147/29/17 140/26/16 146/30/17
f 147/29/17 131/27/18 140/26/16
f 147/29/17 141/28/19 131/27/18
f 164/31/16 132/24/16 135/32/16
f 142/23/17 132/24/16 164/31/16
f 143/33/17 142/23/17 164/31/16
f 164/31/16 160/34/16 143/33/17
f 167/40/16 143/33/17 160/34/16
f 167/40/16 145/35/16 143/33/17
f 168/39/16 145/35/16 167/40/16
f 168/39/16 148/36/17 145/35/16
f 159/38/21 148/36/17 168/39/16
f 159/38/21 144/37/20 148/36/17
f 176/48/17 162/42/16 172/41/16
f 176/48/17 169/43/16 162/42/16
f 176/48/17 170/44/16 169/43/16
f 178/47/17 170/44/16 176/48/17
f 178/47/17 161/45/18 170/44/16
f 178/47/17 171/46/22 161/45/18
f 189/49/16 162/42/16 163/50/16
f 172/41/16 162/42/16 189/49/16
f 173/51/17 172/41/16 189/49/16
f 189/49/16 190/52/16 173/51/17
f 134/17/16 109/54/24 108/3/16
f 134/17/16 128/18/16 109/54/24
f 136/55/16 134/17/16 108/3/16
f 135/32/16 136/55/16 108/3/16
f 164/56/16 135/32/16 108/3/16
f 165/57/16 164/56/16 108/3/16
f 163/50/16 165/57/16 108/3/16
f 189/49/16 163/50/16 108/3/16
f 196/58/16 189/49/16 108/3/16
f 191/59/25 196/58/16 108/3/16
f 108/3/16 127/53/23 191/59/25
f 190/52/16 175/60/17 173/51/17
f 197/65/17 175/60/17 190/52/16
f 199/64/16 175/60/17 197/65/17
f 199/64/16 177/61/17 175/60/17
f 194/63/21 177/61/17 199/64/16
f 194/63/21 174/62/20 177/61/17
f 203/69/16 120/19/16 124/20/17
f 203/69/16 122/66/26 120/19/16
f 202/68/16 122/66/26 203/69/16
f 202/68/16 123/67/19 122/66/26
f 137/75/16 126/21/17 130/22/16
f 137/75/16 204/70/16 126/21/17
f 139/74/16 204/70/16 137/75/16
f 139/74/16 201/71/16 204/70/16
f 129/73/28 201/71/16 139/74/16
f 129/73/28 125/72/27 201/71/16
f 107/14/13 211/78/30 121/77/29
f 110/76/13 211/78/30 107/14/13
f 110/76/13 210/79/20 211/78/30
f 110/76/13 193/80/31 210/79/20
f 110/76/13 195/81/32 193/80/31
f 110/76/13 194/82/21 195/81/32
f 110/76/13 174/83/20 194/82/21
f 110/76/13 171/46/22 174/83/20
f 110/76/13 161/45/18 171/46/22
f 110/76/13 166/84/32 161/45/18
f 110/76/13 159/38/21 166/84/32
f 110/76/13 144/37/20 159/38/21
f 110/76/13 141/28/19 144/37/20
f 110/76/13 131/27/18 141/28/19
f 110/76/13 133/85/32 131/27/18
f 110/76/13 129/73/28 133/85/32
f 110/76/13 125/72/27 129/73/28
f 110/76/13 123/86/19 125/72/27
f 110/76/13 122/66/26 123/86/19
f 212/89/35 127/53/23 119/90/36
f 212/89/35 191/59/25 127/53/23
f 209/88/34 191/59/25 212/89/35
f 209/88/34 192/87/33 191/59/25
f 214/94/17 192/87/33 209/88/34
f 214/94/17 198/91/17 192/87/33
f 214/94/17 200/92/16 198/91/17
f 215/93/17 200/92/16 214/94/17
f 215/93/17 193/80/31 200/92/16
f 215/93/17 210/79/20 193/80/31
f 121/77/29 212/95/35 119/90/36
f 121/77/29 213/96/37 212/95/35
f 121/77/29 216/97/38 213/96/37
f 121/77/29 211/78/30 216/97/38
f 39/75/39 222/22/40 32/22/40
f 39/75/39 229/75/41 222/22/40
f 230/25/42 42/26/42 40/25/42
f 230/25/42 232/26/42 42/26/42
f 224/24/42 40/25/42 34/24/42
f 224/24/42 230/25/42 40/25/42
f 66/39/40 241/40/40 65/40/40
f 66/39/40 242/39/40 241/40/40
f 65/40/40 234/34/40 58/34/40
f 65/40/40 241/40/40 234/34/40
f 243/43/42 68/44/42 67/43/42
f 243/43/42 244/44/43 68/44/42
f 236/42/44 67/43/42 60/42/42
f 236/42/44 243/43/42 67/43/42
f 93/64/40 253/65/40 91/65/40
f 93/64/40 255/64/40 253/65/40
f 91/65/40 246/52/40 84/52/40
f 91/65/40 253/65/40 246/52/40
f 254/91/42 94/92/42 92/91/42
f 254/91/42 256/92/42 94/92/42
f 248/87/42 92/91/42 86/87/42
f 248/87/42 254/91/42 92/91/42
f 263/32/48 136/55/46 135/32/45
f 263/32/48 264/55/47 136/55/46
f 132/24/42 263/32/42 135/32/42
f 132/24/42 260/24/42 263/32/42
f 262/17/40 130/22/40 134/17/40
f 262/17/40 258/22/40 130/22/40
f 264/55/47 134/17/49 136/55/46
f 264/55/47 262/17/50 134/17/49
f 265/75/51 139/74/52 137/75/51
f 265/75/51 267/74/53 139/74/52
f 129/73/54 261/85/56 133/85/55
f 129/73/54 257/73/57 261/85/56
f 267/74/53 129/73/58 139/74/52
f 267/74/53 257/73/59 129/73/58
f 258/22/40 137/75/51 130/22/40
f 258/22/40 265/75/51 137/75/51
f 140/26/42 266/25/42 138/25/42
f 140/26/42 268/26/42 266/25/42
f 138/25/42 260/24/42 132/24/42
f 138/25/42 266/25/42 260/24/42
f 131/27/42 268/26/42 140/26/42
f 131/27/42 259/27/42 268/26/42
f 133/85/55 259/27/61 131/27/60
f 133/85/55 261/85/56 259/27/61
f 273/50/65 165/57/63 163/50/62
f 273/50/65 275/57/64 165/57/63
f 162/42/42 273/50/66 163/50/42
f 162/42/42 272/42/44 273/50/66
f 274/31/40 160/34/40 164/31/40
f 274/31/40 270/34/40 160/34/40
f 275/57/64 164/31/67 165/57/63
f 275/57/64 274/31/68 164/31/67
f 277/40/40 168/39/40 167/40/40
f 277/40/40 278/39/40 168/39/40
f 159/38/1 276/84/69 166/84/1
f 159/38/1 269/38/70 276/84/69
f 278/39/40 159/38/40 168/39/40
f 278/39/40 269/38/40 159/38/40
f 270/34/40 167/40/40 160/34/40
f 270/34/40 277/40/40 167/40/40
f 170/44/42 279/43/42 169/43/42
f 170/44/42 280/44/71 279/43/42
f 161/45/42 280/44/71 170/44/42
f 161/45/42 271/45/72 280/44/71
f 166/84/1 271/45/1 161/45/1
f 166/84/1 276/84/69 271/45/1
f 169/43/42 272/42/44 162/42/42
f 169/43/42 279/43/42 272/42/44
f 281/49/40 190/52/40 189/49/40
f 281/49/40 282/52/40 190/52/40
f 288/58/76 189/49/74 196/58/73
f 288/58/76 281/49/75 189/49/74
f 283/59/78 196/58/73 191/59/77
f 283/59/78 288/58/76 196/58/73
f 192/87/42 283/59/42 191/59/42
f 192/87/42 284/87/42 283/59/42
f 289/65/40 199/64/40 197/65/40
f 289/65/40 291/64/40 199/64/40
f 194/63/1 287/98/79 195/98/1
f 194/63/1 286/63/80 287/98/79
f 291/64/40 194/63/40 199/64/40
f 291/64/40 286/63/40 194/63/40
f 282/52/40 197/65/40 190/52/40
f 282/52/40 289/65/40 197/65/40
f 200/92/42 290/91/42 198/91/42
f 200/92/42 292/92/42 290/91/42
f 198/91/42 284/87/42 192/87/42
f 198/91/42 290/91/42 284/87/42
f 193/80/42 292/92/42 200/92/42
f 193/80/42 285/80/42 292/92/42
f 195/98/1 285/80/81 193/80/1
f 195/98/1 287/98/79 285/80/81
f 290/91/42 248/87/42 284/87/42
f 290/91/42 254/91/42 248/87/42
f 292/92/42 254/91/42 290/91/42
f 292/92/42 256/92/42 254/91/42
f 253/65/40 282/52/40 246/52/40
f 253/65/40 289/65/40 282/52/40
f 255/64/40 289/65/40 253/65/40
f 255/64/40 291/64/40 289/65/40
f 241/40/40 270/34/40 234/34/40
f 241/40/40 277/40/40 270/34/40
f 242/39/40 277/40/40 241/40/40
f 242/39/40 278/39/40 277/40/40
f 279/43/42 236/42/44 272/42/44
f 279/43/42 243/43/42 236/42/44
f 280/44/71 243/43/42 279/43/42
f 280/44/71 244/44/43 243/43/42
f 266/25/42 224/24/42 260/24/42
f 266/25/42 230/25/42 224/24/42
f 268/26/42 230/25/42 266/25/42
f 268/26/42 232/26/42 230/25/42
f 231/74/82 265/75/51 229/75/41
f 231/74/82 267/74/53 265/75/51
f 229/75/41 258/22/40 222/22/40
f 229/75/41 265/75/51 258/22/40
f 49/29/42 294/30/42 48/30/42
f 49/29/42 295/29/42 294/30/42
f 293/35/40 50/99/40 47/35/40
f 293/35/40 296/99/40 50/99/40
f 76/47/42 308/48/42 74/48/42
f 76/47/42 310/47/42 308/48/42
f 307/60/40 75/61/40 73/60/40
f 307/60/40 309/61/40 75/61/40
f 96/68/42 323/69/42 97/69/42
f 96/68/42 322/68/42 323/69/42
f 105/93/42 330/94/42 104/94/42
f 105/93/42 331/93/42 330/94/42
f 329/96/40 106/97/40 103/96/40
f 329/96/40 332/97/40 106/97/40
f 344/100/83 377/100/84 378/100/84
f 344/100/83 343/100/83 377/100/84
f 378/100/84 379/100/86 380/100/85
f 378/100/84 377/100/84 379/100/86
f 380/100/85 381/100/87 382/100/87
f 380/100/85 379/100/86 381/100/87
f 382/100/87 383/100/89 384/100/88
f 382/100/87 381/100/87 383/100/89
f 384/100/88 385/100/91 386/100/90
f 384/100/88 383/100/89 385/100/91
f 386/100/90 338/100/92 337/100/92
f 386/100/90 385/100/91 338/100/92
f 348/100/93 388/100/94 345/100/93
f 348/100/93 387/100/94 388/100/94
f 387/100/94 390/100/95 388/100/94
f 387/100/94 389/100/95 390/100/95
f 389/100/95 392/100/96 390/100/95
f 389/100/95 391/100/96 392/100/96
f 392/100/96 393/100/98 394/100/97
f 392/100/96 391/100/96 393/100/98
f 394/100/97 395/100/99 396/100/99
f 394/100/97 393/100/98 395/100/99
f 396/100/99 342/100/100 341/100/100
f 396/100/99 395/100/99 342/100/100
f 350/100/101 397/100/102 398/100/102
f 350/100/101 349/100/101 397/100/102
f 398/100/102 399/100/104 400/100/103
f 398/100/102 397/100/102 399/100/104
f 400/100/103 401/100/105 402/100/105
f 400/100/103 399/100/104 401/100/105
f 401/100/105 404/100/106 402/100/105
f 401/100/105 403/100/106 404/100/106
f 403/100/106 406/100/107 404/100/106
f 403/100/106 405/100/107 406/100/107
f 405/100/107 339/100/108 406/100/107
f 405/100/107 340/100/108 339/100/108
f 351/100/109 408/100/110 352/100/109
f 351/100/109 407/100/110 408/100/110
f 407/100/110 410/100/111 408/100/110
f 407/100/110 409/100/112 410/100/111
f 409/100/112 412/100/113 410/100/111
f 409/100/112 411/100/113 412/100/113
f 411/100/113 414/100/114 412/100/113
f 411/100/113 413/100/115 414/100/114
f 413/100/115 416/100/116 414/100/114
f 413/100/115 415/100/117 416/100/116
f 415/100/117 346/100/118 416/100/116
f 415/100/117 347/100/119 346/100/118
f 360/101/120 418/102/121 361/101/120
f 360/101/120 417/102/121 418/102/121
f 417/102/121 420/103/122 418/102/121
f 417/102/121 419/103/122 420/103/122
f 419/103/122 422/104/123 420/103/122
f 419/103/122 421/104/123 422/104/123
f 422/104/123 423/105/124 424/105/124
f 422/104/123 421/104/123 423/105/124
f 424/105/124 425/106/125 426/106/125
f 424/105/124 423/105/124 425/106/125
f 426/106/125 357/107/101 358/107/101
f 426/106/125 425/106/125 357/107/101
f 363/108/83 428/109/126 364/108/83
f 363/108/83 427/109/126 428/109/126
f 427/109/126 430/110/127 428/109/126
f 427/109/126 429/110/127 430/110/127
f 429/110/127 432/111/128 430/110/127
f 429/110/127 431/111/128 432/111/128
f 431/111/128 434/112/129 432/111/128
f 431/111/128 433/112/129 434/112/129
f 433/112/129 436/113/130 434/112/129
f 433/112/129 435/113/130 436/113/130
f 435/113/130 362/114/131 436/113/130
f 435/113/130 359/114/131 362/114/131
f 346/115/118 437/116/116 416/116/116
f 346/115/118 366/115/119 437/116/116
f 416/116/116 438/117/115 414/117/114
f 416/116/116 437/116/116 438/117/115
f 414/117/114 439/118/113 412/118/113
f 414/117/114 438/117/115 439/118/113
f 412/118/113 440/119/111 410/119/111
f 412/118/113 439/118/113 440/119/111
f 410/119/111 441/120/110 408/120/110
f 410/119/111 440/119/111 441/120/110
f 408/120/110 355/121/109 352/121/109
f 408/120/110 441/120/110 355/121/109
f 345/122/93 442/123/94 365/122/93
f 345/122/93 388/123/94 442/123/94
f 388/123/94 443/124/95 442/123/94
f 388/123/94 390/124/95 443/124/95
f 390/124/95 444/125/96 443/124/95
f 390/124/95 392/125/96 444/125/96
f 444/125/96 394/126/97 445/126/97
f 444/125/96 392/125/96 394/126/97
f 445/126/97 396/127/99 446/127/99
f 445/126/97 394/126/97 396/127/99
f 446/127/99 341/128/100 354/128/100
f 446/127/99 396/127/99 341/128/100
f 371/129/132 447/130/133 448/130/133
f 371/129/132 370/129/132 447/130/133
f 448/130/133 449/131/134 450/131/134
f 448/130/133 447/130/133 449/131/134
f 450/131/134 451/132/135 452/132/135
f 450/131/134 449/131/134 451/132/135
f 451/132/135 454/133/136 452/132/135
f 451/132/135 453/133/136 454/133/136
f 453/133/136 456/134/137 454/133/136
f 453/133/136 455/134/137 456/134/137
f 455/134/137 368/135/100 456/134/137
f 455/134/137 367/135/100 368/135/100
f 374/136/109 457/137/138 458/137/138
f 374/136/109 373/136/109 457/137/138
f 458/137/138 459/138/139 460/138/139
f 458/137/138 457/137/138 459/138/139
f 460/138/139 461/139/140 462/139/140
f 460/138/139 459/138/139 461/139/140
f 462/139/140 463/140/141 464/140/141
f 462/139/140 461/139/140 463/140/141
f 464/140/141 465/141/142 466/141/142
f 464/140/141 463/140/141 465/141/142
f 466/141/142 369/142/143 372/142/143
f 466/141/142 465/141/142 369/142/143
f 376/143/145 386/144/90 337/143/92
f 376/143/145 467/144/144 386/144/90
f 467/144/144 384/145/88 386/144/90
f 467/144/144 468/145/146 384/145/88
f 468/145/146 382/146/87 384/145/88
f 468/145/146 469/146/87 382/146/87
f 469/146/87 380/147/85 382/146/87
f 469/146/87 470/147/85 380/147/85
f 470/147/85 378/148/84 380/147/85
f 470/147/85 471/148/84 378/148/84
f 471/148/84 344/149/83 378/148/84
f 471/148/84 353/149/83 344/149/83
f 375/150/108 405/151/107 472/151/107
f 375/150/108 340/150/108 405/151/107
f 472/151/107 403/152/106 473/152/147
f 472/151/107 405/151/107 403/152/106
f 473/152/147 401/153/105 474/153/105
f 473/152/147 403/152/106 401/153/105
f 401/153/105 475/154/104 474/153/105
f 401/153/105 399/154/104 475/154/104
f 399/154/104 476/155/102 475/154/104
f 399/154/104 397/155/102 476/155/102
f 397/155/102 356/156/101 476/155/102
f 397/155/102 349/156/101 356/156/101
f 385/100/16 205/157/17 338/100/16
f 377/100/16 343/100/17 205/157/17
f 205/157/17 379/100/16 377/100/16
f 205/157/17 381/100/16 379/100/16
f 205/157/17 383/100/16 381/100/16
f 205/157/17 385/100/16 383/100/16
f 208/158/16 406/100/16 339/100/16
f 404/100/16 406/100/16 208/158/16
f 402/100/16 404/100/16 208/158/16
f 400/100/16 402/100/16 208/158/16
f 398/100/16 400/100/16 208/158/16
f 208/158/16 350/100/17 398/100/16
f 395/100/16 206/159/16 342/100/17
f 393/100/16 206/159/16 395/100/16
f 391/100/16 206/159/16 393/100/16
f 389/100/16 206/159/16 391/100/16
f 387/100/16 206/159/16 389/100/16
f 387/100/16 348/100/17 206/159/16
f 207/160/16 407/100/16 351/100/17
f 207/160/16 409/100/16 407/100/16
f 207/160/16 411/100/16 409/100/16
f 207/160/16 413/100/16 411/100/16
f 207/160/16 415/100/16 413/100/16
f 207/160/16 347/100/17 415/100/16
f 467/161/148 376/143/148 325/157/148
f 468/145/148 467/161/148 325/157/148
f 469/162/148 468/145/148 325/157/148
f 470/163/148 469/162/148 325/157/148
f 471/164/148 470/163/148 325/157/148
f 325/157/148 353/149/148 471/164/148
f 326/159/148 446/127/148 354/128/148
f 326/159/148 445/165/148 446/127/148
f 326/159/148 444/125/148 445/165/148
f 326/159/148 443/166/148 444/125/148
f 326/159/148 442/123/148 443/166/148
f 326/159/148 365/122/149 442/123/148
f 441/120/148 327/160/149 355/121/149
f 440/119/148 327/160/149 441/120/148
f 439/118/148 327/160/149 440/119/148
f 438/117/148 327/160/149 439/118/148
f 437/116/148 327/160/149 438/117/148
f 437/116/148 366/115/149 327/160/149
f 472/170/148 328/158/148 375/150/148
f 476/167/148 356/156/149 328/158/148
f 328/158/148 475/168/148 476/167/148
f 328/158/148 474/169/148 475/168/148
f 328/158/148 473/152/148 474/169/148
f 328/158/148 472/170/148 473/152/148
f 25/86/148 426/106/148 358/107/148
f 25/86/148 424/171/148 426/106/148
f 25/86/148 422/104/148 424/171/148
f 25/86/148 420/103/148 422/104/148
f 25/86/148 418/172/148 420/103/148
f 25/86/148 361/101/149 418/172/148
f 428/109/148 27/72/151 364/108/150
f 430/110/148 27/72/151 428/109/148
f 432/111/148 27/72/151 430/110/148
f 434/112/148 27/72/151 432/111/148
f 436/173/148 27/72/151 434/112/148
f 436/173/148 362/114/149 27/72/151
f 448/130/148 28/21/151 371/129/148
f 456/175/148 368/174/150 28/21/151
f 28/21/151 454/133/148 456/175/148
f 28/21/151 452/176/148 454/133/148
f 28/21/151 450/131/148 452/176/148
f 28/21/151 448/130/148 450/131/148
f 26/20/148 466/177/148 372/142/148
f 464/178/148 466/177/148 26/20/148
f 462/179/148 464/178/148 26/20/148
f 460/180/148 462/179/148 26/20/148
f 458/181/148 460/180/148 26/20/148
f 26/20/148 374/136/148 458/181/148
f 337/100/92 339/100/108 340/100/108
f 337/100/92 338/100/92 339/100/108
f 341/100/100 343/100/83 344/100/83
f 341/100/100 342/100/100 343/100/83
f 348/100/93 346/100/118 347/100/119
f 348/100/93 345/100/93 346/100/118
f 351/100/109 349/100/101 350/100/101
f 351/100/109 352/100/109 349/100/101
f 353/149/83 341/128/100 344/149/83
f 353/149/83 354/128/100 341/128/100
f 352/121/109 356/156/101 349/156/101
f 352/121/109 355/121/109 356/156/101
f 358/107/101 322/68/42 96/68/42
f 358/107/101 357/107/101 322/68/42
f 359/114/131 361/101/120 362/114/131
f 359/114/131 360/101/120 361/101/120
f 321/71/40 364/108/83 95/71/40
f 321/71/40 363/108/83 364/108/83
f 345/122/93 366/115/119 346/115/118
f 345/122/93 365/122/93 366/115/119
f 367/135/100 98/70/40 368/135/100
f 367/135/100 324/70/40 98/70/40
f 372/142/143 370/129/132 371/129/132
f 372/142/143 369/142/143 370/129/132
f 97/69/42 373/136/109 374/136/109
f 97/69/42 323/69/42 373/136/109
f 375/150/108 337/143/92 340/150/108
f 375/150/108 376/143/145 337/143/92
f 24/66/148 26/20/148 22/19/148
f 24/66/148 374/136/148 26/20/148
f 24/66/148 97/69/148 374/136/148
f 24/66/148 96/68/148 97/69/148
f 24/66/148 358/107/148 96/68/148
f 24/66/148 25/67/148 358/107/148
f 205/157/17 202/68/16 203/69/16
f 343/149/17 202/68/16 205/157/17
f 342/128/17 202/68/16 343/149/17
f 342/128/17 206/159/16 202/68/16
f 204/70/16 350/156/17 208/158/16
f 201/71/16 350/156/17 204/70/16
f 201/71/16 351/121/17 350/156/17
f 201/71/16 207/160/16 351/121/17
f 206/159/16 123/67/19 202/68/16
f 125/72/27 207/160/16 201/71/16
f 125/72/27 347/115/17 207/160/16
f 125/72/27 348/122/17 347/115/17
f 125/72/27 206/159/16 348/122/17
f 125/72/27 123/67/19 206/159/16
f 204/70/16 124/20/17 126/21/17
f 339/150/16 203/69/16 124/20/17
f 338/143/16 203/69/16 339/150/16
f 338/143/16 205/157/17 203/69/16
f 208/158/16 339/150/16 124/20/17
f 124/20/17 204/70/16 208/158/16
f 322/68/148 325/157/148 323/69/148
f 322/68/148 353/149/148 325/157/148
f 322/68/148 354/128/148 353/149/148
f 322/68/148 326/159/148 354/128/148
f 356/156/149 324/70/148 328/158/148
f 356/156/149 321/71/148 324/70/148
f 355/121/149 321/71/148 356/156/149
f 355/121/149 327/160/149 321/71/148
f 327/160/149 363/108/148 321/71/148
f 357/107/148 326/159/148 322/68/148
f 357/107/148 365/122/149 326/159/148
f 357/107/148 366/115/149 365/122/149
f 357/107/148 327/160/149 366/115/149
f 357/107/148 363/108/148 327/160/149
f 425/191/148 363/108/148 357/107/148
f 425/191/148 427/182/148 363/108/148
f 423/190/148 427/182/148 425/191/148
f 423/190/148 429/183/148 427/182/148
f 421/189/148 429/183/148 423/190/148
f 421/189/148 431/184/148 429/183/148
f 419/188/148 431/184/148 421/189/148
f 419/188/148 433/185/148 431/184/148
f 417/187/148 433/185/148 419/188/148
f 417/187/148 435/186/148 433/185/148
f 360/101/148 435/186/148 417/187/148
f 360/101/148 359/114/148 435/186/148
f 465/196/148 370/129/148 369/142/149
f 465/196/148 447/197/148 370/129/148
f 465/196/148 449/198/148 447/197/148
f 463/195/148 449/198/148 465/196/148
f 463/195/148 451/199/148 449/198/148
f 461/194/148 451/199/148 463/195/148
f 461/194/148 453/200/148 451/199/148
f 459/193/148 453/200/148 461/194/148
f 459/193/148 455/201/148 453/200/148
f 457/192/148 455/201/148 459/193/148
f 457/192/148 367/135/148 455/201/148
f 373/136/148 367/135/148 457/192/148
f 373/136/148 324/70/148 367/135/148
f 328/158/148 324/70/148 373/136/148
f 375/150/148 328/158/148 373/136/148
f 323/69/148 375/150/148 373/136/148
f 323/69/148 376/143/148 375/150/148
f 323/69/148 325/157/148 376/143/148
f 486/202/152 517/203/154 518/203/153
f 486/202/152 485/202/152 517/203/154
f 518/203/153 519/204/155 520/204/155
f 518/203/153 517/203/154 519/204/155
f 520/204/155 521/205/156 522/205/156
f 520/204/155 519/204/155 521/205/156
f 522/205/156 523/206/158 524/206/157
f 522/205/156 521/205/156 523/206/158
f 524/206/157 525/207/160 526/207/159
f 524/206/157 523/206/158 525/207/160
f 526/207/159 483/208/162 484/208/161
f 526/207/159 525/207/160 483/208/162
f 488/209/166 528/210/164 487/209/163
f 488/209/166 527/210/165 528/210/164
f 527/210/165 530/211/167 528/210/164
f 527/210/165 529/211/168 530/211/167
f 529/211/168 532/212/169 530/211/167
f 529/211/168 531/212/169 532/212/169
f 532/212/169 533/213/171 534/213/170
f 532/212/169 531/212/169 533/213/171
f 534/213/170 535/214/172 536/214/172
f 534/213/170 533/213/171 535/214/172
f 536/214/172 479/215/173 478/215/173
f 536/214/172 535/214/172 479/215/173
f 489/216/174 538/217/175 490/216/174
f 489/216/174 537/217/175 538/217/175
f 537/217/175 540/218/176 538/217/175
f 537/217/175 539/218/176 540/218/176
f 539/218/176 542/219/177 540/218/176
f 539/218/176 541/219/177 542/219/177
f 541/219/177 544/220/178 542/219/177
f 541/219/177 543/220/178 544/220/178
f 543/220/178 546/221/179 544/220/178
f 543/220/178 545/221/179 546/221/179
f 545/221/179 480/222/180 546/221/179
f 545/221/179 477/222/180 480/222/180
f 491/223/181 547/224/183 548/224/182
f 491/223/181 492/223/181 547/224/183
f 548/224/182 549/225/185 550/225/184
f 548/224/182 547/224/183 549/225/185
f 550/225/184 551/226/186 552/226/186
f 550/225/184 549/225/185 551/226/186
f 551/226/186 554/227/187 552/226/186
f 551/226/186 553/227/188 554/227/187
f 553/227/188 556/228/189 554/227/187
f 553/227/188 555/228/190 556/228/189
f 555/228/190 481/229/191 556/228/189
f 555/228/190 482/229/192 481/229/191
f 500/230/193 558/231/194 501/230/193
f 500/230/193 557/231/194 558/231/194
f 557/231/194 560/232/195 558/231/194
f 557/231/194 559/232/195 560/232/195
f 559/232/195 562/233/196 560/232/195
f 559/232/195 561/233/196 562/233/196
f 562/233/196 563/234/197 564/234/197
f 562/233/196 561/233/196 563/234/197
f 564/234/197 565/235/198 566/235/198
f 564/234/197 563/234/197 565/235/198
f 566/235/198 497/236/199 498/236/199
f 566/235/198 565/235/198 497/236/199
f 503/237/200 568/238/201 504/237/200
f 503/237/200 567/238/201 568/238/201
f 567/238/201 570/239/202 568/238/201
f 567/238/201 569/239/202 570/239/202
f 569/239/202 572/240/203 570/239/202
f 569/239/202 571/240/203 572/240/203
f 571/240/203 574/241/204 572/240/203
f 571/240/203 573/241/204 574/241/204
f 573/241/204 576/242/205 574/241/204
f 573/241/204 575/242/205 576/242/205
f 575/242/205 502/243/206 576/242/205
f 575/242/205 499/243/206 502/243/206
f 485/202/152 577/203/153 517/203/154
f 485/202/152 505/202/152 577/203/153
f 517/203/154 578/204/155 519/204/155
f 517/203/154 577/203/153 578/204/155
f 519/204/155 579/205/207 521/205/156
f 519/204/155 578/204/155 579/205/207
f 521/205/156 580/206/208 523/206/158
f 521/205/156 579/205/207 580/206/208
f 523/206/158 581/207/159 525/207/160
f 523/206/158 580/206/208 581/207/159
f 525/207/160 496/208/162 483/208/162
f 525/207/160 581/207/159 496/208/162
f 487/209/163 582/210/164 506/209/166
f 487/209/163 528/210/164 582/210/164
f 528/210/164 583/211/168 582/210/164
f 528/210/164 530/211/167 583/211/168
f 530/211/167 584/212/209 583/211/168
f 530/211/167 532/212/169 584/212/209
f 584/212/209 534/213/170 585/213/210
f 584/212/209 532/212/169 534/213/170
f 585/213/210 536/214/172 586/214/211
f 585/213/210 534/213/170 536/214/172
f 586/214/211 478/215/173 494/215/212
f 586/214/211 536/214/172 478/215/173
f 511/244/213 587/245/214 588/245/214
f 511/244/213 510/244/213 587/245/214
f 588/245/214 589/246/215 590/246/215
f 588/245/214 587/245/214 589/246/215
f 590/246/215 591/247/209 592/247/209
f 590/246/215 589/246/215 591/247/209
f 591/247/209 594/248/216 592/247/209
f 591/247/209 593/248/216 594/248/216
f 593/248/216 596/249/217 594/248/216
f 593/248/216 595/249/217 596/249/217
f 595/249/217 508/250/218 596/249/217
f 595/249/217 507/250/218 508/250/218
f 514/251/219 597/252/220 598/252/220
f 514/251/219 513/251/219 597/252/220
f 598/252/220 599/253/221 600/253/221
f 598/252/220 597/252/220 599/253/221
f 600/253/221 601/254/207 602/254/207
f 600/253/221 599/253/221 601/254/207
f 602/254/207 603/255/222 604/255/222
f 602/254/207 601/254/207 603/255/222
f 604/255/222 605/256/223 606/256/223
f 604/255/222 603/255/222 605/256/223
f 606/256/223 509/257/224 512/257/224
f 606/256/223 605/256/223 509/257/224
f 515/216/174 537/217/175 489/216/174
f 515/216/174 607/217/175 537/217/175
f 607/217/175 539/218/176 537/217/175
f 607/217/175 608/218/225 539/218/176
f 608/218/225 541/219/177 539/218/176
f 608/218/225 609/219/177 541/219/177
f 609/219/177 543/220/178 541/219/177
f 609/219/177 610/220/226 543/220/178
f 610/220/226 545/221/179 543/220/178
f 610/220/226 611/221/227 545/221/179
f 611/221/227 477/222/180 545/221/179
f 611/221/227 493/222/228 477/222/180
f 516/223/181 548/224/182 612/224/182
f 516/223/181 491/223/181 548/224/182
f 612/224/182 550/225/184 613/225/229
f 612/224/182 548/224/182 550/225/184
f 613/225/229 552/226/186 614/226/196
f 613/225/229 550/225/184 552/226/186
f 552/226/186 615/227/230 614/226/196
f 552/226/186 554/227/187 615/227/230
f 554/227/187 616/228/190 615/227/230
f 554/227/187 556/228/189 616/228/190
f 556/228/189 495/229/191 616/228/190
f 556/228/189 481/229/191 495/229/191
f 535/214/16 149/258/16 479/215/17
f 533/213/16 149/258/16 535/214/16
f 531/212/16 149/258/16 533/213/16
f 529/259/16 149/258/16 531/212/16
f 527/210/16 149/258/16 529/259/16
f 527/210/16 488/209/17 149/258/16
f 538/217/16 150/261/17 490/216/17
f 546/221/16 480/260/17 150/261/17
f 150/261/17 544/220/16 546/221/16
f 150/261/17 542/219/16 544/220/16
f 150/261/17 540/218/16 542/219/16
f 150/261/17 538/217/16 540/218/16
f 547/265/16 492/264/17 151/263/17
f 549/225/17 547/265/16 151/263/17
f 551/226/16 549/225/17 151/263/17
f 553/227/16 551/226/16 151/263/17
f 555/266/16 553/227/16 151/263/17
f 151/263/17 482/262/16 555/266/16
f 152/268/16 526/207/16 484/208/16
f 152/268/16 524/267/16 526/207/16
f 152/268/16 522/205/16 524/267/16
f 152/268/16 520/204/16 522/205/16
f 152/268/16 518/203/17 520/204/16
f 152/268/16 486/202/16 518/203/17
f 607/217/148 515/216/148 298/261/148
f 608/218/148 607/217/148 298/261/148
f 609/219/148 608/218/148 298/261/148
f 610/220/148 609/219/148 298/261/148
f 611/221/148 610/220/148 298/261/148
f 298/261/148 493/260/149 611/221/148
f 297/258/148 586/214/148 494/215/149
f 297/258/148 585/213/148 586/214/148
f 297/258/148 584/212/148 585/213/148
f 297/258/148 583/259/148 584/212/148
f 297/258/148 582/210/148 583/259/148
f 297/258/148 506/209/149 582/210/148
f 612/265/148 299/263/148 516/264/148
f 616/266/148 495/262/148 299/263/148
f 299/263/148 615/227/148 616/266/148
f 299/263/148 614/226/148 615/227/148
f 299/263/148 613/225/149 614/226/148
f 299/263/148 612/265/148 613/225/149
f 581/207/148 300/268/148 496/208/148
f 580/267/148 300/268/148 581/207/148
f 579/205/148 300/268/148 580/267/148
f 578/204/148 300/268/148 579/205/148
f 577/203/149 300/268/148 578/204/148
f 577/203/149 505/202/148 300/268/148
f 43/28/149 566/235/148 498/236/149
f 43/28/149 564/234/148 566/235/148
f 43/28/149 562/233/148 564/234/148
f 43/28/149 560/232/148 562/233/148
f 43/28/149 558/269/148 560/232/148
f 43/28/149 501/230/149 558/269/148
f 568/270/148 46/37/148 504/271/148
f 570/239/148 46/37/148 568/270/148
f 572/240/148 46/37/148 570/239/148
f 574/241/148 46/37/148 572/240/148
f 576/242/149 46/37/148 574/241/148
f 576/242/149 502/243/148 46/37/148
f 588/275/148 45/33/149 511/244/149
f 596/272/148 508/250/149 45/33/149
f 45/33/149 594/248/148 596/272/148
f 45/33/149 592/273/148 594/248/148
f 45/33/149 590/274/149 592/273/148
f 45/33/149 588/275/148 590/274/149
f 44/23/149 606/256/148 512/276/149
f 604/277/148 606/256/148 44/23/149
f 602/254/148 604/277/148 44/23/149
f 600/253/148 602/254/148 44/23/149
f 598/252/148 600/253/148 44/23/149
f 44/23/149 514/278/148 598/252/148
f 477/222/180 479/215/173 480/222/180
f 477/222/180 478/215/173 479/215/173
f 153/279/42 481/229/191 482/229/192
f 153/279/42 51/279/42 481/229/191
f 484/208/161 53/280/42 155/280/42
f 484/208/161 483/208/162 53/280/42
f 493/222/228 478/215/173 477/222/180
f 493/222/228 494/215/212 478/215/173
f 51/279/42 495/229/191 481/229/191
f 51/279/42 301/279/42 495/229/191
f 483/208/162 303/280/42 53/280/42
f 483/208/162 496/208/162 303/280/42
f 498/236/199 295/29/42 49/29/42
f 498/236/199 497/236/199 295/29/42
f 499/243/206 501/230/193 502/243/206
f 499/243/206 500/230/193 501/230/193
f 296/99/40 504/237/200 50/99/40
f 296/99/40 503/237/200 504/237/200
f 54/281/1 505/202/152 485/202/152
f 54/281/1 304/281/1 505/202/152
f 487/209/163 305/282/1 55/282/1
f 487/209/163 506/209/166 305/282/1
f 507/250/218 47/35/40 508/250/218
f 507/250/218 293/35/40 47/35/40
f 512/257/224 510/244/213 511/244/213
f 512/257/224 509/257/224 510/244/213
f 48/30/42 513/251/219 514/251/219
f 48/30/42 294/30/42 513/251/219
f 306/283/232 489/216/174 56/283/231
f 306/283/232 515/216/174 489/216/174
f 516/223/181 52/284/2 491/223/181
f 516/223/181 302/284/2 52/284/2
f 480/222/17 146/30/17 150/261/17
f 480/222/17 147/29/17 146/30/17
f 479/215/17 147/29/17 480/222/17
f 479/215/17 149/258/16 147/29/17
f 148/99/17 151/263/17 145/35/16
f 148/99/17 482/229/16 151/263/17
f 148/99/17 153/279/16 482/229/16
f 148/99/17 155/280/16 153/279/16
f 148/99/17 484/208/16 155/280/16
f 148/99/17 152/268/16 484/208/16
f 295/29/148 298/261/148 294/30/148
f 295/29/148 493/222/149 298/261/148
f 295/29/148 494/215/149 493/222/149
f 295/29/148 297/258/148 494/215/149
f 299/263/148 296/99/148 293/35/148
f 495/229/148 296/99/148 299/263/148
f 301/279/148 296/99/148 495/229/148
f 303/280/148 296/99/148 301/279/148
f 496/208/148 296/99/148 303/280/148
f 496/208/148 300/268/148 296/99/148
f 295/29/148 506/209/149 297/258/148
f 295/29/148 305/282/148 506/209/149
f 295/29/148 304/281/149 305/282/148
f 295/29/148 505/202/148 304/281/149
f 295/29/148 300/268/148 505/202/148
f 295/29/148 296/99/148 300/268/148
f 295/29/148 503/237/149 296/99/148
f 497/236/148 503/237/149 295/29/148
f 497/236/148 567/285/148 503/237/149
f 565/294/148 567/285/148 497/236/148
f 565/294/148 569/286/148 567/285/148
f 563/293/148 569/286/148 565/294/148
f 563/293/148 571/287/148 569/286/148
f 561/292/148 571/287/148 563/293/148
f 561/292/148 573/288/148 571/287/148
f 559/291/148 573/288/148 561/292/148
f 559/291/148 575/289/149 573/288/148
f 557/290/148 575/289/149 559/291/148
f 557/290/148 499/243/148 575/289/149
f 557/290/148 500/230/148 499/243/148
f 605/299/148 510/244/149 509/257/148
f 605/299/148 587/300/148 510/244/149
f 605/299/148 589/301/149 587/300/148
f 603/298/148 589/301/149 605/299/148
f 603/298/148 591/302/148 589/301/149
f 601/297/148 591/302/148 603/298/148
f 601/297/148 593/303/148 591/302/148
f 599/296/148 593/303/148 601/297/148
f 599/296/148 595/304/148 593/303/148
f 597/295/148 595/304/148 599/296/148
f 597/295/148 507/250/148 595/304/148
f 513/251/148 507/250/148 597/295/148
f 513/251/148 293/35/148 507/250/148
f 515/216/148 293/35/148 513/251/148
f 515/216/148 299/263/148 293/35/148
f 516/223/148 299/263/148 515/216/148
f 302/284/149 516/223/148 515/216/148
f 515/216/148 306/283/148 302/284/149
f 298/261/148 515/216/148 513/251/148
f 513/251/148 294/30/148 298/261/148
f 626/305/152 657/306/154 658/306/153
f 626/305/152 625/305/152 657/306/154
f 658/306/153 659/307/155 660/307/155
f 658/306/153 657/306/154 659/307/155
f 660/307/155 661/308/233 662/308/233
f 660/307/155 659/307/155 661/308/233
f 662/308/233 663/309/234 664/309/234
f 662/308/233 661/308/233 663/309/234
f 664/309/234 665/310/235 666/310/235
f 664/309/234 663/309/234 665/310/235
f 666/310/235 623/311/237 624/311/236
f 666/310/235 665/310/235 623/311/237
f 628/312/238 668/313/239 627/312/238
f 628/312/238 667/313/240 668/313/239
f 667/313/240 670/314/241 668/313/239
f 667/313/240 669/314/241 670/314/241
f 669/314/241 672/315/169 670/314/241
f 669/314/241 671/315/169 672/315/169
f 672/315/169 673/316/243 674/316/242
f 672/315/169 671/315/169 673/316/243
f 674/316/242 675/317/217 676/317/244
f 674/316/242 673/316/243 675/317/217
f 676/317/244 619/318/245 618/318/218
f 676/317/244 675/317/217 619/318/245
f 629/319/246 678/320/247 630/319/246
f 629/319/246 677/320/248 678/320/247
f 677/320/248 680/321/249 678/320/247
f 677/320/248 679/321/250 680/321/249
f 679/321/250 682/322/251 680/321/249
f 679/321/250 681/322/251 682/322/251
f 681/322/251 684/323/252 682/322/251
f 681/322/251 683/323/253 684/323/252
f 683/323/253 686/324/201 684/323/252
f 683/323/253 685/324/254 686/324/201
f 685/324/254 620/325/255 686/324/201
f 685/324/254 617/325/200 620/325/255
f 631/326/181 687/327/183 688/327/182
f 631/326/181 632/326/181 687/327/183
f 688/327/182 689/328/185 690/328/184
f 688/327/182 687/327/183 689/328/185
f 690/328/184 691/329/256 692/329/256
f 690/328/184 689/328/185 691/329/256
f 691/329/256 694/330/257 692/329/256
f 691/329/256 693/330/257 694/330/257
f 693/330/257 696/331/258 694/330/257
f 693/330/257 695/331/258 696/331/258
f 695/331/258 621/332/259 696/331/258
f 695/331/258 622/332/260 621/332/259
f 640/333/261 698/334/262 641/333/261
f 640/333/261 697/334/262 698/334/262
f 697/334/262 700/335/263 698/334/262
f 697/334/262 699/335/263 700/335/263
f 699/335/263 702/336/196 700/335/263
f 699/335/263 701/336/196 702/336/196
f 702/336/196 703/337/230 704/337/230
f 702/336/196 701/336/196 703/337/230
f 704/337/230 705/338/190 706/338/190
f 704/337/230 703/337/230 705/338/190
f 706/338/190 637/339/191 638/339/191
f 706/338/190 705/338/190 637/339/191
f 643/340/264 708/341/265 644/340/264
f 643/340/264 707/341/265 708/341/265
f 707/341/265 710/342/266 708/341/265
f 707/341/265 709/342/266 710/342/266
f 709/342/266 712/343/267 710/342/266
f 709/342/266 711/343/267 712/343/267
f 711/343/267 714/344/204 712/343/267
f 711/343/267 713/344/204 714/344/204
f 713/344/204 716/345/205 714/344/204
f 713/344/204 715/345/205 716/345/205
f 715/345/205 642/346/206 716/345/205
f 715/345/205 639/346/206 642/346/206
f 625/305/152 717/306/153 657/306/154
f 625/305/152 645/305/152 717/306/153
f 657/306/154 718/307/155 659/307/155
f 657/306/154 717/306/153 718/307/155
f 659/307/155 719/308/268 661/308/233
f 659/307/155 718/307/155 719/308/268
f 661/308/233 720/309/234 663/309/234
f 661/308/233 719/308/268 720/309/234
f 663/309/234 721/310/269 665/310/235
f 663/309/234 720/309/234 721/310/269
f 665/310/235 636/311/236 623/311/237
f 665/310/235 721/310/269 636/311/236
f 627/312/238 722/313/240 646/312/238
f 627/312/238 668/313/239 722/313/240
f 668/313/239 723/314/241 722/313/240
f 668/313/239 670/314/241 723/314/241
f 670/314/241 724/315/209 723/314/241
f 670/314/241 672/315/169 724/315/209
f 724/315/209 674/316/242 725/316/216
f 724/315/209 672/315/169 674/316/242
f 725/316/216 676/317/244 726/317/217
f 725/316/216 674/316/242 676/317/244
f 726/317/217 618/318/218 634/318/218
f 726/317/217 676/317/244 618/318/218
f 651/347/213 727/348/214 728/348/214
f 651/347/213 650/347/213 727/348/214
f 728/348/214 729/349/215 730/349/215
f 728/348/214 727/348/214 729/349/215
f 730/349/215 731/350/270 732/350/270
f 730/349/215 729/349/215 731/350/270
f 731/350/270 734/351/271 732/350/270
f 731/350/270 733/351/271 734/351/271
f 733/351/271 736/352/272 734/351/271
f 733/351/271 735/352/272 736/352/272
f 735/352/272 648/353/273 736/352/272
f 735/352/272 647/353/273 648/353/273
f 654/354/162 737/355/159 738/355/159
f 654/354/162 653/354/162 737/355/159
f 738/355/159 739/356/208 740/356/208
f 738/355/159 737/355/159 739/356/208
f 740/356/208 741/357/207 742/357/207
f 740/356/208 739/356/208 741/357/207
f 742/357/207 743/358/274 744/358/274
f 742/357/207 741/357/207 743/358/274
f 744/358/274 745/359/275 746/359/275
f 744/358/274 743/358/274 745/359/275
f 746/359/275 649/360/276 652/360/276
f 746/359/275 745/359/275 649/360/276
f 655/319/246 677/320/248 629/319/246
f 655/319/246 747/320/248 677/320/248
f 747/320/248 679/321/250 677/320/248
f 747/320/248 748/321/277 679/321/250
f 748/321/277 681/322/251 679/321/250
f 748/321/277 749/322/203 681/322/251
f 749/322/203 683/323/253 681/322/251
f 749/322/203 750/323/202 683/323/253
f 750/323/202 685/324/254 683/323/253
f 750/323/202 751/324/201 685/324/254
f 751/324/201 617/325/200 685/324/254
f 751/324/201 633/325/200 617/325/200
f 656/326/181 688/327/182 752/327/182
f 656/326/181 631/326/181 688/327/182
f 752/327/182 690/328/184 753/328/229
f 752/327/182 688/327/182 690/328/184
f 753/328/229 692/329/256 754/329/278
f 753/328/229 690/328/184 692/329/256
f 692/329/256 755/330/257 754/329/278
f 692/329/256 694/330/257 755/330/257
f 694/330/257 756/331/279 755/330/257
f 694/330/257 696/331/258 756/331/279
f 696/331/258 635/332/260 756/331/279
f 696/331/258 621/332/259 635/332/260
f 675/317/16 182/361/16 619/318/17
f 673/364/16 182/361/16 675/317/16
f 671/315/16 182/361/16 673/364/16
f 669/363/16 182/361/16 671/315/16
f 667/362/17 182/361/16 669/363/16
f 667/362/17 628/312/16 182/361/16
f 678/320/16 181/369/17 630/319/17
f 686/365/16 620/325/17 181/369/17
f 181/369/17 684/366/16 686/365/16
f 181/369/17 682/367/16 684/366/16
f 181/369/17 680/368/17 682/367/16
f 181/369/17 678/320/16 680/368/17
f 687/372/16 632/371/17 179/370/17
f 689/328/17 687/372/16 179/370/17
f 691/373/16 689/328/17 179/370/17
f 693/330/16 691/373/16 179/370/17
f 695/331/16 693/330/16 179/370/17
f 179/370/17 622/332/16 695/331/16
f 180/376/16 666/374/16 624/311/16
f 180/376/16 664/309/16 666/374/16
f 180/376/16 662/308/16 664/309/16
f 180/376/16 660/307/16 662/308/16
f 180/376/16 658/306/17 660/307/16
f 180/376/16 626/375/16 658/306/17
f 747/320/148 655/319/148 313/369/148
f 748/321/149 747/320/148 313/369/148
f 749/367/148 748/321/149 313/369/148
f 750/366/148 749/367/148 313/369/148
f 751/365/148 750/366/148 313/369/148
f 313/369/148 633/325/149 751/365/148
f 314/361/148 726/377/148 634/318/149
f 314/361/148 725/364/148 726/377/148
f 314/361/148 724/315/148 725/364/148
f 314/361/148 723/363/148 724/315/148
f 314/361/148 722/313/149 723/363/148
f 314/361/148 646/312/148 722/313/149
f 752/372/148 311/370/149 656/371/148
f 756/331/148 635/332/148 311/370/149
f 311/370/149 755/330/148 756/331/148
f 311/370/149 754/373/148 755/330/148
f 311/370/149 753/378/149 754/373/148
f 311/370/149 752/372/148 753/378/149
f 721/379/148 312/376/148 636/311/148
f 720/309/148 312/376/148 721/379/148
f 719/308/148 312/376/148 720/309/148
f 718/307/148 312/376/148 719/308/148
f 717/306/149 312/376/148 718/307/148
f 717/306/149 645/375/148 312/376/148
f 69/46/148 706/338/148 638/339/148
f 69/46/148 704/380/148 706/338/148
f 69/46/148 702/336/148 704/380/148
f 69/46/148 700/335/148 702/336/148
f 69/46/148 698/381/149 700/335/148
f 69/46/148 641/333/148 698/381/149
f 708/382/148 72/62/148 644/340/148
f 710/342/148 72/62/148 708/382/148
f 712/343/148 72/62/148 710/342/148
f 714/344/148 72/62/148 712/343/148
f 716/345/149 72/62/148 714/344/148
f 716/345/149 642/346/148 72/62/148
f 728/387/148 71/51/149 651/347/148
f 736/383/148 648/353/148 71/51/149
f 71/51/149 734/384/148 736/383/148
f 71/51/149 732/385/148 734/384/148
f 71/51/149 730/386/149 732/385/148
f 71/51/149 728/387/148 730/386/149
f 70/41/148 746/389/148 652/388/148
f 744/390/149 746/389/148 70/41/148
f 742/357/148 744/390/149 70/41/148
f 740/391/148 742/357/148 70/41/148
f 738/355/148 740/391/148 70/41/148
f 70/41/148 654/354/148 738/355/148
f 617/325/200 619/318/245 620/325/255
f 617/325/200 618/318/218 619/318/245
f 185/392/42 621/332/259 622/332/260
f 185/392/42 79/392/42 621/332/259
f 624/311/236 77/393/42 183/393/42
f 624/311/236 623/311/237 77/393/42
f 633/325/200 618/318/218 617/325/200
f 633/325/200 634/318/218 618/318/218
f 79/392/42 635/332/260 621/332/259
f 79/392/42 317/392/42 635/332/260
f 623/311/237 315/393/42 77/393/42
f 623/311/237 636/311/236 315/393/42
f 638/339/191 310/47/42 76/47/42
f 638/339/191 637/339/191 310/47/42
f 639/346/206 641/333/261 642/346/206
f 639/346/206 640/333/261 641/333/261
f 309/61/40 644/340/264 75/61/40
f 309/61/40 643/340/264 644/340/264
f 78/394/1 645/305/152 625/305/152
f 78/394/1 316/394/1 645/305/152
f 627/312/238 319/395/1 81/395/1
f 627/312/238 646/312/238 319/395/1
f 647/353/273 73/60/40 648/353/273
f 647/353/273 307/60/40 73/60/40
f 652/360/276 650/347/213 651/347/213
f 652/360/276 649/360/276 650/347/213
f 74/48/42 653/354/162 654/354/162
f 74/48/42 308/48/42 653/354/162
f 320/396/2 629/319/246 82/396/2
f 320/396/2 655/319/246 629/319/246
f 656/326/181 80/397/2 631/326/181
f 656/326/181 318/397/2 80/397/2
f 620/325/17 176/48/17 181/369/17
f 620/325/17 178/47/17 176/48/17
f 619/318/17 178/47/17 620/325/17
f 619/318/17 182/361/16 178/47/17
f 177/61/17 179/370/17 175/60/17
f 177/61/17 622/332/16 179/370/17
f 177/61/17 185/392/16 622/332/16
f 177/61/17 183/393/16 185/392/16
f 177/61/17 624/311/16 183/393/16
f 177/61/17 180/376/16 624/311/16
f 310/47/148 313/369/148 308/48/148
f 310/47/148 633/325/149 313/369/148
f 310/47/148 634/318/149 633/325/149
f 310/47/148 314/361/148 634/318/149
f 635/332/148 307/60/148 311/370/149
f 635/332/148 309/61/148 307/60/148
f 317/392/148 309/61/148 635/332/148
f 315/393/148 309/61/148 317/392/148
f 636/311/148 309/61/148 315/393/148
f 636/311/148 312/376/148 309/61/148
f 310/47/148 646/312/148 314/361/148
f 310/47/148 319/395/148 646/312/148
f 310/47/148 316/394/148 319/395/148
f 310/47/148 645/305/148 316/394/148
f 310/47/148 312/376/148 645/305/148
f 310/47/148 309/61/148 312/376/148
f 310/47/148 643/340/149 309/61/148
f 637/339/149 643/340/149 310/47/148
f 637/339/149 707/398/148 643/340/149
f 705/407/148 707/398/148 637/339/149
f 705/407/148 709/399/148 707/398/148
f 703/406/148 709/399/148 705/407/148
f 703/406/148 711/400/148 709/399/148
f 701/405/148 711/400/148 703/406/148
f 701/405/148 713/401/148 711/400/148
f 699/404/148 713/401/148 701/405/148
f 699/404/148 715/402/149 713/401/148
f 697/403/149 715/402/149 699/404/148
f 697/403/149 639/346/148 715/402/149
f 697/403/149 640/333/148 639/346/148
f 745/412/148 650/347/148 649/360/148
f 745/412/148 727/413/148 650/347/148
f 745/412/148 729/414/149 727/413/148
f 743/411/149 729/414/149 745/412/148
f 743/411/149 731/415/148 729/414/149
f 741/410/148 731/415/148 743/411/149
f 741/410/148 733/416/148 731/415/148
f 739/409/148 733/416/148 741/410/148
f 739/409/148 735/417/148 733/416/148
f 737/408/148 735/417/148 739/409/148
f 737/408/148 647/353/149 735/417/148
f 653/354/148 647/353/149 737/408/148
f 653/354/148 307/60/148 647/353/149
f 311/370/149 307/60/148 653/354/148
f 656/326/148 311/370/149 653/354/148
f 318/397/148 656/326/148 653/354/148
f 320/396/148 318/397/148 653/354/148
f 655/319/148 320/396/148 653/354/148
f 313/369/148 655/319/148 653/354/148
f 653/354/148 308/48/148 313/369/148
f 767/418/280 797/419/281 798/419/281
f 767/418/280 766/418/280 797/419/281
f 798/419/281 799/420/282 800/420/282
f 798/419/281 797/419/281 799/420/282
f 800/420/282 801/421/283 802/421/283
f 800/420/282 799/420/282 801/421/283
f 802/421/283 803/422/284 804/422/284
f 802/421/283 801/421/283 803/422/284
f 804/422/284 805/423/286 806/423/285
f 804/422/284 803/422/284 805/423/286
f 806/423/285 761/424/287 764/424/287
f 806/423/285 805/423/286 761/424/287
f 768/425/238 808/426/239 765/425/238
f 768/425/238 807/426/240 808/426/239
f 807/426/240 810/427/241 808/426/239
f 807/426/240 809/427/241 810/427/241
f 809/427/241 812/428/288 810/427/241
f 809/427/241 811/428/288 812/428/288
f 812/428/288 813/429/271 814/429/271
f 812/428/288 811/428/288 813/429/271
f 814/429/271 815/430/289 816/430/289
f 814/429/271 813/429/271 815/430/289
f 816/430/289 759/431/273 758/431/290
f 816/430/289 815/430/289 759/431/273
f 770/432/246 818/433/247 771/432/246
f 770/432/246 817/433/248 818/433/247
f 817/433/248 820/434/249 818/433/247
f 817/433/248 819/434/250 820/434/249
f 819/434/250 822/435/291 820/434/249
f 819/434/250 821/435/291 822/435/291
f 821/435/291 824/436/266 822/435/291
f 821/435/291 823/436/266 824/436/266
f 823/436/266 826/437/292 824/436/266
f 823/436/266 825/437/292 826/437/292
f 825/437/292 760/438/264 826/437/292
f 825/437/292 757/438/293 760/438/264
f 769/439/294 827/440/295 828/440/295
f 769/439/294 772/439/296 827/440/295
f 828/440/295 829/441/297 830/441/297
f 828/440/295 827/440/295 829/441/297
f 830/441/297 831/442/298 832/442/298
f 830/441/297 829/441/297 831/442/298
f 831/442/298 834/443/299 832/442/298
f 831/442/298 833/443/299 834/443/299
f 833/443/299 836/444/300 834/443/299
f 833/443/299 835/444/300 836/444/300
f 835/444/300 762/445/301 836/444/300
f 835/444/300 763/445/302 762/445/301
f 780/446/261 838/447/262 781/446/261
f 780/446/261 837/447/262 838/447/262
f 837/447/262 840/448/263 838/447/262
f 837/447/262 839/448/263 840/448/263
f 839/448/263 842/449/278 840/448/263
f 839/448/263 841/449/278 842/449/278
f 842/449/278 843/450/257 844/450/257
f 842/449/278 841/449/278 843/450/257
f 844/450/257 845/451/279 846/451/279
f 844/450/257 843/450/257 845/451/279
f 846/451/279 777/452/260 778/452/260
f 846/451/279 845/451/279 777/452/260
f 783/453/264 848/454/265 784/453/264
f 783/453/264 847/454/265 848/454/265
f 847/454/265 850/455/266 848/454/265
f 847/454/265 849/455/266 850/455/266
f 849/455/266 852/456/267 850/455/266
f 849/455/266 851/456/267 852/456/267
f 851/456/267 854/457/204 852/456/267
f 851/456/267 853/457/204 854/457/204
f 853/457/204 856/458/205 854/457/204
f 853/457/204 855/458/205 856/458/205
f 855/458/205 782/459/206 856/458/205
f 855/458/205 779/459/206 782/459/206
f 766/418/280 857/419/281 797/419/281
f 766/418/280 786/418/280 857/419/281
f 797/419/281 858/420/282 799/420/282
f 797/419/281 857/419/281 858/420/282
f 799/420/282 859/421/283 801/421/283
f 799/420/282 858/420/282 859/421/283
f 801/421/283 860/422/284 803/422/284
f 801/421/283 859/421/283 860/422/284
f 803/422/284 861/423/286 805/423/286
f 803/422/284 860/422/284 861/423/286
f 805/423/286 775/424/303 761/424/287
f 805/423/286 861/423/286 775/424/303
f 765/425/238 862/426/240 785/425/238
f 765/425/238 808/426/239 862/426/240
f 808/426/239 863/427/241 862/426/240
f 808/426/239 810/427/241 863/427/241
f 810/427/241 864/428/270 863/427/241
f 810/427/241 812/428/288 864/428/270
f 864/428/270 814/429/271 865/429/271
f 864/428/270 812/428/288 814/429/271
f 865/429/271 816/430/289 866/430/272
f 865/429/271 814/429/271 816/430/289
f 866/430/272 758/431/290 774/431/273
f 866/430/272 816/430/289 758/431/290
f 791/460/304 867/461/214 868/461/214
f 791/460/304 790/460/304 867/461/214
f 868/461/214 869/462/215 870/462/215
f 868/461/214 867/461/214 869/462/215
f 870/462/215 871/463/270 872/463/270
f 870/462/215 869/462/215 871/463/270
f 871/463/270 874/464/271 872/463/270
f 871/463/270 873/464/271 874/464/271
f 873/464/271 876/465/272 874/464/271
f 873/464/271 875/465/272 876/465/272
f 875/465/272 788/466/273 876/465/272
f 875/465/272 787/466/273 788/466/273
f 794/467/236 877/468/269 878/468/269
f 794/467/236 793/467/236 877/468/269
f 878/468/269 879/469/305 880/469/305
f 878/468/269 877/468/269 879/469/305
f 880/469/305 881/470/306 882/470/306
f 880/469/305 879/469/305 881/470/306
f 882/470/306 883/471/307 884/471/307
f 882/470/306 881/470/306 883/471/307
f 884/471/307 885/472/275 886/472/275
f 884/471/307 883/471/307 885/472/275
f 886/472/275 789/473/308 792/473/308
f 886/472/275 885/472/275 789/473/308
f 796/432/246 817/433/248 770/432/246
f 796/432/246 887/433/248 817/433/248
f 887/433/248 819/434/250 817/433/248
f 887/433/248 888/434/277 819/434/250
f 888/434/277 821/435/291 819/434/250
f 888/434/277 889/435/267 821/435/291
f 889/435/267 823/436/266 821/435/291
f 889/435/267 890/436/266 823/436/266
f 890/436/266 825/437/292 823/436/266
f 890/436/266 891/437/265 825/437/292
f 891/437/265 757/438/293 825/437/292
f 891/437/265 773/438/264 757/438/293
f 795/439/296 828/440/295 892/440/309
f 795/439/296 769/439/294 828/440/295
f 892/440/309 830/441/297 893/441/310
f 892/440/309 828/440/295 830/441/297
f 893/441/310 832/442/298 894/442/298
f 893/441/310 830/441/297 832/442/298
f 832/442/298 895/443/311 894/442/298
f 832/442/298 834/443/299 895/443/311
f 834/443/299 896/444/312 895/443/311
f 834/443/299 836/444/300 896/444/312
f 836/444/300 776/445/301 896/444/312
f 836/444/300 762/445/301 776/445/301
f 815/475/16 218/474/16 759/431/16
f 813/429/16 218/474/16 815/475/16
f 811/428/16 218/474/16 813/429/16
f 809/427/16 218/474/16 811/428/16
f 807/426/17 218/474/16 809/427/16
f 807/426/17 768/425/16 218/474/16
f 818/433/16 217/477/16 771/432/16
f 826/476/16 760/438/16 217/477/16
f 217/477/16 824/436/16 826/476/16
f 217/477/16 822/435/16 824/436/16
f 217/477/16 820/434/17 822/435/16
f 217/477/16 818/433/16 820/434/17
f 827/479/16 772/439/16 220/478/16
f 829/441/16 827/479/16 220/478/16
f 831/442/16 829/441/16 220/478/16
f 833/443/16 831/442/16 220/478/16
f 835/480/16 833/443/16 220/478/16
f 220/478/16 763/445/16 835/480/16
f 219/483/16 806/481/16 764/424/16
f 219/483/16 804/482/16 806/481/16
f 219/483/16 802/421/16 804/482/16
f 219/483/16 800/420/16 802/421/16
f 219/483/16 798/419/17 800/420/16
f 219/483/16 767/418/16 798/419/17
f 887/433/148 796/432/148 333/477/148
f 888/434/149 887/433/148 333/477/148
f 889/435/148 888/434/149 333/477/148
f 890/436/148 889/435/148 333/477/148
f 891/476/148 890/436/148 333/477/148
f 333/477/148 773/438/148 891/476/148
f 334/474/148 866/430/148 774/431/148
f 334/474/148 865/429/148 866/430/148
f 334/474/148 864/428/148 865/429/148
f 334/474/148 863/427/148 864/428/148
f 334/474/148 862/426/149 863/427/148
f 334/474/148 785/425/148 862/426/149
f 861/481/148 335/483/148 775/424/148
f 860/422/148 335/483/148 861/481/148
f 859/421/148 335/483/148 860/422/148
f 858/420/148 335/483/148 859/421/148
f 857/419/149 335/483/148 858/420/148
f 857/419/149 786/418/148 335/483/148
f 892/440/148 336/478/148 795/439/148
f 896/480/148 776/445/148 336/478/148
f 336/478/148 895/484/148 896/480/148
f 336/478/148 894/442/148 895/484/148
f 336/478/148 893/485/148 894/442/148
f 336/478/148 892/440/148 893/485/148
f 100/79/148 846/451/148 778/452/148
f 100/79/148 844/486/148 846/451/148
f 100/79/148 842/487/148 844/486/148
f 100/79/148 840/448/148 842/487/148
f 100/79/148 838/447/149 840/448/148
f 100/79/148 781/488/148 838/447/149
f 848/454/148 101/78/148 784/453/148
f 850/455/148 101/78/148 848/454/148
f 852/490/148 101/78/148 850/455/148
f 854/457/148 101/78/148 852/490/148
f 856/458/149 101/78/148 854/457/148
f 856/458/149 782/489/148 101/78/148
f 868/461/148 102/89/149 791/495/149
f 876/491/148 788/466/148 102/89/149
f 102/89/149 874/492/148 876/491/148
f 102/89/149 872/493/148 874/492/148
f 102/89/149 870/494/149 872/493/148
f 102/89/149 868/461/148 870/494/149
f 99/88/149 886/497/148 792/496/149
f 884/471/148 886/497/148 99/88/149
f 882/498/148 884/471/148 99/88/149
f 880/469/148 882/498/148 99/88/149
f 878/468/148 880/469/148 99/88/149
f 99/88/149 794/467/148 878/468/148
f 757/438/293 759/431/273 760/438/264
f 757/438/293 758/431/290 759/431/273
f 764/424/287 762/445/301 763/445/302
f 764/424/287 761/424/287 762/445/301
f 768/425/238 766/418/280 767/418/280
f 768/425/238 765/425/238 766/418/280
f 769/439/294 771/432/246 772/439/296
f 769/439/294 770/432/246 771/432/246
f 773/438/264 758/431/290 757/438/293
f 773/438/264 774/431/273 758/431/290
f 761/424/287 776/445/301 762/445/301
f 761/424/287 775/424/303 776/445/301
f 778/452/260 331/93/42 105/93/42
f 778/452/260 777/452/260 331/93/42
f 779/459/206 781/446/261 782/459/206
f 779/459/206 780/446/261 781/446/261
f 332/97/40 784/453/264 106/97/40
f 332/97/40 783/453/264 784/453/264
f 765/425/238 786/418/280 766/418/280
f 765/425/238 785/425/238 786/418/280
f 787/466/273 103/96/40 788/466/273
f 787/466/273 329/96/40 103/96/40
f 792/473/308 790/460/304 791/460/304
f 792/473/308 789/473/308 790/460/304
f 104/94/42 793/467/236 794/467/236
f 104/94/42 330/94/42 793/467/236
f 795/439/296 770/432/246 769/439/294
f 795/439/296 796/432/246 770/432/246
f 788/466/148 21/90/148 102/95/149
f 788/466/148 23/77/148 21/90/148
f 103/96/148 23/77/148 788/466/148
f 106/97/148 23/77/148 103/96/148
f 784/453/148 23/77/148 106/97/148
f 784/453/148 101/78/148 23/77/148
f 760/438/16 214/94/17 217/477/16
f 760/438/16 215/93/17 214/94/17
f 759/431/16 215/93/17 760/438/16
f 759/431/16 218/474/16 215/93/17
f 216/97/38 220/478/16 213/96/37
f 216/97/38 763/445/16 220/478/16
f 216/97/38 764/499/16 763/445/16
f 216/97/38 219/483/16 764/499/16
f 218/474/16 210/79/20 215/93/17
f 211/78/30 219/483/16 216/97/38
f 211/78/30 767/418/16 219/483/16
f 211/78/30 768/425/16 767/418/16
f 211/78/30 218/474/16 768/425/16
f 211/78/30 210/79/20 218/474/16
f 213/96/37 209/88/34 212/95/35
f 217/477/16 214/94/17 209/88/34
f 771/432/16 217/477/16 209/88/34
f 772/439/16 771/432/16 209/88/34
f 220/478/16 772/439/16 209/88/34
f 209/88/34 213/96/37 220/478/16
f 331/93/148 333/477/148 330/94/148
f 331/93/148 773/438/148 333/477/148
f 331/93/148 774/431/148 773/438/148
f 331/93/148 334/474/148 774/431/148
f 776/445/148 329/96/148 336/478/148
f 776/445/148 332/97/148 329/96/148
f 775/499/148 332/97/148 776/445/148
f 775/499/148 335/483/148 332/97/148
f 331/93/148 785/425/148 334/474/148
f 331/93/148 786/418/148 785/425/148
f 331/93/148 335/483/148 786/418/148
f 331/93/148 332/97/148 335/483/148
f 331/93/148 783/453/148 332/97/148
f 777/452/148 783/453/148 331/93/148
f 777/452/148 847/500/148 783/453/148
f 845/509/148 847/500/148 777/452/148
f 845/509/148 849/501/148 847/500/148
f 843/508/148 849/501/148 845/509/148
f 843/508/148 851/502/148 849/501/148
f 841/507/148 851/502/148 843/508/148
f 841/507/148 853/503/148 851/502/148
f 839/506/148 853/503/148 841/507/148
f 839/506/148 855/504/149 853/503/148
f 837/505/149 855/504/149 839/506/148
f 837/505/149 779/459/148 855/504/149
f 837/505/149 780/446/148 779/459/148
f 789/473/148 867/515/148 790/460/148
f 885/514/148 867/515/148 789/473/148
f 885/514/148 869/516/149 867/515/148
f 883/513/148 869/516/149 885/514/148
f 883/513/148 871/517/148 869/516/149
f 881/512/148 871/517/148 883/513/148
f 881/512/148 873/518/148 871/517/148
f 879/511/148 873/518/148 881/512/148
f 879/511/148 875/519/148 873/518/148
f 877/510/148 875/519/148 879/511/148
f 877/510/148 787/466/148 875/519/148
f 793/467/148 787/466/148 877/510/148
f 793/467/148 329/96/148 787/466/148
f 336/478/148 329/96/148 793/467/148
f 795/439/148 336/478/148 793/467/148
f 796/432/148 795/439/148 793/467/148
f 333/477/148 796/432/148 793/467/148
f 793/467/148 330/94/148 333/477/148
f 900/520/313 945/521/314 946/521/314
f 900/520/313 899/520/315 945/521/314
f 946/521/314 947/522/316 948/522/316
f 946/521/314 945/521/314 947/522/316
f 948/522/316 949/523/317 950/523/317
f 948/522/316 947/522/316 949/523/317
f 949/523/317 952/524/318 950/523/317
f 949/523/317 951/524/318 952/524/318
f 951/524/318 954/525/319 952/524/318
f 951/524/318 953/525/319 954/525/319
f 953/525/319 898/526/320 954/525/319
f 953/525/319 897/526/321 898/526/320
f 904/527/322 955/528/323 956/528/323
f 904/527/322 903/527/324 955/528/323
f 956/528/323 957/529/325 958/529/325
f 956/528/323 955/528/323 957/529/325
f 958/529/325 959/530/326 960/530/326
f 958/529/325 957/529/325 959/530/326
f 960/530/326 961/531/327 962/531/327
f 960/530/326 959/530/326 961/531/327
f 962/531/327 963/532/328 964/532/328
f 962/531/327 961/531/327 963/532/328
f 964/532/328 901/533/330 902/533/329
f 964/532/328 963/532/328 901/533/330
f 907/534/332 966/535/133 908/534/331
f 907/534/332 965/535/133 966/535/133
f 965/535/133 968/536/333 966/535/133
f 965/535/133 967/536/333 968/536/333
f 967/536/333 970/537/334 968/536/333
f 967/536/333 969/537/334 970/537/334
f 970/537/334 971/538/335 972/538/335
f 970/537/334 969/537/334 971/538/335
f 972/538/335 973/539/137 974/539/137
f 972/538/335 971/538/335 973/539/137
f 974/539/137 905/540/336 906/540/336
f 974/539/137 973/539/137 905/540/336
f 911/541/337 976/542/338 912/541/337
f 911/541/337 975/542/338 976/542/338
f 975/542/338 978/543/339 976/542/338
f 975/542/338 977/543/339 978/543/339
f 977/543/339 980/544/340 978/543/339
f 977/543/339 979/544/340 980/544/340
f 979/544/340 982/545/341 980/544/340
f 979/544/340 981/545/341 982/545/341
f 981/545/341 984/546/223 982/545/341
f 981/545/341 983/546/223 984/546/223
f 983/546/223 910/547/342 984/546/223
f 983/546/223 909/547/343 910/547/342
f 916/548/313 985/549/314 986/549/314
f 916/548/313 915/548/344 985/549/314
f 986/549/314 987/550/345 988/550/345
f 986/549/314 985/549/314 987/550/345
f 988/550/345 989/551/346 990/551/346
f 988/550/345 987/550/345 989/551/346
f 989/551/346 992/552/347 990/551/346
f 989/551/346 991/552/347 992/552/347
f 991/552/347 994/553/348 992/552/347
f 991/552/347 993/553/348 994/553/348
f 993/553/348 914/554/349 994/553/348
f 993/553/348 913/554/350 914/554/349
f 920/555/351 995/556/352 996/556/352
f 920/555/351 919/555/353 995/556/352
f 996/556/352 997/557/354 998/557/354
f 996/556/352 995/556/352 997/557/354
f 998/557/354 999/558/355 1000/558/355
f 998/557/354 997/557/354 999/558/355
f 1000/558/355 1001/559/356 1002/559/356
f 1000/558/355 999/558/355 1001/559/356
f 1002/559/356 1003/560/357 1004/560/357
f 1002/559/356 1001/559/356 1003/560/357
f 1004/560/357 917/561/359 918/561/358
f 1004/560/357 1003/560/357 917/561/359
f 923/562/360 1006/563/133 924/562/132
f 923/562/360 1005/563/133 1006/563/133
f 1005/563/133 1008/564/361 1006/563/133
f 1005/563/133 1007/564/361 1008/564/361
f 1007/564/361 1010/565/209 1008/564/361
f 1007/564/361 1009/565/209 1010/565/209
f 1010/565/209 1011/566/210 1012/566/210
f 1010/565/209 1009/565/209 1011/566/210
f 1012/566/210 1013/567/211 1014/567/211
f 1012/566/210 1011/566/210 1013/567/211
f 1014/567/211 921/568/362 922/568/362
f 1014/567/211 1013/567/211 921/568/362
f 927/569/363 1016/570/220 928/569/363
f 927/569/363 1015/570/220 1016/570/220
f 1015/570/220 1018/571/221 1016/570/220
f 1015/570/220 1017/571/221 1018/571/221
f 1017/571/221 1020/572/207 1018/571/221
f 1017/571/221 1019/572/207 1020/572/207
f 1019/572/207 1022/573/222 1020/572/207
f 1019/572/207 1021/573/222 1022/573/222
f 1021/573/222 1024/574/223 1022/573/222
f 1021/573/222 1023/574/223 1024/574/223
f 1023/574/223 926/575/224 1024/574/223
f 1023/574/223 925/575/364 926/575/224
f 932/576/365 1025/577/366 1026/577/366
f 932/576/365 931/576/367 1025/577/366
f 1026/577/366 1027/578/368 1028/578/368
f 1026/577/366 1025/577/366 1027/578/368
f 1028/578/368 1029/579/355 1030/579/355
f 1028/578/368 1027/578/368 1029/579/355
f 1030/579/355 1031/580/369 1032/580/369
f 1030/579/355 1029/579/355 1031/580/369
f 1032/580/369 1033/581/370 1034/581/370
f 1032/580/369 1031/580/369 1033/581/370
f 1034/581/370 929/582/372 930/582/371
f 1034/581/370 1033/581/370 929/582/372
f 936/583/373 1035/584/262 1036/584/262
f 936/583/373 935/583/374 1035/584/262
f 1036/584/262 1037/585/375 1038/585/375
f 1036/584/262 1035/584/262 1037/585/375
f 1038/585/375 1039/586/376 1040/586/376
f 1038/585/375 1037/585/375 1039/586/376
f 1039/586/376 1042/587/377 1040/586/376
f 1039/586/376 1041/587/377 1042/587/377
f 1041/587/377 1044/588/378 1042/587/377
f 1041/587/377 1043/588/378 1044/588/378
f 1043/588/378 934/589/379 1044/588/378
f 1043/588/378 933/589/380 934/589/379
f 939/590/381 1046/591/214 940/590/213
f 939/590/381 1045/591/214 1046/591/214
f 1045/591/214 1048/592/215 1046/591/214
f 1045/591/214 1047/592/215 1048/592/215
f 1047/592/215 1050/593/209 1048/592/215
f 1047/592/215 1049/593/209 1050/593/209
f 1050/593/209 1051/594/216 1052/594/216
f 1050/593/209 1049/593/209 1051/594/216
f 1052/594/216 1053/595/217 1054/595/217
f 1052/594/216 1051/594/216 1053/595/217
f 1054/595/217 937/596/382 938/596/382
f 1054/595/217 1053/595/217 937/596/382
f 943/597/383 1056/598/159 944/597/383
f 943/597/383 1055/598/159 1056/598/159
f 1055/598/159 1058/599/208 1056/598/159
f 1055/598/159 1057/599/208 1058/599/208
f 1057/599/208 1060/600/207 1058/599/208
f 1057/599/208 1059/600/207 1060/600/207
f 1059/600/207 1062/601/274 1060/600/207
f 1059/600/207 1061/601/274 1062/601/274
f 1061/601/274 1064/602/275 1062/601/274
f 1061/601/274 1063/602/275 1064/602/275
f 1063/602/275 942/603/276 1064/602/275
f 1063/602/275 941/603/384 942/603/276
f 227/32/16 945/604/17 899/520/16
f 947/522/16 945/604/17 227/32/16
f 949/523/16 947/522/16 227/32/16
f 951/524/16 949/523/16 227/32/16
f 953/525/16 951/524/16 227/32/16
f 227/32/16 897/526/16 953/525/16
f 946/604/149 37/32/148 900/520/148
f 954/605/148 898/526/148 37/32/148
f 37/32/148 952/524/148 954/605/148
f 37/32/148 950/523/148 952/524/148
f 37/32/148 948/522/148 950/523/148
f 37/32/148 946/604/149 948/522/148
f 955/528/17 903/527/16 226/17/16
f 226/17/16 957/529/16 955/528/17
f 226/17/16 959/606/16 957/529/16
f 226/17/16 961/531/16 959/606/16
f 226/17/16 963/532/17 961/531/16
f 226/17/16 901/533/16 963/532/17
f 964/532/149 902/533/149 36/17/148
f 962/531/148 964/532/149 36/17/148
f 960/606/148 962/531/148 36/17/148
f 958/607/148 960/606/148 36/17/148
f 956/528/149 958/607/148 36/17/148
f 36/17/148 904/527/148 956/528/149
f 973/539/16 221/73/16 905/540/16
f 971/538/16 221/73/16 973/539/16
f 969/537/16 221/73/16 971/538/16
f 967/536/16 221/73/16 969/537/16
f 965/535/16 221/73/16 967/536/16
f 965/535/16 907/534/16 221/73/16
f 223/27/16 975/542/16 911/541/16
f 223/27/16 977/543/16 975/542/16
f 223/27/16 979/544/16 977/543/16
f 223/27/16 981/545/16 979/544/16
f 223/27/16 983/546/16 981/545/16
f 223/27/16 909/547/16 983/546/16
f 976/542/148 33/27/148 912/541/148
f 978/543/148 33/27/148 976/542/148
f 980/544/148 33/27/148 978/543/148
f 982/545/148 33/27/148 980/544/148
f 984/546/148 33/27/148 982/545/148
f 984/546/148 910/547/148 33/27/148
f 237/50/16 985/549/17 915/608/16
f 987/609/16 985/549/17 237/50/16
f 989/610/17 987/609/16 237/50/16
f 991/552/16 989/610/17 237/50/16
f 993/611/16 991/552/16 237/50/16
f 237/50/16 913/554/16 993/611/16
f 986/613/149 61/50/148 916/608/148
f 994/612/148 914/554/149 61/50/148
f 61/50/148 992/552/148 994/612/148
f 61/50/148 990/610/149 992/552/148
f 61/50/148 988/550/148 990/610/149
f 61/50/148 986/613/149 988/550/148
f 995/556/16 919/614/16 238/31/16
f 238/31/16 997/557/16 995/556/16
f 238/31/16 999/615/16 997/557/16
f 238/31/16 1001/559/16 999/615/16
f 238/31/16 1003/616/17 1001/559/16
f 238/31/16 917/561/16 1003/616/17
f 1004/560/149 918/561/148 62/31/148
f 1002/617/148 1004/560/149 62/31/148
f 1000/615/149 1002/617/148 62/31/148
f 998/557/148 1000/615/149 62/31/148
f 996/556/148 998/557/148 62/31/148
f 62/31/148 920/614/148 996/556/148
f 1013/567/16 233/38/16 921/568/16
f 1011/566/16 233/38/16 1013/567/16
f 1009/565/16 233/38/16 1011/566/16
f 1007/564/16 233/38/16 1009/565/16
f 1005/563/16 233/38/16 1007/564/16
f 1005/563/16 923/562/16 233/38/16
f 57/38/148 1014/567/148 922/568/148
f 57/38/148 1012/566/148 1014/567/148
f 57/38/148 1010/565/148 1012/566/148
f 57/38/148 1008/564/148 1010/565/148
f 57/38/148 1006/563/148 1008/564/148
f 57/38/148 924/562/148 1006/563/148
f 235/45/16 1015/570/16 927/619/16
f 235/45/16 1017/571/16 1015/570/16
f 235/45/16 1019/572/16 1017/571/16
f 235/45/16 1021/620/16 1019/572/16
f 235/45/16 1023/621/16 1021/620/16
f 235/45/16 925/618/16 1023/621/16
f 1016/570/148 59/45/148 928/619/148
f 1018/571/148 59/45/148 1016/570/148
f 1020/572/148 59/45/148 1018/571/148
f 1022/620/148 59/45/148 1020/572/148
f 1024/622/148 59/45/148 1022/620/148
f 1024/622/148 926/618/148 59/45/148
f 1025/624/16 931/623/16 245/49/16
f 245/49/16 1027/625/17 1025/624/16
f 245/49/16 1029/626/17 1027/625/17
f 245/49/16 1031/627/17 1029/626/17
f 245/49/16 1033/581/16 1031/627/17
f 245/49/16 929/582/16 1033/581/16
f 1034/581/148 930/582/148 83/49/148
f 1032/628/149 1034/581/148 83/49/148
f 1030/626/149 1032/628/149 83/49/148
f 1028/629/149 1030/626/149 83/49/148
f 1026/624/148 1028/629/149 83/49/148
f 83/49/148 932/623/148 1026/624/148
f 247/59/16 1035/631/16 935/630/16
f 1037/632/17 1035/631/16 247/59/16
f 1039/586/16 1037/632/17 247/59/16
f 1041/587/16 1039/586/16 247/59/16
f 1043/633/16 1041/587/16 247/59/16
f 247/59/16 933/589/16 1043/633/16
f 1036/631/148 85/59/148 936/630/148
f 1044/633/148 934/589/148 85/59/148
f 85/59/148 1042/634/148 1044/633/148
f 85/59/148 1040/586/148 1042/634/148
f 85/59/148 1038/635/149 1040/586/148
f 85/59/148 1036/631/148 1038/635/149
f 1053/639/16 250/63/16 937/596/16
f 1051/638/16 250/63/16 1053/639/16
f 1049/593/16 250/63/16 1051/638/16
f 1047/637/17 250/63/16 1049/593/16
f 1045/591/16 250/63/16 1047/637/17
f 1045/591/16 939/636/16 250/63/16
f 88/82/148 1054/639/148 938/596/148
f 88/82/148 1052/640/148 1054/639/148
f 88/82/148 1050/593/148 1052/640/148
f 88/82/148 1048/637/149 1050/593/148
f 88/82/148 1046/591/148 1048/637/149
f 88/82/148 940/636/148 1046/591/148
f 249/80/16 1055/643/16 943/642/16
f 249/80/16 1057/644/16 1055/643/16
f 249/80/16 1059/645/16 1057/644/16
f 249/80/16 1061/646/17 1059/645/16
f 249/80/16 1063/647/16 1061/646/17
f 249/80/16 941/641/16 1063/647/16
f 1056/643/148 87/80/148 944/642/148
f 1058/644/148 87/80/148 1056/643/148
f 1060/645/148 87/80/148 1058/644/148
f 1062/601/149 87/80/148 1060/645/148
f 1064/647/148 87/80/148 1062/601/149
f 1064/647/148 942/641/148 87/80/148
f 897/526/321 34/24/42 898/526/320
f 897/526/321 224/24/42 34/24/42
f 38/55/385 899/520/315 900/520/313
f 38/55/385 228/55/386 899/520/315
f 902/533/329 228/55/386 38/55/385
f 902/533/329 901/533/330 228/55/386
f 32/22/40 903/527/324 904/527/322
f 32/22/40 222/22/40 903/527/324
f 225/85/388 908/534/331 35/85/387
f 225/85/388 907/534/332 908/534/331
f 909/547/343 35/85/387 910/547/342
f 909/547/343 225/85/388 35/85/387
f 42/26/40 911/541/40 912/541/40
f 42/26/40 232/26/40 911/541/40
f 913/554/350 60/42/42 914/554/349
f 913/554/350 236/42/44 60/42/42
f 63/57/389 915/548/344 916/548/313
f 63/57/389 239/57/390 915/548/344
f 918/561/358 239/57/390 63/57/389
f 918/561/358 917/561/359 239/57/390
f 58/34/40 919/555/353 920/555/351
f 58/34/40 234/34/40 919/555/353
f 921/568/42 66/39/42 922/568/42
f 921/568/42 242/39/42 66/39/42
f 240/84/69 924/562/132 64/84/1
f 240/84/69 923/562/360 924/562/132
f 925/575/364 64/84/1 926/575/224
f 925/575/364 240/84/69 64/84/1
f 68/44/40 927/569/40 928/569/40
f 68/44/40 244/44/40 927/569/40
f 930/582/371 252/58/392 90/58/391
f 930/582/371 929/582/372 252/58/392
f 84/52/40 931/576/367 932/576/365
f 84/52/40 246/52/40 931/576/367
f 933/589/380 86/87/42 934/589/379
f 933/589/380 248/87/42 86/87/42
f 90/58/391 935/583/374 936/583/373
f 90/58/391 252/58/392 935/583/374
f 937/596/42 93/64/42 938/596/42
f 937/596/42 255/64/42 93/64/42
f 251/98/79 940/590/213 89/98/1
f 251/98/79 939/590/381 940/590/213
f 941/603/384 89/98/1 942/603/276
f 941/603/384 251/98/79 89/98/1
f 94/92/40 943/597/40 944/597/40
f 94/92/40 256/92/40 943/597/40
f 30/18/148 10/3/148 11/54/148
f 85/59/148 29/53/148 10/3/148
f 90/58/149 85/59/148 10/3/148
f 90/58/149 936/583/148 85/59/148
f 10/3/148 930/582/148 90/58/149
f 10/3/148 83/49/148 930/582/148
f 10/3/148 61/50/148 83/49/148
f 10/3/148 916/548/148 61/50/148
f 10/3/148 63/57/148 916/548/148
f 10/3/148 918/648/148 63/57/148
f 10/3/148 62/56/148 918/648/148
f 10/3/148 37/32/148 62/56/148
f 10/3/148 900/520/148 37/32/148
f 10/3/148 38/55/148 900/520/148
f 902/533/149 38/55/148 10/3/148
f 36/17/148 902/533/149 10/3/148
f 10/3/148 30/18/148 36/17/148
f 286/63/80 251/98/79 287/98/79
f 286/63/80 939/590/381 251/98/79
f 286/63/80 250/63/393 939/590/381
f 287/98/79 249/80/394 285/80/81
f 287/98/79 941/603/384 249/80/394
f 287/98/79 251/98/79 941/603/384
f 284/87/42 247/59/42 283/59/42
f 284/87/42 933/589/380 247/59/42
f 284/87/42 248/87/42 933/589/380
f 256/92/42 249/80/42 943/597/383
f 285/80/42 256/92/42 292/92/42
f 285/80/42 249/80/42 256/92/42
f 931/576/367 281/49/40 245/49/40
f 931/576/367 282/52/40 281/49/40
f 931/576/367 246/52/40 282/52/40
f 250/63/40 255/64/40 937/596/382
f 250/63/40 291/64/40 255/64/40
f 250/63/40 286/63/40 291/64/40
f 917/561/359 275/57/64 239/57/390
f 917/561/359 274/31/68 275/57/64
f 917/561/359 238/31/395 274/31/68
f 915/548/344 273/50/65 237/50/396
f 915/548/344 275/57/64 273/50/65
f 915/548/344 239/57/390 275/57/64
f 919/555/353 274/31/40 238/31/40
f 919/555/353 270/34/40 274/31/40
f 919/555/353 234/34/40 270/34/40
f 233/38/40 242/39/40 921/568/362
f 233/38/40 278/39/40 242/39/40
f 233/38/40 269/38/40 278/39/40
f 269/38/70 240/84/69 276/84/69
f 269/38/70 923/562/360 240/84/69
f 269/38/70 233/38/397 923/562/360
f 276/84/69 235/45/1 271/45/1
f 276/84/69 925/575/364 235/45/1
f 276/84/69 240/84/69 925/575/364
f 272/42/44 237/50/398 273/50/66
f 272/42/44 913/554/350 237/50/398
f 272/42/44 236/42/44 913/554/350
f 244/44/43 235/45/399 927/569/363
f 271/45/72 244/44/43 280/44/71
f 271/45/72 235/45/399 244/44/43
f 935/583/374 283/59/78 247/59/400
f 935/583/374 288/58/76 283/59/78
f 935/583/374 252/58/392 288/58/76
f 929/582/372 288/58/76 252/58/392
f 929/582/372 281/49/75 288/58/76
f 929/582/372 245/49/401 281/49/75
f 899/520/315 263/32/48 227/32/402
f 899/520/315 264/55/47 263/32/48
f 899/520/315 228/55/386 264/55/47
f 260/24/42 227/32/42 263/32/42
f 260/24/42 897/526/321 227/32/42
f 260/24/42 224/24/42 897/526/321
f 232/26/42 223/27/42 911/541/337
f 259/27/42 232/26/42 268/26/42
f 259/27/42 223/27/42 232/26/42
f 261/85/56 223/27/403 259/27/61
f 261/85/56 909/547/343 223/27/403
f 261/85/56 225/85/388 909/547/343
f 261/85/56 907/534/332 225/85/388
f 257/73/57 907/534/332 261/85/56
f 257/73/57 221/73/404 907/534/332
f 221/73/405 231/74/82 905/540/336
f 221/73/405 267/74/53 231/74/82
f 221/73/405 257/73/59 267/74/53
f 903/527/324 262/17/40 226/17/40
f 903/527/324 258/22/40 262/17/40
f 903/527/324 222/22/40 258/22/40
f 901/533/330 264/55/47 228/55/386
f 901/533/330 262/17/50 264/55/47
f 901/533/330 226/17/406 262/17/50
f 22/19/148 36/17/148 30/18/148
f 22/19/148 904/527/148 36/17/148
f 28/21/151 32/22/407 904/527/148
f 371/129/148 28/21/151 904/527/148
f 372/142/148 371/129/148 904/527/148
f 26/20/148 372/142/148 904/527/148
f 904/527/148 22/19/148 26/20/148
f 40/25/148 44/23/149 34/24/148
f 40/25/148 514/251/148 44/23/149
f 40/25/148 48/30/149 514/251/148
f 912/541/148 48/30/149 40/25/148
f 912/541/148 49/29/148 48/30/149
f 33/27/148 49/29/148 912/541/148
f 33/27/148 498/236/149 49/29/148
f 33/27/148 43/28/149 498/236/149
f 40/25/148 42/26/149 912/541/148
f 898/526/148 62/31/148 37/32/148
f 898/526/148 920/555/148 62/31/148
f 34/24/148 920/555/148 898/526/148
f 45/33/149 58/34/148 920/555/148
f 511/244/149 45/33/149 920/555/148
f 512/257/149 511/244/149 920/555/148
f 44/23/149 512/257/149 920/555/148
f 920/555/148 34/24/148 44/23/149
f 508/250/149 58/34/148 45/33/149
f 508/250/149 65/40/148 58/34/148
f 47/35/149 65/40/148 508/250/149
f 922/568/148 66/39/24 65/40/148
f 47/35/149 922/568/148 65/40/148
f 50/36/148 922/568/148 47/35/149
f 50/36/148 57/38/148 922/568/148
f 504/649/148 57/38/148 50/36/148
f 504/649/148 46/37/148 57/38/148
f 67/43/148 70/41/148 60/42/148
f 67/43/148 654/354/148 70/41/148
f 67/43/148 74/48/148 654/354/148
f 928/569/148 74/48/148 67/43/148
f 928/569/148 76/47/148 74/48/148
f 59/45/148 76/47/148 928/569/148
f 59/45/148 638/339/148 76/47/148
f 59/45/148 69/46/148 638/339/148
f 67/43/148 68/44/24 928/569/148
f 914/554/149 83/49/148 61/50/148
f 914/554/149 932/576/148 83/49/148
f 60/42/148 932/576/148 914/554/149
f 71/51/149 84/52/148 932/576/148
f 651/347/148 71/51/149 932/576/148
f 652/360/148 651/347/148 932/576/148
f 70/41/148 652/360/148 932/576/148
f 932/576/148 60/42/148 70/41/148
f 648/353/148 84/52/148 71/51/149
f 648/353/148 91/65/149 84/52/148
f 73/60/148 91/65/149 648/353/148
f 938/596/148 93/64/24 91/65/149
f 73/60/148 938/596/148 91/65/149
f 75/61/148 938/596/148 73/60/148
f 75/61/148 88/63/148 938/596/148
f 644/340/148 88/63/148 75/61/148
f 644/340/148 72/62/148 88/63/148
f 934/589/148 29/53/148 85/59/148
f 934/589/148 21/90/148 29/53/148
f 102/89/149 21/90/148 934/589/148
f 791/650/149 102/89/149 934/589/148
f 792/496/149 791/650/149 934/589/148
f 934/589/148 99/88/149 792/496/149
f 934/589/148 86/87/148 99/88/149
f 92/91/149 99/88/149 86/87/148
f 92/91/149 794/467/148 99/88/149
f 92/91/149 104/94/148 794/467/148
f 944/597/148 104/94/148 92/91/149
f 944/597/148 105/93/148 104/94/148
f 87/80/148 105/93/148 944/597/148
f 87/80/148 778/452/148 105/93/148
f 87/80/148 100/79/148 778/452/148
f 92/91/149 94/92/24 944/597/148
f 156/281/1 485/202/152 486/202/152
f 1075/281/1 54/281/1 485/202/152
f 1076/281/1 1075/281/1 485/202/152
f 485/202/152 156/281/1 1076/281/1
f 488/209/166 1074/282/1 157/282/1
f 488/209/166 1071/282/1 1074/282/1
f 488/209/166 55/282/1 1071/282/1
f 488/209/166 487/209/163 55/282/1
f 1072/283/231 158/283/408 1073/283/231
f 1072/283/231 490/216/174 158/283/408
f 489/216/174 1072/283/231 56/283/231
f 489/216/174 490/216/174 1072/283/231
f 491/223/181 154/284/2 492/223/181
f 1070/284/2 154/284/2 491/223/181
f 1069/284/2 1070/284/2 491/223/181
f 491/223/181 52/284/2 1069/284/2
f 149/258/16 141/28/19 147/29/17
f 144/37/20 152/268/16 148/99/17
f 144/37/20 486/202/16 152/268/16
f 144/37/20 156/281/16 486/202/16
f 144/37/20 1065/651/16 156/281/16
f 144/37/20 1066/652/16 1065/651/16
f 144/37/20 157/282/16 1066/652/16
f 144/37/20 488/209/17 157/282/16
f 144/37/20 149/258/16 488/209/17
f 144/37/20 141/28/19 149/258/16
f 145/35/16 142/23/17 143/33/17
f 150/261/17 146/30/17 142/23/17
f 490/216/17 150/261/17 142/23/17
f 145/35/16 490/216/17 142/23/17
f 145/35/16 158/283/16 490/216/17
f 1067/653/16 158/283/16 145/35/16
f 1068/654/16 1067/653/16 145/35/16
f 154/284/16 1068/654/16 145/35/16
f 492/223/17 154/284/16 145/35/16
f 145/35/16 151/263/17 492/223/17
f 184/394/1 625/305/152 626/305/152
f 1087/394/1 78/394/1 625/305/152
f 1088/394/1 1087/394/1 625/305/152
f 625/305/152 184/394/1 1088/394/1
f 628/312/238 1086/395/1 187/395/1
f 628/312/238 1083/395/1 1086/395/1
f 628/312/238 81/395/1 1083/395/1
f 628/312/238 627/312/238 81/395/1
f 1084/396/2 188/396/2 1085/396/2
f 1084/396/2 630/319/246 188/396/2
f 629/319/246 1084/396/2 82/396/2
f 629/319/246 630/319/246 1084/396/2
f 631/326/181 186/397/2 632/326/181
f 1082/397/2 186/397/2 631/326/181
f 1081/397/2 1082/397/2 631/326/181
f 631/326/181 80/397/2 1081/397/2
f 182/361/16 171/46/22 178/47/17
f 174/62/20 180/376/16 177/61/17
f 174/62/20 626/305/16 180/376/16
f 174/62/20 184/394/16 626/305/16
f 174/62/20 1077/655/16 184/394/16
f 174/62/20 1078/656/16 1077/655/16
f 174/62/20 187/395/16 1078/656/16
f 174/62/20 628/312/16 187/395/16
f 174/62/20 182/361/16 628/312/16
f 174/62/20 171/46/22 182/361/16
f 175/60/17 172/41/16 173/51/17
f 181/369/17 176/48/17 172/41/16
f 630/319/17 181/369/17 172/41/16
f 188/396/16 630/319/17 172/41/16
f 1079/657/16 188/396/16 172/41/16
f 1080/658/16 1079/657/16 172/41/16
f 186/397/16 1080/658/16 172/41/16
f 632/326/17 186/397/16 172/41/16
f 179/370/17 632/326/17 172/41/16
f 172/41/16 175/60/17 179/370/17
f 12/76/410 25/86/148 24/66/148
f 12/76/410 361/660/149 25/86/148
f 12/76/410 362/114/149 361/660/149
f 12/76/410 27/72/151 362/114/149
f 12/76/410 31/73/411 27/72/151
f 12/76/410 1090/659/409 31/73/411
f 33/27/148 501/230/149 43/28/149
f 33/27/148 502/243/148 501/230/149
f 33/27/148 46/37/148 502/243/148
f 33/27/148 57/38/148 46/37/148
f 33/27/148 1091/661/412 57/38/148
f 33/27/148 1089/662/413 1091/661/412
f 1092/664/412 69/46/148 59/45/148
f 1092/664/412 641/333/148 69/46/148
f 1092/664/412 642/346/148 641/333/148
f 1092/664/412 72/83/148 642/346/148
f 1092/664/412 88/82/148 72/83/148
f 1092/664/412 1093/663/412 88/82/148
f 1094/665/409 100/79/148 87/80/148
f 1094/665/409 781/446/148 100/79/148
f 1094/665/409 782/459/148 781/446/148
f 1094/665/409 101/78/148 782/459/148
f 1094/665/409 23/77/148 101/78/148
f 1094/665/409 9/14/410 23/77/148
f 1094/671/409 19/13/15 9/14/410
f 1094/671/409 20/16/15 19/13/15
f 1093/670/412 20/16/15 1094/671/409
f 1092/669/412 20/16/15 1093/670/412
f 1091/668/412 20/16/15 1092/669/412
f 1089/667/413 20/16/15 1091/668/412
f 1090/666/409 20/16/15 1089/667/413
f 1090/666/409 12/15/410 20/16/15
f 1116/673/1 1114/4/1 1118/672/1
f 1116/673/1 1113/14/1 1114/4/1
f 1186/14/2 1190/672/2 1187/4/2
f 1186/14/2 1188/673/2 1190/672/2
f 1117/675/415 1098/7/3 1119/674/414
f 1117/675/415 1095/2/3 1098/7/3
f 1112/3/417 1133/677/419 1115/15/418
f 1112/3/417 1132/676/416 1133/677/419
f 1132/676/416 1131/678/420 1133/677/419
f 1132/676/416 1130/679/421 1131/678/420
f 1202/681/422 1189/673/40 1203/680/40
f 1136/685/426 1132/683/424 1137/682/423
f 1136/685/426 1130/684/425 1132/683/424
f 1137/682/423 1112/14/428 1138/686/427
f 1137/682/423 1132/683/424 1112/14/428
f 1203/680/40 1199/688/40 1201/687/40
f 1200/691/430 1195/690/40 1196/689/429
f 1101/693/432 1143/694/42 1096/6/42
f 1101/693/432 1144/692/431 1143/694/42
f 1144/692/431 1116/675/433 1143/694/42
f 1144/692/431 1141/695/434 1116/675/433
f 1096/6/1 1118/672/1 1097/1/1
f 1143/696/1 1116/673/1 1118/672/1
f 1118/672/1 1096/6/1 1143/696/1
f 1188/673/2 1106/1/2 1190/672/2
f 1210/696/2 1105/6/2 1106/1/2
f 1106/1/2 1188/673/2 1210/696/2
f 1212/700/40 1108/698/40 1109/697/40
f 1212/700/40 1213/699/40 1108/698/40
f 1213/699/40 1203/680/40 1189/673/40
f 1212/700/40 1205/701/40 1199/688/40
f 1212/700/40 1199/688/40 1203/680/40
f 1203/680/40 1213/699/40 1212/700/40
f 1213/699/40 1189/673/40 1104/2/40
f 1104/2/40 1108/698/40 1213/699/40
f 1212/700/40 1109/697/40 1204/702/40
f 1204/702/40 1205/701/40 1212/700/40
f 1102/704/438 1140/701/436 1145/703/435
f 1102/704/438 1099/702/437 1140/701/436
f 1205/701/40 1214/704/40 1215/703/40
f 1205/701/40 1204/702/40 1214/704/40
f 1145/703/435 1140/701/436 1147/705/439
f 1217/705/440 1205/701/40 1215/703/40
f 1216/706/441 1195/690/40 1200/691/430
f 1216/706/441 1217/705/440 1195/690/40
f 1201/687/40 1199/688/40 1205/701/40
f 1216/706/441 1201/687/40 1205/701/40
f 1205/701/40 1217/705/440 1216/706/441
f 1142/707/442 1141/695/434 1144/692/431
f 1211/692/40 1206/695/443 1208/707/40
f 1208/707/40 1209/693/40 1211/692/40
f 1208/707/40 1207/708/40 1209/693/40
f 1142/707/442 1121/709/444 1141/695/434
f 1142/707/442 1124/710/445 1121/709/444
f 1192/709/447 1208/707/40 1206/695/443
f 1192/709/447 1194/710/446 1208/707/40
f 1194/710/446 1215/703/40 1208/707/40
f 1196/689/429 1215/703/40 1194/710/446
f 1195/690/40 1215/703/40 1196/689/429
f 1195/690/40 1217/705/440 1215/703/40
f 1141/695/434 1121/709/444 1122/711/448
f 1134/713/450 1119/674/414 1148/712/449
f 1134/713/450 1117/675/415 1119/674/414
f 1115/76/40 1150/100/40 1149/100/40
f 1115/76/40 1133/677/40 1150/100/40
f 1133/677/40 1152/100/40 1151/100/40
f 1133/677/40 1131/678/40 1152/100/40
f 1131/678/40 1154/100/40 1153/100/40
f 1131/678/40 1148/712/40 1154/100/40
f 1148/712/40 1156/100/440 1155/100/40
f 1148/712/40 1119/674/40 1156/100/440
f 1119/674/40 1103/100/440 1157/100/40
f 1119/674/40 1098/7/40 1103/100/440
f 1146/715/451 1112/14/428 1160/714/451
f 1146/715/451 1138/686/427 1112/14/428
f 1159/718/148 1114/54/148 1113/719/148
f 1163/716/148 1158/720/148 1114/54/148
f 1164/717/148 1163/716/148 1114/54/148
f 1114/54/148 1159/718/148 1164/717/148
f 1174/726/452 1173/722/148 1175/721/452
f 1174/726/452 1168/723/148 1173/722/148
f 1174/726/452 1166/724/148 1168/723/148
f 1174/726/452 1171/725/148 1166/724/148
f 1172/728/453 1164/717/148 1159/718/148
f 1175/727/452 1173/722/148 1164/717/148
f 1164/717/148 1172/728/453 1175/727/452
f 1230/722/16 1186/718/16 1222/717/16
f 1232/727/16 1229/728/16 1186/718/16
f 1186/718/16 1230/722/16 1232/727/16
f 1177/730/148 1180/732/148 1167/731/148
f 1177/730/148 1181/729/148 1180/732/148
f 1238/729/16 1225/731/16 1237/732/16
f 1238/729/16 1234/730/16 1225/731/16
f 1181/729/148 1178/733/148 1180/732/148
f 1181/729/148 1176/734/148 1178/733/148
f 1233/734/16 1237/732/16 1235/733/16
f 1233/734/16 1238/729/16 1237/732/16
f 1177/730/148 1176/734/148 1181/729/148
f 1177/730/148 1161/735/148 1176/734/148
f 1177/730/148 1162/736/148 1161/735/148
f 1238/729/16 1220/736/16 1234/730/16
f 1219/735/16 1238/729/16 1233/734/16
f 1219/735/16 1220/736/16 1238/729/16
f 1167/731/148 1182/738/148 1169/737/148
f 1167/731/148 1180/732/148 1182/738/148
f 1237/732/16 1227/737/16 1239/738/16
f 1237/732/16 1225/731/16 1227/737/16
f 1180/732/148 1179/739/148 1182/738/148
f 1180/732/148 1178/733/148 1179/739/148
f 1235/733/16 1239/738/16 1236/739/16
f 1235/733/16 1237/732/16 1239/738/16
f 1183/741/148 1182/738/148 1184/740/149
f 1183/741/148 1169/737/148 1182/738/148
f 1241/740/17 1227/737/16 1240/741/16
f 1241/740/17 1239/738/16 1227/737/16
f 1183/741/148 1158/720/148 1163/716/148
f 1184/740/149 1185/742/148 1158/720/148
f 1158/720/148 1183/741/148 1184/740/149
f 1242/742/16 1221/716/16 1218/720/16
f 1241/740/17 1240/741/16 1221/716/16
f 1221/716/16 1242/742/16 1241/740/17
f 1184/740/149 1179/739/148 1185/742/148
f 1184/740/149 1182/738/148 1179/739/148
f 1242/742/16 1239/738/16 1241/740/17
f 1242/742/16 1236/739/16 1239/738/16
f 1209/693/42 1206/695/42 1211/692/42
f 1105/6/42 1206/695/42 1209/693/42
f 1210/696/42 1188/675/42 1206/695/42
f 1206/695/42 1105/6/42 1210/696/42
f 1126/745/456 1129/744/455 1243/743/454
f 1226/723/16 1232/721/16 1230/722/16
f 1226/723/16 1244/746/16 1232/721/16
f 1226/723/16 1224/724/16 1244/746/16
f 1224/724/16 1231/726/17 1244/746/16
f 1224/724/16 1228/725/16 1231/726/17
f 1244/746/16 1229/728/16 1232/727/16
f 1244/746/16 1191/747/16 1229/728/16
f 1244/746/16 1193/748/16 1191/747/16
f 1244/746/16 1197/744/16 1193/748/16
f 1197/744/458 1200/691/430 1196/689/429
f 1197/744/458 1139/749/457 1200/691/430
f 1246/750/148 1174/726/452 1170/751/459
f 1246/750/148 1171/725/148 1174/726/452
f 1246/750/148 1165/752/148 1171/725/148
f 1165/752/148 1161/735/148 1162/736/148
f 1165/752/148 1115/15/418 1161/735/148
f 1112/3/417 1246/750/148 1160/714/148
f 1112/3/417 1165/752/148 1246/750/148
f 1112/3/417 1115/15/418 1165/752/148
f 1202/713/462 1247/100/460 1248/100/460
f 1202/713/462 1198/684/461 1247/100/460
f 1104/2/1 1249/100/463 1111/100/1
f 1104/2/1 1189/675/5 1249/100/463
f 1189/675/5 1251/100/464 1250/100/464
f 1189/675/5 1202/713/462 1251/100/464
f 1223/752/16 1231/726/17 1228/725/16
f 1223/752/16 1252/753/16 1231/726/17
f 1231/726/17 1197/744/16 1244/746/16
f 1231/726/17 1139/749/16 1197/744/16
f 1231/726/17 1253/754/16 1139/749/16
f 1231/726/17 1245/755/16 1253/754/16
f 1231/726/17 1252/753/16 1245/755/16
f 1254/100/465 1256/756/467 1255/100/466
f 1254/100/465 1198/684/461 1256/756/467
f 1256/756/467 1257/100/470 1258/100/469
f 1256/756/467 1259/757/468 1257/100/470
f 1260/100/16 1220/736/16 1219/735/16
f 1260/100/16 1223/752/16 1220/736/16
f 1260/100/16 1252/753/16 1223/752/16
f 1260/100/16 1245/755/16 1252/753/16
f 1260/100/16 1259/757/468 1245/755/16
f 1202/681/422 1203/680/40 1201/687/40
f 1245/755/473 1259/757/472 1256/756/471
f 1256/756/471 1198/684/474 1202/681/422
f 1202/681/422 1201/687/40 1216/706/441
f 1216/706/441 1245/755/473 1256/756/471
f 1256/756/471 1202/681/422 1216/706/441
f 1261/736/476 1165/752/475 1162/736/475
f 1261/736/476 1264/752/476 1165/752/475
f 1166/724/40 1267/723/40 1168/723/40
f 1166/724/40 1265/724/40 1267/723/40
f 1268/737/42 1167/731/42 1169/737/42
f 1268/737/42 1266/731/42 1167/731/42
f 1171/725/40 1265/724/40 1166/724/40
f 1171/725/40 1269/725/40 1265/724/40
f 1165/752/40 1269/725/40 1171/725/40
f 1165/752/40 1264/752/40 1269/725/40
f 1271/730/42 1162/736/42 1177/730/42
f 1271/730/42 1261/736/42 1162/736/42
f 1266/731/42 1177/730/42 1167/731/42
f 1266/731/42 1271/730/42 1177/730/42
f 1272/741/42 1169/737/42 1183/741/42
f 1272/741/42 1268/737/42 1169/737/42
f 1262/716/42 1183/741/42 1163/716/42
f 1262/716/42 1272/741/42 1183/741/42
f 1164/717/2 1262/716/2 1163/716/2
f 1164/717/2 1263/717/2 1262/716/2
f 1173/722/40 1263/717/40 1164/717/40
f 1173/722/40 1270/722/40 1263/717/40
f 1168/723/40 1270/722/40 1173/722/40
f 1168/723/40 1267/723/40 1270/722/40
f 1223/752/1 1273/736/477 1220/736/1
f 1223/752/1 1276/752/477 1273/736/477
f 1279/723/40 1224/724/40 1226/723/40
f 1279/723/40 1277/724/40 1224/724/40
f 1225/731/42 1280/737/42 1227/737/42
f 1225/731/42 1278/731/42 1280/737/42
f 1281/725/440 1223/752/40 1228/725/40
f 1281/725/440 1276/752/40 1223/752/40
f 1277/724/40 1228/725/40 1224/724/40
f 1277/724/40 1281/725/440 1228/725/40
f 1234/730/42 1278/731/42 1225/731/42
f 1234/730/42 1283/730/42 1278/731/42
f 1220/736/42 1283/730/42 1234/730/42
f 1220/736/42 1273/736/42 1283/730/42
f 1282/722/40 1226/723/40 1230/722/40
f 1282/722/40 1279/723/40 1226/723/40
f 1275/717/40 1230/722/40 1222/717/40
f 1275/717/40 1282/722/40 1230/722/40
f 1274/716/2 1222/717/2 1221/716/2
f 1274/716/2 1275/717/2 1222/717/2
f 1240/741/42 1274/716/42 1221/716/42
f 1240/741/42 1284/741/42 1274/716/42
f 1227/737/42 1284/741/42 1240/741/42
f 1227/737/42 1280/737/42 1284/741/42
f 1263/717/2 1274/716/2 1262/716/2
f 1263/717/2 1275/717/2 1274/716/2
f 1270/722/40 1275/717/40 1263/717/40
f 1270/722/40 1282/722/40 1275/717/40
f 1267/723/40 1282/722/40 1270/722/40
f 1267/723/40 1279/723/40 1282/722/40
f 1265/724/40 1279/723/40 1267/723/40
f 1265/724/40 1277/724/40 1279/723/40
f 1265/724/40 1281/725/440 1277/724/40
f 1265/724/40 1269/725/40 1281/725/440
f 1264/752/40 1281/725/440 1269/725/40
f 1264/752/40 1276/752/40 1281/725/440
f 1276/752/477 1261/736/476 1273/736/477
f 1276/752/477 1264/752/476 1261/736/476
f 1273/736/42 1271/730/42 1283/730/42
f 1273/736/42 1261/736/42 1271/730/42
f 1283/730/42 1266/731/42 1278/731/42
f 1283/730/42 1271/730/42 1266/731/42
f 1278/731/42 1268/737/42 1280/737/42
f 1278/731/42 1266/731/42 1268/737/42
f 1280/737/42 1272/741/42 1284/741/42
f 1280/737/42 1268/737/42 1272/741/42
f 1284/741/42 1262/716/42 1274/716/42
f 1284/741/42 1272/741/42 1262/716/42
f 1172/728/453 1174/726/452 1175/721/452
f 1126/758/456 1170/751/459 1174/726/452
f 1172/728/453 1126/758/456 1174/726/452
f 1172/728/453 1129/759/455 1126/758/456
f 1172/728/453 1285/760/478 1129/759/455
f 1120/762/480 1285/760/478 1172/728/453
f 1120/762/480 1123/761/479 1285/760/478
f 1145/703/435 1124/710/445 1142/707/442
f 1145/703/435 1286/763/481 1124/710/445
f 1145/703/435 1128/689/481 1286/763/481
f 1145/703/435 1127/690/481 1128/689/481
f 1145/703/435 1147/705/439 1127/690/481
f 1124/710/445 1122/711/448 1121/709/444
f 1287/765/483 1122/711/448 1124/710/445
f 1287/765/483 1125/764/482 1122/711/448
f 1125/764/482 1120/747/484 1122/711/448
f 1288/766/486 1120/747/484 1125/764/482
f 1288/766/486 1123/748/485 1120/747/484
f 1100/708/488 1144/692/431 1101/693/432
f 1289/767/487 1142/707/442 1144/692/431
f 1290/768/487 1289/767/487 1144/692/431
f 1291/769/487 1290/768/487 1144/692/431
f 1292/770/487 1291/769/487 1144/692/431
f 1144/692/431 1100/708/488 1292/770/487
f 1309/772/491 1299/771/489 1298/771/492
f 1309/772/491 1310/772/490 1299/771/489
f 1311/773/494 1310/772/490 1309/772/491
f 1311/773/494 1312/773/493 1310/772/490
f 1296/774/495 1311/773/494 1293/774/496
f 1296/774/495 1312/773/493 1311/773/494
f 1313/776/499 1303/775/497 1302/775/500
f 1313/776/499 1314/776/498 1303/775/497
f 1315/777/502 1314/776/498 1313/776/499
f 1315/777/502 1316/777/501 1314/776/498
f 1297/778/504 1316/777/501 1315/777/502
f 1297/778/504 1300/778/503 1316/777/501
f 1318/780/506 1306/779/508 1317/780/507
f 1318/780/506 1307/779/505 1306/779/508
f 1320/781/509 1317/780/507 1319/781/510
f 1320/781/509 1318/780/506 1317/780/507
f 1301/782/512 1320/781/509 1319/781/510
f 1301/782/512 1304/782/511 1320/781/509
f 1308/783/516 1322/784/514 1305/783/513
f 1308/783/516 1321/785/515 1322/784/514
f 1321/785/515 1324/786/517 1322/784/514
f 1321/785/515 1323/787/518 1324/786/517
f 1323/787/518 1294/788/519 1324/786/517
f 1323/787/518 1295/788/520 1294/788/519
f 1295/788/520 1293/774/496 1294/788/519
f 1295/788/520 1296/774/495 1293/774/496
f 1298/771/492 1300/778/503 1297/778/504
f 1298/771/492 1299/771/489 1300/778/503
f 1302/775/500 1304/782/511 1301/782/512
f 1302/775/500 1303/775/497 1304/782/511
f 1307/779/505 1305/783/513 1306/779/508
f 1307/779/505 1308/783/516 1305/783/513
f 1322/799/526 1306/789/521 1305/783/526
f 1324/798/522 1306/789/521 1322/799/526
f 1294/788/525 1306/789/521 1324/798/522
f 1293/797/526 1306/789/521 1294/788/525
f 1293/797/526 1317/790/522 1306/789/521
f 1293/797/526 1319/791/521 1317/790/522
f 1311/796/527 1319/791/521 1293/797/526
f 1311/796/527 1301/782/523 1319/791/521
f 1309/795/526 1301/782/523 1311/796/527
f 1309/795/526 1302/792/523 1301/782/523
f 1298/771/523 1302/792/523 1309/795/526
f 1297/778/525 1302/792/523 1298/771/523
f 1297/778/525 1313/793/524 1302/792/523
f 1297/778/525 1315/794/523 1313/793/524
f 1215/703/529 1142/707/528 1208/707/528
f 1215/703/529 1145/703/528 1142/707/528
f 1142/707/531 1107/708/531 1208/707/532
f 1292/770/531 1100/708/530 1107/708/531
f 1289/767/531 1292/770/531 1107/708/531
f 1290/768/531 1292/770/531 1289/767/531
f 1290/768/531 1291/769/531 1292/770/531
f 1107/708/531 1142/707/531 1289/767/531
f 1110/704/536 1145/703/534 1215/703/533
f 1110/704/536 1102/704/535 1145/703/534
f 1135/800/537 1130/684/425 1136/685/426
f 1135/800/537 1325/801/538 1130/684/425
f 1130/679/421 1148/712/449 1131/678/420
f 1325/802/539 1134/713/450 1148/712/449
f 1148/712/449 1130/679/421 1325/802/539
f 1141/695/434 1326/804/541 1327/803/540
f 1141/695/434 1122/711/448 1326/804/541
f 1141/695/434 1328/806/542 1116/805/433
f 1141/695/434 1327/803/540 1328/806/542
f 1328/806/542 1113/807/543 1116/805/433
f 1328/806/542 1329/808/544 1113/807/543
f 1330/809/546 1159/718/545 1113/807/543
f 1113/807/543 1329/808/544 1330/809/546
f 1331/810/548 1159/718/545 1330/809/546
f 1331/810/548 1172/728/547 1159/718/545
f 1332/812/549 1172/728/547 1331/810/548
f 1332/812/549 1120/811/484 1172/728/547
f 1122/711/448 1332/812/549 1326/804/541
f 1122/711/448 1120/811/484 1332/812/549
f 1333/813/407 974/539/148 906/540/550
f 1333/813/407 972/538/148 974/539/148
f 31/73/411 972/538/148 1333/813/407
f 31/73/411 970/537/148 972/538/148
f 31/73/411 968/536/148 970/537/148
f 31/73/411 966/535/148 968/536/148
f 31/73/411 908/534/148 966/535/148
f 324/70/40 1337/814/40 98/70/40
f 321/71/40 1337/814/40 324/70/40
f 321/71/40 1335/815/40 1337/814/40
f 321/71/40 1334/816/40 1335/815/40
f 321/71/40 95/71/40 1334/816/40
f 1338/818/552 229/75/41 39/75/39
f 1338/818/552 231/74/82 229/75/41
f 1336/817/552 231/74/82 1338/818/552
f 1336/817/552 41/74/551 231/74/82
f 368/174/150 32/22/407 28/21/151
f 368/174/150 39/75/553 32/22/407
f 98/70/553 39/75/553 368/174/150
f 98/70/553 1338/818/553 39/75/553
f 1337/814/553 1338/818/553 98/70/553
f 1335/815/553 1338/818/553 1337/814/553
f 1335/815/553 1336/817/553 1338/818/553
f 1334/816/553 1336/817/553 1335/815/553
f 906/540/550 41/74/553 1336/817/553
f 905/540/553 41/74/553 906/540/550
f 905/540/553 231/74/553 41/74/553
f 1334/816/553 906/540/550 1336/817/553
f 95/71/553 906/540/550 1334/816/553
f 95/71/553 1333/813/407 906/540/550
f 364/108/150 1333/813/407 95/71/553
f 364/108/150 31/73/411 1333/813/407
f 364/108/150 27/72/151 31/73/411
f 1186/719/24 1221/716/24 1222/717/24
f 1186/719/24 1218/720/24 1221/716/24
f 1186/719/24 1187/54/24 1218/720/24
f 1188/805/555 1192/709/447 1206/695/443
f 1229/728/556 1188/805/555 1186/807/554
f 1229/728/556 1192/709/447 1188/805/555
f 1229/728/556 1194/710/446 1192/709/447
f 1229/728/556 1196/689/429 1194/710/446
f 1191/747/557 1196/689/429 1229/728/556
f 1193/748/556 1196/689/429 1191/747/557
f 1193/748/556 1197/744/458 1196/689/429
f 1341/4/1 2/2/1 1340/3/1
f 1341/4/1 3/1/1 2/2/1
f 6/2/3 1439/4/2 1438/3/2
f 6/2/3 7/1/2 1439/4/2
f 4/7/3 1343/5/558 1/6/3
f 4/7/3 1344/8/558 1343/5/558
f 1442/8/560 5/6/6 1441/5/559
f 1442/8/560 8/7/1 5/6/6
f 1344/8/558 1345/9/561 1343/5/558
f 1344/8/558 1346/10/561 1345/9/561
f 1444/10/562 1441/5/559 1443/9/562
f 1444/10/562 1442/8/560 1441/5/559
f 1346/10/561 1347/11/563 1345/9/561
f 1346/10/561 1348/12/563 1347/11/563
f 1446/12/564 1443/9/562 1445/11/564
f 1446/12/564 1444/10/562 1443/9/562
f 1440/15/566 1447/13/567 1437/14/566
f 1440/15/566 1448/16/565 1447/13/567
f 1348/12/563 1349/13/568 1347/11/563
f 1348/12/563 1350/16/568 1349/13/568
f 1448/16/565 1445/11/564 1447/13/567
f 1448/16/565 1446/12/564 1445/11/564
f 1450/19/148 1464/17/148 1458/18/148
f 1456/21/149 1460/22/148 1464/17/148
f 1454/20/149 1456/21/149 1464/17/148
f 1464/17/148 1450/19/148 1454/20/149
f 1468/25/148 1472/23/149 1462/24/148
f 1468/25/148 1476/30/149 1472/23/149
f 1470/26/148 1476/30/149 1468/25/148
f 1470/26/148 1477/29/149 1476/30/149
f 1461/27/570 1477/29/149 1470/26/148
f 1461/27/570 1471/28/569 1477/29/149
f 1462/24/148 1494/31/148 1465/32/148
f 1473/33/149 1490/34/148 1494/31/148
f 1472/23/149 1473/33/149 1494/31/148
f 1494/31/148 1462/24/148 1472/23/149
f 1475/35/148 1490/34/148 1473/33/149
f 1475/35/148 1497/40/148 1490/34/148
f 1475/35/148 1498/39/148 1497/40/148
f 1478/36/149 1498/39/148 1475/35/148
f 1478/36/149 1489/38/571 1498/39/148
f 1478/36/149 1474/37/572 1489/38/571
f 1499/43/148 1502/41/148 1492/42/148
f 1499/43/148 1506/48/149 1502/41/148
f 1500/44/148 1506/48/149 1499/43/148
f 1500/44/148 1508/47/149 1506/48/149
f 1491/45/571 1508/47/149 1500/44/148
f 1491/45/571 1501/46/573 1508/47/149
f 1492/42/148 1519/49/148 1493/50/148
f 1503/51/149 1520/52/148 1519/49/148
f 1502/41/148 1503/51/149 1519/49/148
f 1519/49/148 1492/42/148 1502/41/148
f 1464/17/148 1439/54/24 1458/18/148
f 1464/17/148 1438/3/148 1439/54/24
f 1521/59/574 1457/53/575 1438/3/148
f 1438/3/148 1526/58/148 1521/59/574
f 1438/3/148 1519/49/148 1526/58/148
f 1438/3/148 1493/50/148 1519/49/148
f 1438/3/148 1495/57/148 1493/50/148
f 1438/3/148 1494/56/148 1495/57/148
f 1438/3/148 1465/32/148 1494/56/148
f 1438/3/148 1466/55/148 1465/32/148
f 1438/3/148 1464/17/148 1466/55/148
f 1505/60/149 1520/52/148 1503/51/149
f 1505/60/149 1527/65/149 1520/52/148
f 1505/60/149 1529/64/148 1527/65/149
f 1507/61/149 1529/64/148 1505/60/149
f 1507/61/149 1524/63/571 1529/64/148
f 1507/61/149 1504/62/572 1524/63/571
f 1452/66/576 1454/20/149 1450/19/148
f 1452/66/576 1533/69/148 1454/20/149
f 1452/66/576 1532/68/148 1533/69/148
f 1452/66/576 1453/67/569 1532/68/148
f 1534/70/148 1460/22/148 1456/21/149
f 1534/70/148 1467/75/148 1460/22/148
f 1534/70/148 1469/74/148 1467/75/148
f 1531/71/148 1469/74/148 1534/70/148
f 1531/71/148 1459/73/577 1469/74/148
f 1531/71/148 1455/72/578 1459/73/577
f 1541/78/581 1437/14/566 1451/77/582
f 1541/78/581 1440/76/566 1437/14/566
f 1540/79/572 1440/76/566 1541/78/581
f 1523/80/580 1440/76/566 1540/79/572
f 1525/81/579 1440/76/566 1523/80/580
f 1524/82/571 1440/76/566 1525/81/579
f 1504/83/572 1440/76/566 1524/82/571
f 1501/46/573 1440/76/566 1504/83/572
f 1491/45/571 1440/76/566 1501/46/573
f 1496/84/579 1440/76/566 1491/45/571
f 1489/38/571 1440/76/566 1496/84/579
f 1474/37/572 1440/76/566 1489/38/571
f 1471/28/569 1440/76/566 1474/37/572
f 1461/27/570 1440/76/566 1471/28/569
f 1463/85/579 1440/76/566 1461/27/570
f 1459/73/577 1440/76/566 1463/85/579
f 1455/72/578 1440/76/566 1459/73/577
f 1453/86/569 1440/76/566 1455/72/578
f 1453/86/569 1452/66/576 1440/76/566
f 1457/53/575 1542/89/584 1449/90/583
f 1521/59/574 1542/89/584 1457/53/575
f 1521/59/574 1539/88/585 1542/89/584
f 1521/59/574 1522/87/586 1539/88/585
f 1528/91/149 1539/88/585 1522/87/586
f 1528/91/149 1544/94/149 1539/88/585
f 1530/92/148 1544/94/149 1528/91/149
f 1530/92/148 1545/93/149 1544/94/149
f 1523/80/580 1545/93/149 1530/92/148
f 1523/80/580 1540/79/572 1545/93/149
f 1543/96/588 1449/90/583 1542/95/584
f 1543/96/588 1451/77/582 1449/90/583
f 1546/97/587 1451/77/582 1543/96/588
f 1546/97/587 1541/78/581 1451/77/582
f 1559/75/589 1362/22/40 1552/22/40
f 1559/75/589 1369/75/590 1362/22/40
f 1370/25/42 1562/26/42 1560/25/42
f 1370/25/42 1372/26/42 1562/26/42
f 1364/24/42 1560/25/42 1554/24/42
f 1364/24/42 1370/25/42 1560/25/42
f 1572/39/40 1395/40/40 1571/40/40
f 1572/39/40 1396/39/40 1395/40/40
f 1571/40/40 1388/34/40 1564/34/40
f 1571/40/40 1395/40/40 1388/34/40
f 1397/43/42 1574/44/42 1573/43/42
f 1397/43/42 1398/44/42 1574/44/42
f 1390/42/42 1573/43/42 1566/42/591
f 1390/42/42 1397/43/42 1573/43/42
f 1585/64/40 1421/65/40 1583/65/40
f 1585/64/40 1423/64/40 1421/65/40
f 1583/65/40 1414/52/40 1576/52/40
f 1583/65/40 1421/65/40 1414/52/40
f 1422/91/42 1586/92/42 1584/91/42
f 1422/91/42 1424/92/42 1586/92/42
f 1416/87/42 1584/91/42 1578/87/42
f 1416/87/42 1422/91/42 1584/91/42
f 1465/32/45 1594/55/593 1593/32/592
f 1465/32/45 1466/55/46 1594/55/593
f 1590/24/42 1465/32/42 1593/32/42
f 1590/24/42 1462/24/42 1465/32/42
f 1464/17/40 1588/22/40 1592/17/40
f 1464/17/40 1460/22/40 1588/22/40
f 1466/55/46 1592/17/594 1594/55/593
f 1466/55/46 1464/17/49 1592/17/594
f 1467/75/51 1597/74/595 1595/75/51
f 1467/75/51 1469/74/52 1597/74/595
f 1587/73/596 1463/85/55 1591/85/597
f 1587/73/596 1459/73/54 1463/85/55
f 1469/74/52 1587/73/598 1597/74/595
f 1469/74/52 1459/73/58 1587/73/598
f 1460/22/40 1595/75/51 1588/22/40
f 1460/22/40 1467/75/51 1595/75/51
f 1598/26/42 1468/25/42 1596/25/42
f 1598/26/42 1470/26/42 1468/25/42
f 1596/25/42 1462/24/42 1590/24/42
f 1596/25/42 1468/25/42 1462/24/42
f 1589/27/42 1470/26/42 1598/26/42
f 1589/27/42 1461/27/42 1470/26/42
f 1591/85/597 1461/27/60 1589/27/599
f 1591/85/597 1463/85/55 1461/27/60
f 1493/50/62 1605/57/601 1603/50/600
f 1493/50/62 1495/57/63 1605/57/601
f 1602/42/591 1493/50/42 1603/50/602
f 1602/42/591 1492/42/42 1493/50/42
f 1494/31/40 1600/34/40 1604/31/40
f 1494/31/40 1490/34/40 1600/34/40
f 1495/57/63 1604/31/603 1605/57/601
f 1495/57/63 1494/31/67 1604/31/603
f 1497/40/40 1608/39/40 1607/40/40
f 1497/40/40 1498/39/40 1608/39/40
f 1599/38/604 1496/84/1 1606/84/605
f 1599/38/604 1489/38/1 1496/84/1
f 1498/39/40 1599/38/40 1608/39/40
f 1498/39/40 1489/38/40 1599/38/40
f 1490/34/40 1607/40/40 1600/34/40
f 1490/34/40 1497/40/40 1607/40/40
f 1610/44/42 1499/43/42 1609/43/42
f 1610/44/42 1500/44/42 1499/43/42
f 1601/45/42 1500/44/42 1610/44/42
f 1601/45/42 1491/45/42 1500/44/42
f 1606/84/605 1491/45/1 1601/45/1
f 1606/84/605 1496/84/1 1491/45/1
f 1609/43/42 1492/42/42 1602/42/591
f 1609/43/42 1499/43/42 1492/42/42
f 1519/49/40 1612/52/40 1611/49/40
f 1519/49/40 1520/52/40 1612/52/40
f 1526/58/73 1611/49/607 1618/58/606
f 1526/58/73 1519/49/74 1611/49/607
f 1521/59/77 1618/58/606 1613/59/608
f 1521/59/77 1526/58/73 1618/58/606
f 1614/87/42 1521/59/42 1613/59/42
f 1614/87/42 1522/87/42 1521/59/42
f 1527/65/40 1621/64/40 1619/65/40
f 1527/65/40 1529/64/40 1621/64/40
f 1616/63/609 1525/98/1 1617/98/610
f 1616/63/609 1524/63/1 1525/98/1
f 1529/64/40 1616/63/40 1621/64/40
f 1529/64/40 1524/63/40 1616/63/40
f 1520/52/40 1619/65/40 1612/52/40
f 1520/52/40 1527/65/40 1619/65/40
f 1622/92/42 1528/91/42 1620/91/42
f 1622/92/42 1530/92/42 1528/91/42
f 1620/91/42 1522/87/42 1614/87/42
f 1620/91/42 1528/91/42 1522/87/42
f 1615/80/42 1530/92/42 1622/92/42
f 1615/80/42 1523/80/42 1530/92/42
f 1617/98/610 1523/80/1 1615/80/611
f 1617/98/610 1525/98/1 1523/80/1
f 1584/91/42 1614/87/42 1578/87/42
f 1584/91/42 1620/91/42 1614/87/42
f 1586/92/42 1620/91/42 1584/91/42
f 1586/92/42 1622/92/42 1620/91/42
f 1619/65/40 1576/52/40 1612/52/40
f 1619/65/40 1583/65/40 1576/52/40
f 1621/64/40 1583/65/40 1619/65/40
f 1621/64/40 1585/64/40 1583/65/40
f 1607/40/40 1564/34/40 1600/34/40
f 1607/40/40 1571/40/40 1564/34/40
f 1608/39/40 1571/40/40 1607/40/40
f 1608/39/40 1572/39/40 1571/40/40
f 1573/43/42 1602/42/591 1566/42/591
f 1573/43/42 1609/43/42 1602/42/591
f 1574/44/42 1609/43/42 1573/43/42
f 1574/44/42 1610/44/42 1609/43/42
f 1560/25/42 1590/24/42 1554/24/42
f 1560/25/42 1596/25/42 1590/24/42
f 1562/26/42 1596/25/42 1560/25/42
f 1562/26/42 1598/26/42 1596/25/42
f 1597/74/595 1559/75/589 1595/75/51
f 1597/74/595 1561/74/612 1559/75/589
f 1595/75/51 1552/22/40 1588/22/40
f 1595/75/51 1559/75/589 1552/22/40
f 1625/29/42 1378/30/42 1624/30/42
f 1625/29/42 1379/29/42 1378/30/42
f 1377/35/40 1626/99/40 1623/35/40
f 1377/35/40 1380/99/40 1626/99/40
f 1640/47/42 1404/48/42 1638/48/42
f 1640/47/42 1406/47/42 1404/48/42
f 1403/60/40 1639/61/40 1637/60/40
f 1403/60/40 1405/61/40 1639/61/40
f 1652/68/42 1427/69/42 1653/69/42
f 1652/68/42 1426/68/42 1427/69/42
f 1661/93/42 1434/94/42 1660/94/42
f 1661/93/42 1435/93/42 1434/94/42
f 1433/96/40 1662/97/40 1659/96/40
f 1433/96/40 1436/97/40 1662/97/40
f 1673/100/83 1708/100/84 1707/100/84
f 1673/100/83 1674/100/83 1708/100/84
f 1707/100/84 1710/100/85 1709/100/86
f 1707/100/84 1708/100/84 1710/100/85
f 1709/100/86 1712/100/87 1711/100/87
f 1709/100/86 1710/100/85 1712/100/87
f 1711/100/87 1714/100/88 1713/100/89
f 1711/100/87 1712/100/87 1714/100/88
f 1713/100/89 1716/100/90 1715/100/91
f 1713/100/89 1714/100/88 1716/100/90
f 1715/100/91 1667/100/92 1668/100/92
f 1715/100/91 1716/100/90 1667/100/92
f 1675/100/93 1717/100/94 1678/100/93
f 1675/100/93 1718/100/94 1717/100/94
f 1718/100/94 1719/100/95 1717/100/94
f 1718/100/94 1720/100/95 1719/100/95
f 1720/100/95 1721/100/96 1719/100/95
f 1720/100/95 1722/100/96 1721/100/96
f 1721/100/96 1724/100/97 1723/100/98
f 1721/100/96 1722/100/96 1724/100/97
f 1723/100/98 1726/100/99 1725/100/99
f 1723/100/98 1724/100/97 1726/100/99
f 1725/100/99 1671/100/100 1672/100/100
f 1725/100/99 1726/100/99 1671/100/100
f 1679/100/101 1728/100/102 1727/100/102
f 1679/100/101 1680/100/101 1728/100/102
f 1727/100/102 1730/100/103 1729/100/104
f 1727/100/102 1728/100/102 1730/100/103
f 1729/100/104 1732/100/105 1731/100/105
f 1729/100/104 1730/100/103 1732/100/105
f 1732/100/105 1733/100/106 1731/100/105
f 1732/100/105 1734/100/106 1733/100/106
f 1734/100/106 1735/100/107 1733/100/106
f 1734/100/106 1736/100/107 1735/100/107
f 1736/100/107 1670/100/108 1735/100/107
f 1736/100/107 1669/100/108 1670/100/108
f 1682/100/109 1737/100/110 1681/100/109
f 1682/100/109 1738/100/110 1737/100/110
f 1738/100/110 1739/100/112 1737/100/110
f 1738/100/110 1740/100/111 1739/100/112
f 1740/100/111 1741/100/113 1739/100/112
f 1740/100/111 1742/100/113 1741/100/113
f 1742/100/113 1743/100/115 1741/100/113
f 1742/100/113 1744/100/114 1743/100/115
f 1744/100/114 1745/100/117 1743/100/115
f 1744/100/114 1746/100/116 1745/100/117
f 1746/100/116 1677/100/119 1745/100/117
f 1746/100/116 1676/100/118 1677/100/119
f 1691/101/120 1747/102/121 1690/101/120
f 1691/101/120 1748/102/121 1747/102/121
f 1748/102/121 1749/103/122 1747/102/121
f 1748/102/121 1750/103/122 1749/103/122
f 1750/103/122 1751/104/123 1749/103/122
f 1750/103/122 1752/104/123 1751/104/123
f 1751/104/123 1754/105/124 1753/105/124
f 1751/104/123 1752/104/123 1754/105/124
f 1753/105/124 1756/106/125 1755/106/125
f 1753/105/124 1754/105/124 1756/106/125
f 1755/106/125 1688/107/101 1687/107/101
f 1755/106/125 1756/106/125 1688/107/101
f 1694/108/83 1757/109/126 1693/108/83
f 1694/108/83 1758/109/126 1757/109/126
f 1758/109/126 1759/110/127 1757/109/126
f 1758/109/126 1760/110/127 1759/110/127
f 1760/110/127 1761/111/128 1759/110/127
f 1760/110/127 1762/111/128 1761/111/128
f 1762/111/128 1763/112/129 1761/111/128
f 1762/111/128 1764/112/129 1763/112/129
f 1764/112/129 1765/113/130 1763/112/129
f 1764/112/129 1766/113/130 1765/113/130
f 1766/113/130 1689/114/131 1765/113/130
f 1766/113/130 1692/114/131 1689/114/131
f 1696/115/119 1746/116/116 1767/116/116
f 1696/115/119 1676/115/118 1746/116/116
f 1767/116/116 1744/117/114 1768/117/115
f 1767/116/116 1746/116/116 1744/117/114
f 1768/117/115 1742/118/113 1769/118/113
f 1768/117/115 1744/117/114 1742/118/113
f 1769/118/113 1740/119/111 1770/119/111
f 1769/118/113 1742/118/113 1740/119/111
f 1770/119/111 1738/120/110 1771/120/110
f 1770/119/111 1740/119/111 1738/120/110
f 1771/120/110 1682/121/109 1685/121/109
f 1771/120/110 1738/120/110 1682/121/109
f 1695/122/93 1718/123/94 1675/122/93
f 1695/122/93 1772/123/94 1718/123/94
f 1772/123/94 1720/124/95 1718/123/94
f 1772/123/94 1773/124/95 1720/124/95
f 1773/124/95 1722/125/96 1720/124/95
f 1773/124/95 1774/125/96 1722/125/96
f 1722/125/96 1775/126/97 1724/126/97
f 1722/125/96 1774/125/96 1775/126/97
f 1724/126/97 1776/127/99 1726/127/99
f 1724/126/97 1775/126/97 1776/127/99
f 1726/127/99 1684/128/100 1671/128/100
f 1726/127/99 1776/127/99 1684/128/100
f 1700/129/132 1778/130/133 1777/130/133
f 1700/129/132 1701/129/132 1778/130/133
f 1777/130/133 1780/131/134 1779/131/134
f 1777/130/133 1778/130/133 1780/131/134
f 1779/131/134 1782/132/135 1781/132/135
f 1779/131/134 1780/131/134 1782/132/135
f 1782/132/135 1783/133/136 1781/132/135
f 1782/132/135 1784/133/136 1783/133/136
f 1784/133/136 1785/134/137 1783/133/136
f 1784/133/136 1786/134/137 1785/134/137
f 1786/134/137 1697/135/100 1785/134/137
f 1786/134/137 1698/135/100 1697/135/100
f 1703/136/109 1788/137/138 1787/137/138
f 1703/136/109 1704/136/109 1788/137/138
f 1787/137/138 1790/138/139 1789/138/139
f 1787/137/138 1788/137/138 1790/138/139
f 1789/138/139 1792/139/140 1791/139/140
f 1789/138/139 1790/138/139 1792/139/140
f 1791/139/140 1794/140/141 1793/140/141
f 1791/139/140 1792/139/140 1794/140/141
f 1793/140/141 1796/141/142 1795/141/142
f 1793/140/141 1794/140/141 1796/141/142
f 1795/141/142 1702/142/143 1699/142/143
f 1795/141/142 1796/141/142 1702/142/143
f 1667/143/92 1797/144/144 1706/143/145
f 1667/143/92 1716/144/90 1797/144/144
f 1716/144/90 1798/145/146 1797/144/144
f 1716/144/90 1714/145/88 1798/145/146
f 1714/145/88 1799/146/87 1798/145/146
f 1714/145/88 1712/146/87 1799/146/87
f 1712/146/87 1800/147/85 1799/146/87
f 1712/146/87 1710/147/85 1800/147/85
f 1710/147/85 1801/148/84 1800/147/85
f 1710/147/85 1708/148/84 1801/148/84
f 1708/148/84 1683/149/83 1801/148/84
f 1708/148/84 1674/149/83 1683/149/83
f 1670/150/108 1802/151/107 1735/151/107
f 1670/150/108 1705/150/108 1802/151/107
f 1735/151/107 1803/152/147 1733/152/106
f 1735/151/107 1802/151/107 1803/152/147
f 1733/152/106 1804/153/105 1731/153/105
f 1733/152/106 1803/152/147 1804/153/105
f 1804/153/105 1729/154/104 1731/153/105
f 1804/153/105 1805/154/104 1729/154/104
f 1805/154/104 1727/155/102 1729/154/104
f 1805/154/104 1806/155/102 1727/155/102
f 1806/155/102 1679/156/101 1727/155/102
f 1806/155/102 1686/156/101 1679/156/101
f 1715/100/148 1668/100/148 1535/157/148
f 1713/100/148 1715/100/148 1535/157/148
f 1711/100/148 1713/100/148 1535/157/148
f 1709/100/148 1711/100/148 1535/157/148
f 1707/100/148 1709/100/148 1535/157/148
f 1535/157/148 1673/100/148 1707/100/148
f 1728/100/148 1680/100/149 1538/158/148
f 1538/158/148 1730/100/148 1728/100/148
f 1538/158/148 1732/100/148 1730/100/148
f 1538/158/148 1734/100/148 1732/100/148
f 1538/158/148 1736/100/148 1734/100/148
f 1538/158/148 1669/100/148 1736/100/148
f 1536/159/148 1725/100/148 1672/100/148
f 1536/159/148 1723/100/148 1725/100/148
f 1536/159/148 1721/100/148 1723/100/148
f 1536/159/148 1719/100/148 1721/100/148
f 1536/159/148 1717/100/148 1719/100/148
f 1536/159/148 1678/100/149 1717/100/148
f 1737/100/148 1537/160/149 1681/100/149
f 1739/100/148 1537/160/149 1737/100/148
f 1741/100/148 1537/160/149 1739/100/148
f 1743/100/148 1537/160/149 1741/100/148
f 1745/100/148 1537/160/149 1743/100/148
f 1745/100/148 1677/100/149 1537/160/149
f 1797/161/16 1655/157/17 1706/143/16
f 1801/164/16 1683/149/17 1655/157/17
f 1655/157/17 1800/163/16 1801/164/16
f 1655/157/17 1799/162/16 1800/163/16
f 1655/157/17 1798/145/16 1799/162/16
f 1655/157/17 1797/161/16 1798/145/16
f 1776/127/16 1656/159/16 1684/128/17
f 1775/165/16 1656/159/16 1776/127/16
f 1774/125/16 1656/159/16 1775/165/16
f 1773/166/16 1656/159/16 1774/125/16
f 1772/123/16 1656/159/16 1773/166/16
f 1772/123/16 1695/122/17 1656/159/16
f 1657/160/17 1771/120/16 1685/121/17
f 1657/160/17 1770/119/16 1771/120/16
f 1657/160/17 1769/118/16 1770/119/16
f 1657/160/17 1768/117/16 1769/118/16
f 1657/160/17 1767/116/16 1768/117/16
f 1657/160/17 1696/115/17 1767/116/16
f 1802/170/16 1705/150/16 1658/158/16
f 1803/152/16 1802/170/16 1658/158/16
f 1804/169/16 1803/152/16 1658/158/16
f 1805/168/16 1804/169/16 1658/158/16
f 1806/167/16 1805/168/16 1658/158/16
f 1658/158/16 1686/156/17 1806/167/16
f 1756/106/16 1355/86/16 1688/107/16
f 1754/171/16 1355/86/16 1756/106/16
f 1752/104/16 1355/86/16 1754/171/16
f 1750/103/16 1355/86/16 1752/104/16
f 1748/172/16 1355/86/16 1750/103/16
f 1748/172/16 1691/101/17 1355/86/16
f 1357/72/613 1758/109/16 1694/108/614
f 1357/72/613 1760/110/16 1758/109/16
f 1357/72/613 1762/111/16 1760/110/16
f 1357/72/613 1764/112/16 1762/111/16
f 1357/72/613 1766/173/16 1764/112/16
f 1357/72/613 1692/114/17 1766/173/16
f 1778/130/16 1701/129/16 1358/21/613
f 1780/131/16 1778/130/16 1358/21/613
f 1782/176/16 1780/131/16 1358/21/613
f 1784/133/16 1782/176/16 1358/21/613
f 1786/175/16 1784/133/16 1358/21/613
f 1358/21/613 1698/174/614 1786/175/16
f 1788/181/16 1704/136/16 1356/20/16
f 1356/20/16 1790/180/16 1788/181/16
f 1356/20/16 1792/179/16 1790/180/16
f 1356/20/16 1794/178/16 1792/179/16
f 1356/20/16 1796/177/16 1794/178/16
f 1356/20/16 1702/142/16 1796/177/16
f 1668/100/92 1670/100/108 1669/100/108
f 1668/100/92 1667/100/92 1670/100/108
f 1672/100/100 1674/100/83 1673/100/83
f 1672/100/100 1671/100/100 1674/100/83
f 1675/100/93 1677/100/119 1676/100/118
f 1675/100/93 1678/100/93 1677/100/119
f 1682/100/109 1680/100/101 1679/100/101
f 1682/100/109 1681/100/109 1680/100/101
f 1674/149/83 1684/128/100 1683/149/83
f 1674/149/83 1671/128/100 1684/128/100
f 1685/121/109 1679/156/101 1686/156/101
f 1685/121/109 1682/121/109 1679/156/101
f 1687/107/101 1426/68/42 1652/68/42
f 1687/107/101 1688/107/101 1426/68/42
f 1692/114/131 1690/101/120 1689/114/131
f 1692/114/131 1691/101/120 1690/101/120
f 1425/71/40 1693/108/83 1651/71/40
f 1425/71/40 1694/108/83 1693/108/83
f 1695/122/93 1676/115/118 1696/115/119
f 1695/122/93 1675/122/93 1676/115/118
f 1698/135/100 1654/70/40 1697/135/100
f 1698/135/100 1428/70/40 1654/70/40
f 1699/142/143 1701/129/132 1700/129/132
f 1699/142/143 1702/142/143 1701/129/132
f 1653/69/42 1704/136/109 1703/136/109
f 1653/69/42 1427/69/42 1704/136/109
f 1670/150/108 1706/143/145 1705/150/108
f 1670/150/108 1667/143/92 1706/143/145
f 1704/136/16 1352/19/16 1356/20/16
f 1704/136/16 1354/66/16 1352/19/16
f 1427/69/16 1354/66/16 1704/136/16
f 1426/68/16 1354/66/16 1427/69/16
f 1688/107/16 1354/66/16 1426/68/16
f 1688/107/16 1355/67/16 1354/66/16
f 1532/68/148 1535/157/148 1533/69/148
f 1532/68/148 1673/149/148 1535/157/148
f 1532/68/148 1672/128/148 1673/149/148
f 1532/68/148 1536/159/148 1672/128/148
f 1680/156/149 1534/70/148 1538/158/148
f 1680/156/149 1531/71/148 1534/70/148
f 1681/121/149 1531/71/148 1680/156/149
f 1681/121/149 1537/160/149 1531/71/148
f 1537/160/149 1455/72/578 1531/71/148
f 1453/67/569 1536/159/148 1532/68/148
f 1453/67/569 1678/122/149 1536/159/148
f 1453/67/569 1677/115/149 1678/122/149
f 1453/67/569 1537/160/149 1677/115/149
f 1453/67/569 1455/72/578 1537/160/149
f 1533/69/148 1456/21/149 1454/20/149
f 1538/158/148 1534/70/148 1456/21/149
f 1669/150/148 1538/158/148 1456/21/149
f 1533/69/148 1669/150/148 1456/21/149
f 1533/69/148 1668/143/148 1669/150/148
f 1533/69/148 1535/157/148 1668/143/148
f 1655/157/17 1652/68/16 1653/69/16
f 1683/149/17 1652/68/16 1655/157/17
f 1684/128/17 1652/68/16 1683/149/17
f 1684/128/17 1656/159/16 1652/68/16
f 1654/70/16 1686/156/17 1658/158/16
f 1651/71/16 1686/156/17 1654/70/16
f 1651/71/16 1685/121/17 1686/156/17
f 1651/71/16 1657/160/17 1685/121/17
f 1656/159/16 1687/107/16 1652/68/16
f 1693/108/16 1657/160/17 1651/71/16
f 1693/108/16 1696/115/17 1657/160/17
f 1693/108/16 1695/122/17 1696/115/17
f 1693/108/16 1656/159/16 1695/122/17
f 1693/108/16 1687/107/16 1656/159/16
f 1693/108/16 1755/191/16 1687/107/16
f 1757/182/16 1755/191/16 1693/108/16
f 1757/182/16 1753/190/16 1755/191/16
f 1759/183/16 1753/190/16 1757/182/16
f 1759/183/16 1751/189/16 1753/190/16
f 1761/184/16 1751/189/16 1759/183/16
f 1761/184/16 1749/188/16 1751/189/16
f 1763/185/16 1749/188/16 1761/184/16
f 1763/185/16 1747/187/16 1749/188/16
f 1765/186/16 1747/187/16 1763/185/16
f 1765/186/16 1690/101/16 1747/187/16
f 1765/186/16 1689/114/16 1690/101/16
f 1777/197/16 1699/142/17 1700/129/16
f 1777/197/16 1795/196/16 1699/142/17
f 1777/197/16 1793/195/16 1795/196/16
f 1779/198/16 1793/195/16 1777/197/16
f 1779/198/16 1791/194/16 1793/195/16
f 1781/199/16 1791/194/16 1779/198/16
f 1781/199/16 1789/193/16 1791/194/16
f 1783/200/16 1789/193/16 1781/199/16
f 1783/200/16 1787/192/16 1789/193/16
f 1785/201/16 1787/192/16 1783/200/16
f 1785/201/16 1703/136/16 1787/192/16
f 1697/135/16 1703/136/16 1785/201/16
f 1697/135/16 1653/69/16 1703/136/16
f 1705/150/16 1653/69/16 1697/135/16
f 1706/143/16 1653/69/16 1705/150/16
f 1706/143/16 1655/157/17 1653/69/16
f 1658/158/16 1705/150/16 1697/135/16
f 1697/135/16 1654/70/16 1658/158/16
f 1815/202/152 1848/203/153 1847/203/154
f 1815/202/152 1816/202/152 1848/203/153
f 1847/203/154 1850/204/155 1849/204/155
f 1847/203/154 1848/203/153 1850/204/155
f 1849/204/155 1852/205/156 1851/205/156
f 1849/204/155 1850/204/155 1852/205/156
f 1851/205/156 1854/206/157 1853/206/158
f 1851/205/156 1852/205/156 1854/206/157
f 1853/206/158 1856/207/159 1855/207/160
f 1853/206/158 1854/206/157 1856/207/159
f 1855/207/160 1814/208/161 1813/208/162
f 1855/207/160 1856/207/159 1814/208/161
f 1817/209/163 1857/210/165 1818/209/166
f 1817/209/163 1858/210/164 1857/210/165
f 1858/210/164 1859/211/168 1857/210/165
f 1858/210/164 1860/211/167 1859/211/168
f 1860/211/167 1861/212/169 1859/211/168
f 1860/211/167 1862/212/169 1861/212/169
f 1861/212/169 1864/213/170 1863/213/171
f 1861/212/169 1862/212/169 1864/213/170
f 1863/213/171 1866/214/172 1865/214/172
f 1863/213/171 1864/213/170 1866/214/172
f 1865/214/172 1808/215/173 1809/215/173
f 1865/214/172 1866/214/172 1808/215/173
f 1820/216/174 1867/217/175 1819/216/174
f 1820/216/174 1868/217/175 1867/217/175
f 1868/217/175 1869/218/176 1867/217/175
f 1868/217/175 1870/218/176 1869/218/176
f 1870/218/176 1871/219/177 1869/218/176
f 1870/218/176 1872/219/177 1871/219/177
f 1872/219/177 1873/220/178 1871/219/177
f 1872/219/177 1874/220/178 1873/220/178
f 1874/220/178 1875/221/179 1873/220/178
f 1874/220/178 1876/221/179 1875/221/179
f 1876/221/179 1807/222/180 1875/221/179
f 1876/221/179 1810/222/180 1807/222/180
f 1822/223/181 1878/224/182 1877/224/183
f 1822/223/181 1821/223/181 1878/224/182
f 1877/224/183 1880/225/184 1879/225/185
f 1877/224/183 1878/224/182 1880/225/184
f 1879/225/185 1882/226/186 1881/226/186
f 1879/225/185 1880/225/184 1882/226/186
f 1882/226/186 1883/227/188 1881/226/186
f 1882/226/186 1884/227/187 1883/227/188
f 1884/227/187 1885/228/190 1883/227/188
f 1884/227/187 1886/228/189 1885/228/190
f 1886/228/189 1812/229/192 1885/228/190
f 1886/228/189 1811/229/191 1812/229/192
f 1831/230/193 1887/231/194 1830/230/193
f 1831/230/193 1888/231/194 1887/231/194
f 1888/231/194 1889/232/195 1887/231/194
f 1888/231/194 1890/232/195 1889/232/195
f 1890/232/195 1891/233/196 1889/232/195
f 1890/232/195 1892/233/196 1891/233/196
f 1891/233/196 1894/234/197 1893/234/197
f 1891/233/196 1892/233/196 1894/234/197
f 1893/234/197 1896/235/198 1895/235/198
f 1893/234/197 1894/234/197 1896/235/198
f 1895/235/198 1828/236/199 1827/236/199
f 1895/235/198 1896/235/198 1828/236/199
f 1834/237/200 1897/238/201 1833/237/200
f 1834/237/200 1898/238/201 1897/238/201
f 1898/238/201 1899/239/202 1897/238/201
f 1898/238/201 1900/239/202 1899/239/202
f 1900/239/202 1901/240/203 1899/239/202
f 1900/239/202 1902/240/203 1901/240/203
f 1902/240/203 1903/241/204 1901/240/203
f 1902/240/203 1904/241/204 1903/241/204
f 1904/241/204 1905/242/205 1903/241/204
f 1904/241/204 1906/242/205 1905/242/205
f 1906/242/205 1829/243/206 1905/242/205
f 1906/242/205 1832/243/206 1829/243/206
f 1835/202/152 1847/203/154 1907/203/153
f 1835/202/152 1815/202/152 1847/203/154
f 1907/203/153 1849/204/155 1908/204/155
f 1907/203/153 1847/203/154 1849/204/155
f 1908/204/155 1851/205/156 1909/205/207
f 1908/204/155 1849/204/155 1851/205/156
f 1909/205/207 1853/206/158 1910/206/208
f 1909/205/207 1851/205/156 1853/206/158
f 1910/206/208 1855/207/160 1911/207/159
f 1910/206/208 1853/206/158 1855/207/160
f 1911/207/159 1813/208/162 1826/208/162
f 1911/207/159 1855/207/160 1813/208/162
f 1836/209/166 1858/210/164 1817/209/163
f 1836/209/166 1912/210/164 1858/210/164
f 1912/210/164 1860/211/167 1858/210/164
f 1912/210/164 1913/211/168 1860/211/167
f 1913/211/168 1862/212/169 1860/211/167
f 1913/211/168 1914/212/209 1862/212/169
f 1862/212/169 1915/213/210 1864/213/170
f 1862/212/169 1914/212/209 1915/213/210
f 1864/213/170 1916/214/211 1866/214/172
f 1864/213/170 1915/213/210 1916/214/211
f 1866/214/172 1824/215/212 1808/215/173
f 1866/214/172 1916/214/211 1824/215/212
f 1840/244/213 1918/245/214 1917/245/214
f 1840/244/213 1841/244/213 1918/245/214
f 1917/245/214 1920/246/215 1919/246/215
f 1917/245/214 1918/245/214 1920/246/215
f 1919/246/215 1922/247/209 1921/247/209
f 1919/246/215 1920/246/215 1922/247/209
f 1922/247/209 1923/248/216 1921/247/209
f 1922/247/209 1924/248/216 1923/248/216
f 1924/248/216 1925/249/217 1923/248/216
f 1924/248/216 1926/249/217 1925/249/217
f 1926/249/217 1837/250/218 1925/249/217
f 1926/249/217 1838/250/218 1837/250/218
f 1843/251/219 1928/252/220 1927/252/220
f 1843/251/219 1844/251/219 1928/252/220
f 1927/252/220 1930/253/221 1929/253/221
f 1927/252/220 1928/252/220 1930/253/221
f 1929/253/221 1932/254/207 1931/254/207
f 1929/253/221 1930/253/221 1932/254/207
f 1931/254/207 1934/255/222 1933/255/222
f 1931/254/207 1932/254/207 1934/255/222
f 1933/255/222 1936/256/223 1935/256/223
f 1933/255/222 1934/255/222 1936/256/223
f 1935/256/223 1842/257/224 1839/257/224
f 1935/256/223 1936/256/223 1842/257/224
f 1819/216/174 1937/217/175 1845/216/174
f 1819/216/174 1867/217/175 1937/217/175
f 1867/217/175 1938/218/225 1937/217/175
f 1867/217/175 1869/218/176 1938/218/225
f 1869/218/176 1939/219/177 1938/218/225
f 1869/218/176 1871/219/177 1939/219/177
f 1871/219/177 1940/220/226 1939/219/177
f 1871/219/177 1873/220/178 1940/220/226
f 1873/220/178 1941/221/227 1940/220/226
f 1873/220/178 1875/221/179 1941/221/227
f 1875/221/179 1823/222/228 1941/221/227
f 1875/221/179 1807/222/180 1823/222/228
f 1821/223/181 1942/224/182 1878/224/182
f 1821/223/181 1846/223/181 1942/224/182
f 1878/224/182 1943/225/229 1880/225/184
f 1878/224/182 1942/224/182 1943/225/229
f 1880/225/184 1944/226/196 1882/226/186
f 1880/225/184 1943/225/229 1944/226/196
f 1944/226/196 1884/227/187 1882/226/186
f 1944/226/196 1945/227/230 1884/227/187
f 1945/227/230 1886/228/189 1884/227/187
f 1945/227/230 1946/228/190 1886/228/189
f 1946/228/190 1811/229/191 1886/228/189
f 1946/228/190 1825/229/191 1811/229/191
f 1479/258/148 1865/214/148 1809/215/149
f 1479/258/148 1863/213/148 1865/214/148
f 1479/258/148 1861/212/148 1863/213/148
f 1479/258/148 1859/259/148 1861/212/148
f 1479/258/148 1857/210/148 1859/259/148
f 1479/258/148 1818/209/149 1857/210/148
f 1868/217/148 1820/216/148 1480/261/148
f 1870/218/148 1868/217/148 1480/261/148
f 1872/219/148 1870/218/148 1480/261/148
f 1874/220/148 1872/219/148 1480/261/148
f 1876/221/148 1874/220/148 1480/261/148
f 1480/261/148 1810/260/149 1876/221/148
f 1877/265/148 1481/263/148 1822/264/148
f 1885/266/148 1812/262/148 1481/263/148
f 1481/263/148 1883/227/148 1885/266/148
f 1481/263/148 1881/226/148 1883/227/148
f 1481/263/148 1879/225/149 1881/226/148
f 1481/263/148 1877/265/148 1879/225/149
f 1856/207/148 1482/268/148 1814/208/148
f 1854/267/148 1482/268/148 1856/207/148
f 1852/205/148 1482/268/148 1854/267/148
f 1850/204/148 1482/268/148 1852/205/148
f 1848/203/149 1482/268/148 1850/204/148
f 1848/203/149 1816/202/148 1482/268/148
f 1937/217/16 1628/261/16 1845/216/16
f 1941/221/16 1823/260/17 1628/261/16
f 1628/261/16 1940/220/16 1941/221/16
f 1628/261/16 1939/219/16 1940/220/16
f 1628/261/16 1938/218/16 1939/219/16
f 1628/261/16 1937/217/16 1938/218/16
f 1916/214/16 1627/258/16 1824/215/17
f 1915/213/16 1627/258/16 1916/214/16
f 1914/212/16 1627/258/16 1915/213/16
f 1913/259/16 1627/258/16 1914/212/16
f 1912/210/16 1627/258/16 1913/259/16
f 1912/210/16 1836/209/17 1627/258/16
f 1942/265/16 1846/264/16 1629/263/16
f 1943/225/17 1942/265/16 1629/263/16
f 1944/226/16 1943/225/17 1629/263/16
f 1945/227/16 1944/226/16 1629/263/16
f 1946/266/16 1945/227/16 1629/263/16
f 1629/263/16 1825/262/16 1946/266/16
f 1630/268/16 1911/207/16 1826/208/16
f 1630/268/16 1910/267/16 1911/207/16
f 1630/268/16 1909/205/16 1910/267/16
f 1630/268/16 1908/204/16 1909/205/16
f 1630/268/16 1907/203/17 1908/204/16
f 1630/268/16 1835/202/16 1907/203/17
f 1896/235/16 1373/28/17 1828/236/17
f 1894/234/16 1373/28/17 1896/235/16
f 1892/233/16 1373/28/17 1894/234/16
f 1890/232/16 1373/28/17 1892/233/16
f 1888/269/16 1373/28/17 1890/232/16
f 1888/269/16 1831/230/17 1373/28/17
f 1376/37/16 1898/270/16 1834/271/16
f 1376/37/16 1900/239/16 1898/270/16
f 1376/37/16 1902/240/16 1900/239/16
f 1376/37/16 1904/241/16 1902/240/16
f 1376/37/16 1906/242/17 1904/241/16
f 1376/37/16 1832/243/16 1906/242/17
f 1918/275/16 1841/244/17 1375/33/17
f 1920/274/17 1918/275/16 1375/33/17
f 1922/273/16 1920/274/17 1375/33/17
f 1924/248/16 1922/273/16 1375/33/17
f 1926/272/16 1924/248/16 1375/33/17
f 1375/33/17 1838/250/17 1926/272/16
f 1928/252/16 1844/278/16 1374/23/17
f 1374/23/17 1930/253/16 1928/252/16
f 1374/23/17 1932/254/16 1930/253/16
f 1374/23/17 1934/277/16 1932/254/16
f 1374/23/17 1936/256/16 1934/277/16
f 1374/23/17 1842/276/17 1936/256/16
f 1810/222/180 1808/215/173 1807/222/180
f 1810/222/180 1809/215/173 1808/215/173
f 1381/279/42 1812/229/192 1811/229/191
f 1381/279/42 1483/279/42 1812/229/192
f 1813/208/162 1485/280/42 1383/280/42
f 1813/208/162 1814/208/161 1485/280/42
f 1807/222/180 1824/215/212 1823/222/228
f 1807/222/180 1808/215/173 1824/215/212
f 1631/279/42 1811/229/191 1825/229/191
f 1631/279/42 1381/279/42 1811/229/191
f 1826/208/162 1383/280/42 1633/280/42
f 1826/208/162 1813/208/162 1383/280/42
f 1827/236/199 1379/29/42 1625/29/42
f 1827/236/199 1828/236/199 1379/29/42
f 1832/243/206 1830/230/193 1829/243/206
f 1832/243/206 1831/230/193 1830/230/193
f 1380/99/40 1833/237/200 1626/99/40
f 1380/99/40 1834/237/200 1833/237/200
f 1634/281/1 1815/202/152 1835/202/152
f 1634/281/1 1384/281/1 1815/202/152
f 1836/209/166 1385/282/1 1635/282/1
f 1836/209/166 1817/209/163 1385/282/1
f 1838/250/218 1623/35/40 1837/250/218
f 1838/250/218 1377/35/40 1623/35/40
f 1839/257/224 1841/244/213 1840/244/213
f 1839/257/224 1842/257/224 1841/244/213
f 1624/30/42 1844/251/219 1843/251/219
f 1624/30/42 1378/30/42 1844/251/219
f 1386/283/231 1845/216/174 1636/283/232
f 1386/283/231 1819/216/174 1845/216/174
f 1821/223/181 1632/284/2 1846/223/181
f 1821/223/181 1382/284/2 1632/284/2
f 1477/29/149 1480/261/148 1476/30/149
f 1477/29/149 1810/222/149 1480/261/148
f 1477/29/149 1809/215/149 1810/222/149
f 1477/29/149 1479/258/148 1809/215/149
f 1481/263/148 1478/99/149 1475/35/148
f 1812/229/148 1478/99/149 1481/263/148
f 1483/279/148 1478/99/149 1812/229/148
f 1485/280/148 1478/99/149 1483/279/148
f 1814/208/148 1478/99/149 1485/280/148
f 1814/208/148 1482/268/148 1478/99/149
f 1823/222/17 1624/30/16 1628/261/16
f 1823/222/17 1625/29/16 1624/30/16
f 1824/215/17 1625/29/16 1823/222/17
f 1824/215/17 1627/258/16 1625/29/16
f 1626/99/16 1629/263/16 1623/35/16
f 1626/99/16 1825/229/16 1629/263/16
f 1626/99/16 1631/279/16 1825/229/16
f 1626/99/16 1633/280/16 1631/279/16
f 1626/99/16 1826/208/16 1633/280/16
f 1626/99/16 1630/268/16 1826/208/16
f 1627/258/16 1827/236/16 1625/29/16
f 1833/237/17 1630/268/16 1626/99/16
f 1833/237/17 1835/202/16 1630/268/16
f 1833/237/17 1634/281/17 1835/202/16
f 1833/237/17 1635/282/16 1634/281/17
f 1833/237/17 1836/209/17 1635/282/16
f 1833/237/17 1627/258/16 1836/209/17
f 1833/237/17 1827/236/16 1627/258/16
f 1833/237/17 1895/294/16 1827/236/16
f 1897/285/16 1895/294/16 1833/237/17
f 1897/285/16 1893/293/16 1895/294/16
f 1899/286/16 1893/293/16 1897/285/16
f 1899/286/16 1891/292/16 1893/293/16
f 1901/287/16 1891/292/16 1899/286/16
f 1901/287/16 1889/291/16 1891/292/16
f 1903/288/16 1889/291/16 1901/287/16
f 1903/288/16 1887/290/16 1889/291/16
f 1905/289/17 1887/290/16 1903/288/16
f 1905/289/17 1830/230/16 1887/290/16
f 1905/289/17 1829/243/16 1830/230/16
f 1917/300/16 1839/257/16 1840/244/17
f 1917/300/16 1935/299/16 1839/257/16
f 1917/300/16 1933/298/16 1935/299/16
f 1919/301/17 1933/298/16 1917/300/16
f 1919/301/17 1931/297/16 1933/298/16
f 1921/302/16 1931/297/16 1919/301/17
f 1921/302/16 1929/296/16 1931/297/16
f 1923/303/16 1929/296/16 1921/302/16
f 1923/303/16 1927/295/16 1929/296/16
f 1925/304/16 1927/295/16 1923/303/16
f 1925/304/16 1843/251/16 1927/295/16
f 1837/250/16 1843/251/16 1925/304/16
f 1837/250/16 1624/30/16 1843/251/16
f 1628/261/16 1624/30/16 1837/250/16
f 1845/216/16 1628/261/16 1837/250/16
f 1623/35/16 1845/216/16 1837/250/16
f 1623/35/16 1636/283/16 1845/216/16
f 1632/284/17 1636/283/16 1623/35/16
f 1846/223/16 1632/284/17 1623/35/16
f 1623/35/16 1629/263/16 1846/223/16
f 1955/305/152 1988/306/153 1987/306/154
f 1955/305/152 1956/305/152 1988/306/153
f 1987/306/154 1990/307/155 1989/307/155
f 1987/306/154 1988/306/153 1990/307/155
f 1989/307/155 1992/308/233 1991/308/233
f 1989/307/155 1990/307/155 1992/308/233
f 1991/308/233 1994/309/234 1993/309/234
f 1991/308/233 1992/308/233 1994/309/234
f 1993/309/234 1996/310/235 1995/310/235
f 1993/309/234 1994/309/234 1996/310/235
f 1995/310/235 1954/311/236 1953/311/237
f 1995/310/235 1996/310/235 1954/311/236
f 1957/312/238 1997/313/240 1958/312/238
f 1957/312/238 1998/313/239 1997/313/240
f 1998/313/239 1999/314/241 1997/313/240
f 1998/313/239 2000/314/241 1999/314/241
f 2000/314/241 2001/315/169 1999/314/241
f 2000/314/241 2002/315/169 2001/315/169
f 2001/315/169 2004/316/242 2003/316/243
f 2001/315/169 2002/315/169 2004/316/242
f 2003/316/243 2006/317/244 2005/317/217
f 2003/316/243 2004/316/242 2006/317/244
f 2005/317/217 1948/318/218 1949/318/245
f 2005/317/217 2006/317/244 1948/318/218
f 1960/319/246 2007/320/248 1959/319/246
f 1960/319/246 2008/320/247 2007/320/248
f 2008/320/247 2009/321/250 2007/320/248
f 2008/320/247 2010/321/249 2009/321/250
f 2010/321/249 2011/322/251 2009/321/250
f 2010/321/249 2012/322/251 2011/322/251
f 2012/322/251 2013/323/253 2011/322/251
f 2012/322/251 2014/323/252 2013/323/253
f 2014/323/252 2015/324/254 2013/323/253
f 2014/323/252 2016/324/201 2015/324/254
f 2016/324/201 1947/325/200 2015/324/254
f 2016/324/201 1950/325/255 1947/325/200
f 1962/326/181 2018/327/182 2017/327/183
f 1962/326/181 1961/326/181 2018/327/182
f 2017/327/183 2020/328/184 2019/328/185
f 2017/327/183 2018/327/182 2020/328/184
f 2019/328/185 2022/329/256 2021/329/256
f 2019/328/185 2020/328/184 2022/329/256
f 2022/329/256 2023/330/257 2021/329/256
f 2022/329/256 2024/330/257 2023/330/257
f 2024/330/257 2025/331/258 2023/330/257
f 2024/330/257 2026/331/258 2025/331/258
f 2026/331/258 1952/332/260 2025/331/258
f 2026/331/258 1951/332/259 1952/332/260
f 1971/333/261 2027/334/262 1970/333/261
f 1971/333/261 2028/334/262 2027/334/262
f 2028/334/262 2029/335/263 2027/334/262
f 2028/334/262 2030/335/263 2029/335/263
f 2030/335/263 2031/336/196 2029/335/263
f 2030/335/263 2032/336/196 2031/336/196
f 2031/336/196 2034/337/230 2033/337/230
f 2031/336/196 2032/336/196 2034/337/230
f 2033/337/230 2036/338/190 2035/338/190
f 2033/337/230 2034/337/230 2036/338/190
f 2035/338/190 1968/339/191 1967/339/191
f 2035/338/190 2036/338/190 1968/339/191
f 1974/340/264 2037/341/265 1973/340/264
f 1974/340/264 2038/341/265 2037/341/265
f 2038/341/265 2039/342/266 2037/341/265
f 2038/341/265 2040/342/266 2039/342/266
f 2040/342/266 2041/343/267 2039/342/266
f 2040/342/266 2042/343/267 2041/343/267
f 2042/343/267 2043/344/204 2041/343/267
f 2042/343/267 2044/344/204 2043/344/204
f 2044/344/204 2045/345/205 2043/344/204
f 2044/344/204 2046/345/205 2045/345/205
f 2046/345/205 1969/346/206 2045/345/205
f 2046/345/205 1972/346/206 1969/346/206
f 1975/305/152 1987/306/154 2047/306/153
f 1975/305/152 1955/305/152 1987/306/154
f 2047/306/153 1989/307/155 2048/307/155
f 2047/306/153 1987/306/154 1989/307/155
f 2048/307/155 1991/308/233 2049/308/268
f 2048/307/155 1989/307/155 1991/308/233
f 2049/308/268 1993/309/234 2050/309/234
f 2049/308/268 1991/308/233 1993/309/234
f 2050/309/234 1995/310/235 2051/310/269
f 2050/309/234 1993/309/234 1995/310/235
f 2051/310/269 1953/311/237 1966/311/236
f 2051/310/269 1995/310/235 1953/311/237
f 1976/312/238 1998/313/239 1957/312/238
f 1976/312/238 2052/313/240 1998/313/239
f 2052/313/240 2000/314/241 1998/313/239
f 2052/313/240 2053/314/241 2000/314/241
f 2053/314/241 2002/315/169 2000/314/241
f 2053/314/241 2054/315/209 2002/315/169
f 2002/315/169 2055/316/216 2004/316/242
f 2002/315/169 2054/315/209 2055/316/216
f 2004/316/242 2056/317/217 2006/317/244
f 2004/316/242 2055/316/216 2056/317/217
f 2006/317/244 1964/318/218 1948/318/218
f 2006/317/244 2056/317/217 1964/318/218
f 1980/347/213 2058/348/214 2057/348/214
f 1980/347/213 1981/347/213 2058/348/214
f 2057/348/214 2060/349/215 2059/349/215
f 2057/348/214 2058/348/214 2060/349/215
f 2059/349/215 2062/350/270 2061/350/270
f 2059/349/215 2060/349/215 2062/350/270
f 2062/350/270 2063/351/271 2061/350/270
f 2062/350/270 2064/351/271 2063/351/271
f 2064/351/271 2065/352/272 2063/351/271
f 2064/351/271 2066/352/272 2065/352/272
f 2066/352/272 1977/353/273 2065/352/272
f 2066/352/272 1978/353/273 1977/353/273
f 1983/354/162 2068/355/159 2067/355/159
f 1983/354/162 1984/354/162 2068/355/159
f 2067/355/159 2070/356/208 2069/356/208
f 2067/355/159 2068/355/159 2070/356/208
f 2069/356/208 2072/357/207 2071/357/207
f 2069/356/208 2070/356/208 2072/357/207
f 2071/357/207 2074/358/274 2073/358/274
f 2071/357/207 2072/357/207 2074/358/274
f 2073/358/274 2076/359/275 2075/359/275
f 2073/358/274 2074/358/274 2076/359/275
f 2075/359/275 1982/360/276 1979/360/276
f 2075/359/275 2076/359/275 1982/360/276
f 1959/319/246 2077/320/248 1985/319/246
f 1959/319/246 2007/320/248 2077/320/248
f 2007/320/248 2078/321/277 2077/320/248
f 2007/320/248 2009/321/250 2078/321/277
f 2009/321/250 2079/322/203 2078/321/277
f 2009/321/250 2011/322/251 2079/322/203
f 2011/322/251 2080/323/202 2079/322/203
f 2011/322/251 2013/323/253 2080/323/202
f 2013/323/253 2081/324/201 2080/323/202
f 2013/323/253 2015/324/254 2081/324/201
f 2015/324/254 1963/325/200 2081/324/201
f 2015/324/254 1947/325/200 1963/325/200
f 1961/326/181 2082/327/182 2018/327/182
f 1961/326/181 1986/326/181 2082/327/182
f 2018/327/182 2083/328/229 2020/328/184
f 2018/327/182 2082/327/182 2083/328/229
f 2020/328/184 2084/329/278 2022/329/256
f 2020/328/184 2083/328/229 2084/329/278
f 2084/329/278 2024/330/257 2022/329/256
f 2084/329/278 2085/330/257 2024/330/257
f 2085/330/257 2026/331/258 2024/330/257
f 2085/330/257 2086/331/279 2026/331/258
f 2086/331/279 1951/332/259 2026/331/258
f 2086/331/279 1965/332/260 1951/332/259
f 1512/361/148 2005/317/148 1949/318/149
f 1512/361/148 2003/364/148 2005/317/148
f 1512/361/148 2001/315/148 2003/364/148
f 1512/361/148 1999/363/148 2001/315/148
f 1512/361/148 1997/362/149 1999/363/148
f 1512/361/148 1958/312/148 1997/362/149
f 2008/320/148 1960/319/149 1511/369/149
f 2010/368/149 2008/320/148 1511/369/149
f 2012/367/148 2010/368/149 1511/369/149
f 2014/366/148 2012/367/148 1511/369/149
f 2016/365/148 2014/366/148 1511/369/149
f 1511/369/149 1950/325/149 2016/365/148
f 2017/372/148 1509/370/148 1962/371/149
f 2025/331/148 1952/332/148 1509/370/148
f 1509/370/148 2023/330/148 2025/331/148
f 1509/370/148 2021/373/148 2023/330/148
f 1509/370/148 2019/328/149 2021/373/148
f 1509/370/148 2017/372/148 2019/328/149
f 1996/374/148 1510/376/148 1954/311/148
f 1994/309/148 1510/376/148 1996/374/148
f 1992/308/148 1510/376/148 1994/309/148
f 1990/307/148 1510/376/148 1992/308/148
f 1988/306/149 1510/376/148 1990/307/148
f 1988/306/149 1956/375/148 1510/376/148
f 2077/320/16 1643/369/16 1985/319/16
f 2081/365/16 1963/325/17 1643/369/16
f 1643/369/16 2080/366/16 2081/365/16
f 1643/369/16 2079/367/16 2080/366/16
f 1643/369/16 2078/321/17 2079/367/16
f 1643/369/16 2077/320/16 2078/321/17
f 2056/377/16 1644/361/16 1964/318/17
f 2055/364/16 1644/361/16 2056/377/16
f 2054/315/16 1644/361/16 2055/364/16
f 2053/363/16 1644/361/16 2054/315/16
f 2052/313/17 1644/361/16 2053/363/16
f 2052/313/17 1976/312/16 1644/361/16
f 2082/372/16 1986/371/16 1641/370/16
f 2083/378/17 2082/372/16 1641/370/16
f 2084/373/16 2083/378/17 1641/370/16
f 2085/330/16 2084/373/16 1641/370/16
f 2086/331/16 2085/330/16 1641/370/16
f 1641/370/16 1965/332/16 2086/331/16
f 1642/376/16 2051/379/16 1966/311/16
f 1642/376/16 2050/309/16 2051/379/16
f 1642/376/16 2049/308/16 2050/309/16
f 1642/376/16 2048/307/16 2049/308/16
f 1642/376/16 2047/306/17 2048/307/16
f 1642/376/16 1975/375/16 2047/306/17
f 2036/338/16 1399/46/17 1968/339/16
f 2034/380/16 1399/46/17 2036/338/16
f 2032/336/16 1399/46/17 2034/380/16
f 2030/335/16 1399/46/17 2032/336/16
f 2028/381/17 1399/46/17 2030/335/16
f 2028/381/17 1971/333/16 1399/46/17
f 1402/62/17 2038/382/16 1974/340/16
f 1402/62/17 2040/342/16 2038/382/16
f 1402/62/17 2042/343/16 2040/342/16
f 1402/62/17 2044/344/16 2042/343/16
f 1402/62/17 2046/345/17 2044/344/16
f 1402/62/17 1972/346/16 2046/345/17
f 2058/387/16 1981/347/16 1401/51/17
f 2060/386/17 2058/387/16 1401/51/17
f 2062/385/16 2060/386/17 1401/51/17
f 2064/384/16 2062/385/16 1401/51/17
f 2066/383/16 2064/384/16 1401/51/17
f 1401/51/17 1978/353/16 2066/383/16
f 2068/355/16 1984/354/16 1400/41/16
f 1400/41/16 2070/391/16 2068/355/16
f 1400/41/16 2072/357/16 2070/391/16
f 1400/41/16 2074/390/17 2072/357/16
f 1400/41/16 2076/389/16 2074/390/17
f 1400/41/16 1982/388/16 2076/389/16
f 1950/325/255 1948/318/218 1947/325/200
f 1950/325/255 1949/318/245 1948/318/218
f 1409/392/42 1952/332/260 1951/332/259
f 1409/392/42 1515/392/42 1952/332/260
f 1953/311/237 1513/393/42 1407/393/42
f 1953/311/237 1954/311/236 1513/393/42
f 1947/325/200 1964/318/218 1963/325/200
f 1947/325/200 1948/318/218 1964/318/218
f 1647/392/42 1951/332/259 1965/332/260
f 1647/392/42 1409/392/42 1951/332/259
f 1966/311/236 1407/393/42 1645/393/42
f 1966/311/236 1953/311/237 1407/393/42
f 1967/339/191 1406/47/42 1640/47/42
f 1967/339/191 1968/339/191 1406/47/42
f 1972/346/206 1970/333/261 1969/346/206
f 1972/346/206 1971/333/261 1970/333/261
f 1405/61/40 1973/340/264 1639/61/40
f 1405/61/40 1974/340/264 1973/340/264
f 1646/394/1 1955/305/152 1975/305/152
f 1646/394/1 1408/394/1 1955/305/152
f 1976/312/238 1411/395/1 1649/395/1
f 1976/312/238 1957/312/238 1411/395/1
f 1978/353/273 1637/60/40 1977/353/273
f 1978/353/273 1403/60/40 1637/60/40
f 1979/360/276 1981/347/213 1980/347/213
f 1979/360/276 1982/360/276 1981/347/213
f 1638/48/42 1984/354/162 1983/354/162
f 1638/48/42 1404/48/42 1984/354/162
f 1412/396/2 1985/319/246 1650/396/2
f 1412/396/2 1959/319/246 1985/319/246
f 1961/326/181 1648/397/2 1986/326/181
f 1961/326/181 1410/397/2 1648/397/2
f 1508/47/149 1511/369/149 1506/48/149
f 1508/47/149 1950/325/149 1511/369/149
f 1508/47/149 1949/318/149 1950/325/149
f 1508/47/149 1512/361/148 1949/318/149
f 1952/332/148 1505/60/149 1509/370/148
f 1952/332/148 1507/61/149 1505/60/149
f 1515/392/148 1507/61/149 1952/332/148
f 1513/393/148 1507/61/149 1515/392/148
f 1954/311/148 1507/61/149 1513/393/148
f 1954/311/148 1510/376/148 1507/61/149
f 1963/325/17 1638/48/16 1643/369/16
f 1963/325/17 1640/47/16 1638/48/16
f 1964/318/17 1640/47/16 1963/325/17
f 1964/318/17 1644/361/16 1640/47/16
f 1639/61/16 1641/370/16 1637/60/16
f 1639/61/16 1965/332/16 1641/370/16
f 1639/61/16 1647/392/16 1965/332/16
f 1639/61/16 1645/393/16 1647/392/16
f 1639/61/16 1966/311/16 1645/393/16
f 1639/61/16 1642/376/16 1966/311/16
f 1644/361/16 1967/339/17 1640/47/16
f 1973/340/17 1642/376/16 1639/61/16
f 1973/340/17 1975/305/16 1642/376/16
f 1973/340/17 1646/394/16 1975/305/16
f 1973/340/17 1649/395/16 1646/394/16
f 1973/340/17 1976/312/16 1649/395/16
f 1973/340/17 1644/361/16 1976/312/16
f 1973/340/17 1967/339/17 1644/361/16
f 1973/340/17 2035/407/16 1967/339/17
f 2037/398/16 2035/407/16 1973/340/17
f 2037/398/16 2033/406/16 2035/407/16
f 2039/399/16 2033/406/16 2037/398/16
f 2039/399/16 2031/405/16 2033/406/16
f 2041/400/16 2031/405/16 2039/399/16
f 2041/400/16 2029/404/16 2031/405/16
f 2043/401/16 2029/404/16 2041/400/16
f 2043/401/16 2027/403/17 2029/404/16
f 2045/402/17 2027/403/17 2043/401/16
f 2045/402/17 1970/333/16 2027/403/17
f 2045/402/17 1969/346/16 1970/333/16
f 2057/413/16 1979/360/16 1980/347/16
f 2057/413/16 2075/412/16 1979/360/16
f 2057/413/16 2073/411/17 2075/412/16
f 2059/414/17 2073/411/17 2057/413/16
f 2059/414/17 2071/410/16 2073/411/17
f 2061/415/16 2071/410/16 2059/414/17
f 2061/415/16 2069/409/16 2071/410/16
f 2063/416/16 2069/409/16 2061/415/16
f 2063/416/16 2067/408/16 2069/409/16
f 2065/417/16 2067/408/16 2063/416/16
f 2065/417/16 1983/354/16 2067/408/16
f 1977/353/17 1983/354/16 2065/417/16
f 1977/353/17 1638/48/16 1983/354/16
f 1643/369/16 1638/48/16 1977/353/17
f 1985/319/16 1643/369/16 1977/353/17
f 1650/396/16 1985/319/16 1977/353/17
f 1648/397/16 1650/396/16 1977/353/17
f 1986/326/16 1648/397/16 1977/353/17
f 1641/370/16 1986/326/16 1977/353/17
f 1977/353/17 1637/60/16 1641/370/16
f 2096/418/280 2128/419/281 2127/419/281
f 2096/418/280 2097/418/280 2128/419/281
f 2127/419/281 2130/420/282 2129/420/282
f 2127/419/281 2128/419/281 2130/420/282
f 2129/420/282 2132/421/283 2131/421/283
f 2129/420/282 2130/420/282 2132/421/283
f 2131/421/283 2134/422/284 2133/422/284
f 2131/421/283 2132/421/283 2134/422/284
f 2133/422/284 2136/423/285 2135/423/286
f 2133/422/284 2134/422/284 2136/423/285
f 2135/423/286 2094/424/287 2091/424/287
f 2135/423/286 2136/423/285 2094/424/287
f 2095/425/238 2137/426/240 2098/425/238
f 2095/425/238 2138/426/239 2137/426/240
f 2138/426/239 2139/427/241 2137/426/240
f 2138/426/239 2140/427/241 2139/427/241
f 2140/427/241 2141/428/288 2139/427/241
f 2140/427/241 2142/428/288 2141/428/288
f 2141/428/288 2144/429/271 2143/429/271
f 2141/428/288 2142/428/288 2144/429/271
f 2143/429/271 2146/430/289 2145/430/289
f 2143/429/271 2144/429/271 2146/430/289
f 2145/430/289 2088/431/290 2089/431/273
f 2145/430/289 2146/430/289 2088/431/290
f 2101/432/246 2147/433/248 2100/432/246
f 2101/432/246 2148/433/247 2147/433/248
f 2148/433/247 2149/434/250 2147/433/248
f 2148/433/247 2150/434/249 2149/434/250
f 2150/434/249 2151/435/291 2149/434/250
f 2150/434/249 2152/435/291 2151/435/291
f 2152/435/291 2153/436/266 2151/435/291
f 2152/435/291 2154/436/266 2153/436/266
f 2154/436/266 2155/437/292 2153/436/266
f 2154/436/266 2156/437/292 2155/437/292
f 2156/437/292 2087/438/293 2155/437/292
f 2156/437/292 2090/438/264 2087/438/293
f 2102/439/296 2158/440/295 2157/440/295
f 2102/439/296 2099/439/294 2158/440/295
f 2157/440/295 2160/441/297 2159/441/297
f 2157/440/295 2158/440/295 2160/441/297
f 2159/441/297 2162/442/298 2161/442/298
f 2159/441/297 2160/441/297 2162/442/298
f 2162/442/298 2163/443/299 2161/442/298
f 2162/442/298 2164/443/299 2163/443/299
f 2164/443/299 2165/444/300 2163/443/299
f 2164/443/299 2166/444/300 2165/444/300
f 2166/444/300 2093/445/302 2165/444/300
f 2166/444/300 2092/445/301 2093/445/302
f 2111/446/261 2167/447/262 2110/446/261
f 2111/446/261 2168/447/262 2167/447/262
f 2168/447/262 2169/448/263 2167/447/262
f 2168/447/262 2170/448/263 2169/448/263
f 2170/448/263 2171/449/278 2169/448/263
f 2170/448/263 2172/449/278 2171/449/278
f 2171/449/278 2174/450/257 2173/450/257
f 2171/449/278 2172/449/278 2174/450/257
f 2173/450/257 2176/451/279 2175/451/279
f 2173/450/257 2174/450/257 2176/451/279
f 2175/451/279 2108/452/260 2107/452/260
f 2175/451/279 2176/451/279 2108/452/260
f 2114/453/264 2177/454/265 2113/453/264
f 2114/453/264 2178/454/265 2177/454/265
f 2178/454/265 2179/455/266 2177/454/265
f 2178/454/265 2180/455/266 2179/455/266
f 2180/455/266 2181/456/267 2179/455/266
f 2180/455/266 2182/456/267 2181/456/267
f 2182/456/267 2183/457/204 2181/456/267
f 2182/456/267 2184/457/204 2183/457/204
f 2184/457/204 2185/458/205 2183/457/204
f 2184/457/204 2186/458/205 2185/458/205
f 2186/458/205 2109/459/206 2185/458/205
f 2186/458/205 2112/459/206 2109/459/206
f 2116/418/280 2127/419/281 2187/419/281
f 2116/418/280 2096/418/280 2127/419/281
f 2187/419/281 2129/420/282 2188/420/282
f 2187/419/281 2127/419/281 2129/420/282
f 2188/420/282 2131/421/283 2189/421/283
f 2188/420/282 2129/420/282 2131/421/283
f 2189/421/283 2133/422/284 2190/422/284
f 2189/421/283 2131/421/283 2133/422/284
f 2190/422/284 2135/423/286 2191/423/286
f 2190/422/284 2133/422/284 2135/423/286
f 2191/423/286 2091/424/287 2105/424/303
f 2191/423/286 2135/423/286 2091/424/287
f 2115/425/238 2138/426/239 2095/425/238
f 2115/425/238 2192/426/240 2138/426/239
f 2192/426/240 2140/427/241 2138/426/239
f 2192/426/240 2193/427/241 2140/427/241
f 2193/427/241 2142/428/288 2140/427/241
f 2193/427/241 2194/428/270 2142/428/288
f 2142/428/288 2195/429/271 2144/429/271
f 2142/428/288 2194/428/270 2195/429/271
f 2144/429/271 2196/430/272 2146/430/289
f 2144/429/271 2195/429/271 2196/430/272
f 2146/430/289 2104/431/273 2088/431/290
f 2146/430/289 2196/430/272 2104/431/273
f 2120/460/304 2198/461/214 2197/461/214
f 2120/460/304 2121/460/304 2198/461/214
f 2197/461/214 2200/462/215 2199/462/215
f 2197/461/214 2198/461/214 2200/462/215
f 2199/462/215 2202/463/270 2201/463/270
f 2199/462/215 2200/462/215 2202/463/270
f 2202/463/270 2203/464/271 2201/463/270
f 2202/463/270 2204/464/271 2203/464/271
f 2204/464/271 2205/465/272 2203/464/271
f 2204/464/271 2206/465/272 2205/465/272
f 2206/465/272 2117/466/273 2205/465/272
f 2206/465/272 2118/466/273 2117/466/273
f 2123/467/236 2208/468/269 2207/468/269
f 2123/467/236 2124/467/236 2208/468/269
f 2207/468/269 2210/469/305 2209/469/305
f 2207/468/269 2208/468/269 2210/469/305
f 2209/469/305 2212/470/306 2211/470/306
f 2209/469/305 2210/469/305 2212/470/306
f 2211/470/306 2214/471/307 2213/471/307
f 2211/470/306 2212/470/306 2214/471/307
f 2213/471/307 2216/472/275 2215/472/275
f 2213/471/307 2214/471/307 2216/472/275
f 2215/472/275 2122/473/308 2119/473/308
f 2215/472/275 2216/472/275 2122/473/308
f 2100/432/246 2217/433/248 2126/432/246
f 2100/432/246 2147/433/248 2217/433/248
f 2147/433/248 2218/434/277 2217/433/248
f 2147/433/248 2149/434/250 2218/434/277
f 2149/434/250 2219/435/267 2218/434/277
f 2149/434/250 2151/435/291 2219/435/267
f 2151/435/291 2220/436/266 2219/435/267
f 2151/435/291 2153/436/266 2220/436/266
f 2153/436/266 2221/437/265 2220/436/266
f 2153/436/266 2155/437/292 2221/437/265
f 2155/437/292 2103/438/264 2221/437/265
f 2155/437/292 2087/438/293 2103/438/264
f 2099/439/294 2222/440/309 2158/440/295
f 2099/439/294 2125/439/296 2222/440/309
f 2158/440/295 2223/441/310 2160/441/297
f 2158/440/295 2222/440/309 2223/441/310
f 2160/441/297 2224/442/298 2162/442/298
f 2160/441/297 2223/441/310 2224/442/298
f 2224/442/298 2164/443/299 2162/442/298
f 2224/442/298 2225/443/311 2164/443/299
f 2225/443/311 2166/444/300 2164/443/299
f 2225/443/311 2226/444/312 2166/444/300
f 2226/444/312 2092/445/301 2166/444/300
f 2226/444/312 2106/445/301 2092/445/301
f 1548/474/148 2145/475/148 2089/431/148
f 1548/474/148 2143/429/148 2145/475/148
f 1548/474/148 2141/428/148 2143/429/148
f 1548/474/148 2139/427/148 2141/428/148
f 1548/474/148 2137/426/149 2139/427/148
f 1548/474/148 2098/425/148 2137/426/149
f 2148/433/148 2101/432/148 1547/477/148
f 2150/434/149 2148/433/148 1547/477/148
f 2152/435/148 2150/434/149 1547/477/148
f 2154/436/148 2152/435/148 1547/477/148
f 2156/476/148 2154/436/148 1547/477/148
f 1547/477/148 2090/438/148 2156/476/148
f 2157/479/148 1550/478/148 2102/439/148
f 2165/480/148 2093/445/148 1550/478/148
f 1550/478/148 2163/443/148 2165/480/148
f 1550/478/148 2161/442/148 2163/443/148
f 1550/478/148 2159/441/148 2161/442/148
f 1550/478/148 2157/479/148 2159/441/148
f 2136/481/148 1549/483/148 2094/424/148
f 2134/482/148 1549/483/148 2136/481/148
f 2132/421/148 1549/483/148 2134/482/148
f 2130/420/148 1549/483/148 2132/421/148
f 2128/419/149 1549/483/148 2130/420/148
f 2128/419/149 2097/418/148 1549/483/148
f 2217/433/16 1663/477/16 2126/432/16
f 2221/476/16 2103/438/16 1663/477/16
f 1663/477/16 2220/436/16 2221/476/16
f 1663/477/16 2219/435/16 2220/436/16
f 1663/477/16 2218/434/17 2219/435/16
f 1663/477/16 2217/433/16 2218/434/17
f 2196/430/16 1664/474/16 2104/431/16
f 2195/429/16 1664/474/16 2196/430/16
f 2194/428/16 1664/474/16 2195/429/16
f 2193/427/16 1664/474/16 2194/428/16
f 2192/426/17 1664/474/16 2193/427/16
f 2192/426/17 2115/425/16 1664/474/16
f 1665/483/16 2191/481/16 2105/424/16
f 1665/483/16 2190/422/16 2191/481/16
f 1665/483/16 2189/421/16 2190/422/16
f 1665/483/16 2188/420/16 2189/421/16
f 1665/483/16 2187/419/17 2188/420/16
f 1665/483/16 2116/418/16 2187/419/17
f 2222/440/16 2125/439/16 1666/478/16
f 2223/485/16 2222/440/16 1666/478/16
f 2224/442/16 2223/485/16 1666/478/16
f 2225/484/16 2224/442/16 1666/478/16
f 2226/480/16 2225/484/16 1666/478/16
f 1666/478/16 2106/445/16 2226/480/16
f 2176/451/16 1430/79/16 2108/452/16
f 2174/486/16 1430/79/16 2176/451/16
f 2172/487/16 1430/79/16 2174/486/16
f 2170/448/16 1430/79/16 2172/487/16
f 2168/447/17 1430/79/16 2170/448/16
f 2168/447/17 2111/488/16 1430/79/16
f 1431/78/16 2178/454/16 2114/453/16
f 1431/78/16 2180/455/16 2178/454/16
f 1431/78/16 2182/490/16 2180/455/16
f 1431/78/16 2184/457/16 2182/490/16
f 1431/78/16 2186/458/17 2184/457/16
f 1431/78/16 2112/489/16 2186/458/17
f 2198/461/16 2121/495/17 1432/89/17
f 2200/494/17 2198/461/16 1432/89/17
f 2202/493/16 2200/494/17 1432/89/17
f 2204/492/16 2202/493/16 1432/89/17
f 2206/491/16 2204/492/16 1432/89/17
f 1432/89/17 2118/466/16 2206/491/16
f 2208/468/16 2124/467/16 1429/88/17
f 1429/88/17 2210/469/16 2208/468/16
f 1429/88/17 2212/498/16 2210/469/16
f 1429/88/17 2214/471/16 2212/498/16
f 1429/88/17 2216/497/16 2214/471/16
f 1429/88/17 2122/496/17 2216/497/16
f 2090/438/264 2088/431/290 2087/438/293
f 2090/438/264 2089/431/273 2088/431/290
f 2091/424/287 2093/445/302 2092/445/301
f 2091/424/287 2094/424/287 2093/445/302
f 2095/425/238 2097/418/280 2096/418/280
f 2095/425/238 2098/425/238 2097/418/280
f 2102/439/296 2100/432/246 2099/439/294
f 2102/439/296 2101/432/246 2100/432/246
f 2087/438/293 2104/431/273 2103/438/264
f 2087/438/293 2088/431/290 2104/431/273
f 2105/424/303 2092/445/301 2106/445/301
f 2105/424/303 2091/424/287 2092/445/301
f 2107/452/260 1435/93/42 1661/93/42
f 2107/452/260 2108/452/260 1435/93/42
f 2112/459/206 2110/446/261 2109/459/206
f 2112/459/206 2111/446/261 2110/446/261
f 1436/97/40 2113/453/264 1662/97/40
f 1436/97/40 2114/453/264 2113/453/264
f 2115/425/238 2096/418/280 2116/418/280
f 2115/425/238 2095/425/238 2096/418/280
f 2118/466/273 1659/96/40 2117/466/273
f 2118/466/273 1433/96/40 1659/96/40
f 2119/473/308 2121/460/304 2120/460/304
f 2119/473/308 2122/473/308 2121/460/304
f 1660/94/42 2124/467/236 2123/467/236
f 1660/94/42 1434/94/42 2124/467/236
f 2099/439/294 2126/432/246 2125/439/296
f 2099/439/294 2100/432/246 2126/432/246
f 1353/77/16 1432/95/17 1351/90/16
f 1353/77/16 2118/466/16 1432/95/17
f 1353/77/16 1433/96/16 2118/466/16
f 1353/77/16 1436/97/16 1433/96/16
f 1353/77/16 2114/453/16 1436/97/16
f 1353/77/16 1431/78/16 2114/453/16
f 1545/93/149 1547/477/148 1544/94/149
f 1545/93/149 2090/438/148 1547/477/148
f 1545/93/149 2089/431/148 2090/438/148
f 1545/93/149 1548/474/148 2089/431/148
f 2093/445/148 1543/96/588 1550/478/148
f 2093/445/148 1546/97/587 1543/96/588
f 2094/499/148 1546/97/587 2093/445/148
f 2094/499/148 1549/483/148 1546/97/587
f 1545/93/149 2098/425/148 1548/474/148
f 1545/93/149 2097/418/148 2098/425/148
f 1545/93/149 1549/483/148 2097/418/148
f 1545/93/149 1546/97/587 1549/483/148
f 1545/93/149 1541/78/581 1546/97/587
f 1545/93/149 1540/79/572 1541/78/581
f 1539/88/585 1543/96/588 1542/95/584
f 1550/478/148 1543/96/588 1539/88/585
f 2102/439/148 1550/478/148 1539/88/585
f 2101/432/148 2102/439/148 1539/88/585
f 1547/477/148 2101/432/148 1539/88/585
f 1539/88/585 1544/94/149 1547/477/148
f 2103/438/16 1660/94/16 1663/477/16
f 2103/438/16 1661/93/16 1660/94/16
f 2104/431/16 1661/93/16 2103/438/16
f 2104/431/16 1664/474/16 1661/93/16
f 1662/97/16 1666/478/16 1659/96/16
f 1662/97/16 2106/445/16 1666/478/16
f 1662/97/16 2105/499/16 2106/445/16
f 1662/97/16 1665/483/16 2105/499/16
f 1664/474/16 2107/452/16 1661/93/16
f 2113/453/16 1665/483/16 1662/97/16
f 2113/453/16 2116/418/16 1665/483/16
f 2113/453/16 2115/425/16 2116/418/16
f 2113/453/16 1664/474/16 2115/425/16
f 2113/453/16 2107/452/16 1664/474/16
f 2113/453/16 2175/509/16 2107/452/16
f 2177/500/16 2175/509/16 2113/453/16
f 2177/500/16 2173/508/16 2175/509/16
f 2179/501/16 2173/508/16 2177/500/16
f 2179/501/16 2171/507/16 2173/508/16
f 2181/502/16 2171/507/16 2179/501/16
f 2181/502/16 2169/506/16 2171/507/16
f 2183/503/16 2169/506/16 2181/502/16
f 2183/503/16 2167/505/17 2169/506/16
f 2185/504/17 2167/505/17 2183/503/16
f 2185/504/17 2110/446/16 2167/505/17
f 2185/504/17 2109/459/16 2110/446/16
f 2197/515/16 2119/473/16 2120/460/16
f 2197/515/16 2215/514/16 2119/473/16
f 2199/516/17 2215/514/16 2197/515/16
f 2199/516/17 2213/513/16 2215/514/16
f 2201/517/16 2213/513/16 2199/516/17
f 2201/517/16 2211/512/16 2213/513/16
f 2203/518/16 2211/512/16 2201/517/16
f 2203/518/16 2209/511/16 2211/512/16
f 2205/519/16 2209/511/16 2203/518/16
f 2205/519/16 2207/510/16 2209/511/16
f 2117/466/16 2207/510/16 2205/519/16
f 2117/466/16 2123/467/16 2207/510/16
f 1659/96/16 2123/467/16 2117/466/16
f 1663/477/16 1660/94/16 2123/467/16
f 2126/432/16 1663/477/16 2123/467/16
f 2125/439/16 2126/432/16 2123/467/16
f 1666/478/16 2125/439/16 2123/467/16
f 2123/467/16 1659/96/16 1666/478/16
f 2229/520/615 2276/521/314 2275/521/314
f 2229/520/615 2230/520/313 2276/521/314
f 2275/521/314 2278/522/316 2277/522/316
f 2275/521/314 2276/521/314 2278/522/316
f 2277/522/316 2280/523/317 2279/523/317
f 2277/522/316 2278/522/316 2280/523/317
f 2280/523/317 2281/524/318 2279/523/317
f 2280/523/317 2282/524/318 2281/524/318
f 2282/524/318 2283/525/319 2281/524/318
f 2282/524/318 2284/525/319 2283/525/319
f 2284/525/319 2227/526/321 2283/525/319
f 2284/525/319 2228/526/320 2227/526/321
f 2233/527/324 2286/528/323 2285/528/323
f 2233/527/324 2234/527/322 2286/528/323
f 2285/528/323 2288/529/325 2287/529/325
f 2285/528/323 2286/528/323 2288/529/325
f 2287/529/325 2290/530/326 2289/530/326
f 2287/529/325 2288/529/325 2290/530/326
f 2289/530/326 2292/531/327 2291/531/327
f 2289/530/326 2290/530/326 2292/531/327
f 2291/531/327 2294/532/328 2293/532/328
f 2291/531/327 2292/531/327 2294/532/328
f 2293/532/328 2232/533/329 2231/533/616
f 2293/532/328 2294/532/328 2232/533/329
f 2238/534/331 2295/535/133 2237/534/617
f 2238/534/331 2296/535/133 2295/535/133
f 2296/535/133 2297/536/333 2295/535/133
f 2296/535/133 2298/536/333 2297/536/333
f 2298/536/333 2299/537/334 2297/536/333
f 2298/536/333 2300/537/334 2299/537/334
f 2299/537/334 2302/538/335 2301/538/335
f 2299/537/334 2300/537/334 2302/538/335
f 2301/538/335 2304/539/137 2303/539/137
f 2301/538/335 2302/538/335 2304/539/137
f 2303/539/137 2236/540/336 2235/540/336
f 2303/539/137 2304/539/137 2236/540/336
f 2242/541/337 2305/542/338 2241/541/337
f 2242/541/337 2306/542/338 2305/542/338
f 2306/542/338 2307/543/339 2305/542/338
f 2306/542/338 2308/543/339 2307/543/339
f 2308/543/339 2309/544/340 2307/543/339
f 2308/543/339 2310/544/340 2309/544/340
f 2310/544/340 2311/545/341 2309/544/340
f 2310/544/340 2312/545/341 2311/545/341
f 2312/545/341 2313/546/223 2311/545/341
f 2312/545/341 2314/546/223 2313/546/223
f 2314/546/223 2239/547/618 2313/546/223
f 2314/546/223 2240/547/342 2239/547/618
f 2245/548/619 2316/549/314 2315/549/314
f 2245/548/619 2246/548/313 2316/549/314
f 2315/549/314 2318/550/345 2317/550/345
f 2315/549/314 2316/549/314 2318/550/345
f 2317/550/345 2320/551/346 2319/551/346
f 2317/550/345 2318/550/345 2320/551/346
f 2320/551/346 2321/552/347 2319/551/346
f 2320/551/346 2322/552/347 2321/552/347
f 2322/552/347 2323/553/348 2321/552/347
f 2322/552/347 2324/553/348 2323/553/348
f 2324/553/348 2243/554/620 2323/553/348
f 2324/553/348 2244/554/349 2243/554/620
f 2249/555/353 2326/556/352 2325/556/352
f 2249/555/353 2250/555/351 2326/556/352
f 2325/556/352 2328/557/354 2327/557/354
f 2325/556/352 2326/556/352 2328/557/354
f 2327/557/354 2330/558/355 2329/558/355
f 2327/557/354 2328/557/354 2330/558/355
f 2329/558/355 2332/559/356 2331/559/356
f 2329/558/355 2330/558/355 2332/559/356
f 2331/559/356 2334/560/357 2333/560/357
f 2331/559/356 2332/559/356 2334/560/357
f 2333/560/357 2248/561/358 2247/561/621
f 2333/560/357 2334/560/357 2248/561/358
f 2254/562/132 2335/563/133 2253/562/622
f 2254/562/132 2336/563/133 2335/563/133
f 2336/563/133 2337/564/361 2335/563/133
f 2336/563/133 2338/564/361 2337/564/361
f 2338/564/361 2339/565/209 2337/564/361
f 2338/564/361 2340/565/209 2339/565/209
f 2339/565/209 2342/566/210 2341/566/210
f 2339/565/209 2340/565/209 2342/566/210
f 2341/566/210 2344/567/211 2343/567/211
f 2341/566/210 2342/566/210 2344/567/211
f 2343/567/211 2252/568/362 2251/568/362
f 2343/567/211 2344/567/211 2252/568/362
f 2258/569/363 2345/570/220 2257/569/363
f 2258/569/363 2346/570/220 2345/570/220
f 2346/570/220 2347/571/221 2345/570/220
f 2346/570/220 2348/571/221 2347/571/221
f 2348/571/221 2349/572/207 2347/571/221
f 2348/571/221 2350/572/207 2349/572/207
f 2350/572/207 2351/573/222 2349/572/207
f 2350/572/207 2352/573/222 2351/573/222
f 2352/573/222 2353/574/223 2351/573/222
f 2352/573/222 2354/574/223 2353/574/223
f 2354/574/223 2255/575/364 2353/574/223
f 2354/574/223 2256/575/224 2255/575/364
f 2261/576/367 2356/577/366 2355/577/366
f 2261/576/367 2262/576/365 2356/577/366
f 2355/577/366 2358/578/368 2357/578/368
f 2355/577/366 2356/577/366 2358/578/368
f 2357/578/368 2360/579/355 2359/579/355
f 2357/578/368 2358/578/368 2360/579/355
f 2359/579/355 2362/580/369 2361/580/369
f 2359/579/355 2360/579/355 2362/580/369
f 2361/580/369 2364/581/370 2363/581/370
f 2361/580/369 2362/580/369 2364/581/370
f 2363/581/370 2260/582/371 2259/582/623
f 2363/581/370 2364/581/370 2260/582/371
f 2265/583/624 2366/584/262 2365/584/262
f 2265/583/624 2266/583/373 2366/584/262
f 2365/584/262 2368/585/375 2367/585/375
f 2365/584/262 2366/584/262 2368/585/375
f 2367/585/375 2370/586/376 2369/586/376
f 2367/585/375 2368/585/375 2370/586/376
f 2370/586/376 2371/587/377 2369/586/376
f 2370/586/376 2372/587/377 2371/587/377
f 2372/587/377 2373/588/378 2371/587/377
f 2372/587/377 2374/588/378 2373/588/378
f 2374/588/378 2263/589/380 2373/588/378
f 2374/588/378 2264/589/379 2263/589/380
f 2270/590/213 2375/591/214 2269/590/625
f 2270/590/213 2376/591/214 2375/591/214
f 2376/591/214 2377/592/215 2375/591/214
f 2376/591/214 2378/592/215 2377/592/215
f 2378/592/215 2379/593/209 2377/592/215
f 2378/592/215 2380/593/209 2379/593/209
f 2379/593/209 2382/594/216 2381/594/216
f 2379/593/209 2380/593/209 2382/594/216
f 2381/594/216 2384/595/217 2383/595/217
f 2381/594/216 2382/594/216 2384/595/217
f 2383/595/217 2268/596/382 2267/596/382
f 2383/595/217 2384/595/217 2268/596/382
f 2274/597/383 2385/598/159 2273/597/383
f 2274/597/383 2386/598/159 2385/598/159
f 2386/598/159 2387/599/208 2385/598/159
f 2386/598/159 2388/599/208 2387/599/208
f 2388/599/208 2389/600/207 2387/599/208
f 2388/599/208 2390/600/207 2389/600/207
f 2390/600/207 2391/601/274 2389/600/207
f 2390/600/207 2392/601/274 2391/601/274
f 2392/601/274 2393/602/275 2391/601/274
f 2392/601/274 2394/602/275 2393/602/275
f 2394/602/275 2271/603/626 2393/602/275
f 2394/602/275 2272/603/276 2271/603/626
f 2275/604/149 1557/32/148 2229/520/148
f 2283/525/148 2227/526/148 1557/32/148
f 1557/32/148 2281/524/148 2283/525/148
f 1557/32/148 2279/523/148 2281/524/148
f 1557/32/148 2277/522/148 2279/523/148
f 1557/32/148 2275/604/149 2277/522/148
f 1367/32/16 2276/604/17 2230/520/16
f 2278/522/16 2276/604/17 1367/32/16
f 2280/523/16 2278/522/16 1367/32/16
f 2282/524/16 2280/523/16 1367/32/16
f 2284/605/16 2282/524/16 1367/32/16
f 1367/32/16 2228/526/16 2284/605/16
f 2293/532/149 2231/533/148 1556/17/148
f 2291/531/148 2293/532/149 1556/17/148
f 2289/606/148 2291/531/148 1556/17/148
f 2287/529/148 2289/606/148 1556/17/148
f 2285/528/149 2287/529/148 1556/17/148
f 1556/17/148 2233/527/148 2285/528/149
f 2286/528/17 2234/527/16 1366/17/16
f 1366/17/16 2288/607/16 2286/528/17
f 1366/17/16 2290/606/16 2288/607/16
f 1366/17/16 2292/531/16 2290/606/16
f 1366/17/16 2294/532/17 2292/531/16
f 1366/17/16 2232/533/17 2294/532/17
f 1551/73/148 2303/539/148 2235/540/148
f 1551/73/148 2301/538/148 2303/539/148
f 1551/73/148 2299/537/148 2301/538/148
f 1551/73/148 2297/536/148 2299/537/148
f 1551/73/148 2295/535/148 2297/536/148
f 1551/73/148 2237/534/148 2295/535/148
f 2305/542/148 1553/27/148 2241/541/148
f 2307/543/148 1553/27/148 2305/542/148
f 2309/544/148 1553/27/148 2307/543/148
f 2311/545/148 1553/27/148 2309/544/148
f 2313/546/148 1553/27/148 2311/545/148
f 2313/546/148 2239/547/148 1553/27/148
f 1363/27/16 2306/542/16 2242/541/16
f 1363/27/16 2308/543/16 2306/542/16
f 1363/27/16 2310/544/16 2308/543/16
f 1363/27/16 2312/545/16 2310/544/16
f 1363/27/16 2314/546/16 2312/545/16
f 1363/27/16 2240/547/16 2314/546/16
f 2315/549/149 1567/50/148 2245/608/148
f 2323/611/148 2243/554/148 1567/50/148
f 1567/50/148 2321/552/148 2323/611/148
f 1567/50/148 2319/610/149 2321/552/148
f 1567/50/148 2317/609/148 2319/610/149
f 1567/50/148 2315/549/149 2317/609/148
f 1391/50/16 2316/613/17 2246/608/16
f 2318/550/16 2316/613/17 1391/50/16
f 2320/610/17 2318/550/16 1391/50/16
f 2322/552/16 2320/610/17 1391/50/16
f 2324/612/16 2322/552/16 1391/50/16
f 1391/50/16 2244/554/17 2324/612/16
f 2333/616/149 2247/561/148 1568/31/148
f 2331/559/148 2333/616/149 1568/31/148
f 2329/615/149 2331/559/148 1568/31/148
f 2327/557/148 2329/615/149 1568/31/148
f 2325/556/148 2327/557/148 1568/31/148
f 1568/31/148 2249/614/148 2325/556/148
f 2326/556/16 2250/614/16 1392/31/16
f 1392/31/16 2328/557/16 2326/556/16
f 1392/31/16 2330/615/17 2328/557/16
f 1392/31/16 2332/617/16 2330/615/17
f 1392/31/16 2334/560/17 2332/617/16
f 1392/31/16 2248/561/16 2334/560/17
f 1563/38/148 2343/567/148 2251/568/148
f 1563/38/148 2341/566/148 2343/567/148
f 1563/38/148 2339/565/148 2341/566/148
f 1563/38/148 2337/564/148 2339/565/148
f 1563/38/148 2335/563/148 2337/564/148
f 1563/38/148 2253/562/148 2335/563/148
f 2344/567/16 1387/38/16 2252/568/16
f 2342/566/16 1387/38/16 2344/567/16
f 2340/565/16 1387/38/16 2342/566/16
f 2338/564/16 1387/38/16 2340/565/16
f 2336/563/16 1387/38/16 2338/564/16
f 2336/563/16 2254/562/16 1387/38/16
f 2345/570/148 1565/45/148 2257/619/148
f 2347/571/148 1565/45/148 2345/570/148
f 2349/572/148 1565/45/148 2347/571/148
f 2351/620/148 1565/45/148 2349/572/148
f 2353/621/148 1565/45/148 2351/620/148
f 2353/621/148 2255/618/148 1565/45/148
f 1389/45/16 2346/570/16 2258/619/16
f 1389/45/16 2348/571/16 2346/570/16
f 1389/45/16 2350/572/16 2348/571/16
f 1389/45/16 2352/620/16 2350/572/16
f 1389/45/16 2354/622/16 2352/620/16
f 1389/45/16 2256/618/16 2354/622/16
f 2363/581/148 2259/582/148 1575/49/148
f 2361/627/149 2363/581/148 1575/49/148
f 2359/626/149 2361/627/149 1575/49/148
f 2357/625/149 2359/626/149 1575/49/148
f 2355/624/148 2357/625/149 1575/49/148
f 1575/49/148 2261/623/148 2355/624/148
f 2356/624/16 2262/623/16 1413/49/16
f 1413/49/16 2358/629/17 2356/624/16
f 1413/49/16 2360/626/16 2358/629/17
f 1413/49/16 2362/628/17 2360/626/16
f 1413/49/16 2364/581/16 2362/628/17
f 1413/49/16 2260/582/16 2364/581/16
f 2365/631/148 1577/59/148 2265/630/148
f 2373/633/148 2263/589/148 1577/59/148
f 1577/59/148 2371/587/148 2373/633/148
f 1577/59/148 2369/586/148 2371/587/148
f 1577/59/148 2367/632/149 2369/586/148
f 1577/59/148 2365/631/148 2367/632/149
f 1415/59/16 2366/631/16 2266/630/16
f 2368/635/17 2366/631/16 1415/59/16
f 2370/586/16 2368/635/17 1415/59/16
f 2372/634/16 2370/586/16 1415/59/16
f 2374/633/16 2372/634/16 1415/59/16
f 1415/59/16 2264/589/16 2374/633/16
f 1580/63/148 2383/639/148 2267/596/148
f 1580/63/148 2381/638/148 2383/639/148
f 1580/63/148 2379/593/148 2381/638/148
f 1580/63/148 2377/637/149 2379/593/148
f 1580/63/148 2375/591/148 2377/637/149
f 1580/63/148 2269/636/148 2375/591/148
f 2384/639/16 1418/82/16 2268/596/16
f 2382/640/16 1418/82/16 2384/639/16
f 2380/593/16 1418/82/16 2382/640/16
f 2378/637/17 1418/82/16 2380/593/16
f 2376/591/16 1418/82/16 2378/637/17
f 2376/591/16 2270/636/16 1418/82/16
f 2385/643/148 1579/80/148 2273/642/148
f 2387/644/148 1579/80/148 2385/643/148
f 2389/645/148 1579/80/148 2387/644/148
f 2391/646/149 1579/80/148 2389/645/148
f 2393/647/148 1579/80/148 2391/646/149
f 2393/647/148 2271/641/148 1579/80/148
f 1417/80/16 2386/643/16 2274/642/16
f 1417/80/16 2388/644/16 2386/643/16
f 1417/80/16 2390/645/16 2388/644/16
f 1417/80/16 2392/601/17 2390/645/16
f 1417/80/16 2394/647/16 2392/601/17
f 1417/80/16 2272/641/16 2394/647/16
f 2228/526/320 1554/24/42 2227/526/321
f 2228/526/320 1364/24/42 1554/24/42
f 1558/55/627 2230/520/313 2229/520/615
f 1558/55/627 1368/55/385 2230/520/313
f 2231/533/616 1368/55/385 1558/55/627
f 2231/533/616 2232/533/329 1368/55/385
f 1552/22/40 2234/527/322 2233/527/324
f 1552/22/40 1362/22/40 2234/527/322
f 1365/85/387 2237/534/617 1555/85/628
f 1365/85/387 2238/534/331 2237/534/617
f 2240/547/342 1555/85/628 2239/547/618
f 2240/547/342 1365/85/387 1555/85/628
f 1562/26/40 2242/541/40 2241/541/40
f 1562/26/40 1372/26/40 2242/541/40
f 2244/554/349 1566/42/591 2243/554/620
f 2244/554/349 1390/42/42 1566/42/591
f 1569/57/629 2246/548/313 2245/548/619
f 1569/57/629 1393/57/389 2246/548/313
f 2247/561/621 1393/57/389 1569/57/629
f 2247/561/621 2248/561/358 1393/57/389
f 1564/34/40 2250/555/351 2249/555/353
f 1564/34/40 1388/34/40 2250/555/351
f 2252/568/42 1572/39/42 2251/568/42
f 2252/568/42 1396/39/42 1572/39/42
f 1394/84/1 2253/562/622 1570/84/605
f 1394/84/1 2254/562/132 2253/562/622
f 2256/575/224 1570/84/605 2255/575/364
f 2256/575/224 1394/84/1 1570/84/605
f 1574/44/40 2258/569/40 2257/569/40
f 1574/44/40 1398/44/40 2258/569/40
f 2259/582/623 1420/58/391 1582/58/630
f 2259/582/623 2260/582/371 1420/58/391
f 1576/52/40 2262/576/365 2261/576/367
f 1576/52/40 1414/52/40 2262/576/365
f 2264/589/379 1578/87/42 2263/589/380
f 2264/589/379 1416/87/42 1578/87/42
f 1582/58/630 2266/583/373 2265/583/624
f 1582/58/630 1420/58/391 2266/583/373
f 2268/596/42 1585/64/42 2267/596/42
f 2268/596/42 1423/64/42 1585/64/42
f 1419/98/1 2269/590/625 1581/98/610
f 1419/98/1 2270/590/213 2269/590/625
f 2272/603/276 1581/98/610 2271/603/626
f 2272/603/276 1419/98/1 1581/98/610
f 1586/92/40 2274/597/40 2273/597/40
f 1586/92/40 1424/92/40 2274/597/40
f 1359/53/16 1341/54/16 1340/3/16
f 1366/17/16 1360/18/16 1341/54/16
f 2232/533/17 1366/17/16 1341/54/16
f 1368/55/16 2232/533/17 1341/54/16
f 2230/520/16 1368/55/16 1341/54/16
f 1367/32/16 2230/520/16 1341/54/16
f 1392/56/16 1367/32/16 1341/54/16
f 2248/648/16 1392/56/16 1341/54/16
f 1393/57/16 2248/648/16 1341/54/16
f 2246/548/16 1393/57/16 1341/54/16
f 1391/50/16 2246/548/16 1341/54/16
f 1341/54/16 1413/49/16 1391/50/16
f 2260/582/16 1413/49/16 1341/54/16
f 1341/54/16 1420/58/17 2260/582/16
f 2266/583/16 1420/58/17 1341/54/16
f 1415/59/16 2266/583/16 1341/54/16
f 1341/54/16 1359/53/16 1415/59/16
f 2269/590/625 1617/98/610 1581/98/610
f 2269/590/625 1616/63/609 1617/98/610
f 2269/590/625 1580/63/631 1616/63/609
f 2271/603/626 1615/80/611 1579/80/632
f 2271/603/626 1617/98/610 1615/80/611
f 2271/603/626 1581/98/610 1617/98/610
f 2263/589/380 1613/59/42 1577/59/42
f 2263/589/380 1614/87/42 1613/59/42
f 2263/589/380 1578/87/42 1614/87/42
f 1579/80/42 1586/92/42 2273/597/383
f 1579/80/42 1622/92/42 1586/92/42
f 1579/80/42 1615/80/42 1622/92/42
f 1612/52/40 1575/49/40 1611/49/40
f 1612/52/40 2261/576/367 1575/49/40
f 1612/52/40 1576/52/40 2261/576/367
f 1585/64/40 1580/63/40 2267/596/382
f 1616/63/40 1585/64/40 1621/64/40
f 1616/63/40 1580/63/40 1585/64/40
f 1604/31/603 1569/57/629 1605/57/601
f 1604/31/603 2247/561/621 1569/57/629
f 1604/31/603 1568/31/633 2247/561/621
f 1605/57/601 1567/50/634 1603/50/600
f 1605/57/601 2245/548/619 1567/50/634
f 1605/57/601 1569/57/629 2245/548/619
f 1600/34/40 1568/31/40 1604/31/40
f 1600/34/40 2249/555/353 1568/31/40
f 1600/34/40 1564/34/40 2249/555/353
f 1572/39/40 1563/38/40 2251/568/362
f 1599/38/40 1572/39/40 1608/39/40
f 1599/38/40 1563/38/40 1572/39/40
f 2253/562/622 1606/84/605 1570/84/605
f 2253/562/622 1599/38/604 1606/84/605
f 2253/562/622 1563/38/635 1599/38/604
f 2255/575/364 1601/45/1 1565/45/1
f 2255/575/364 1606/84/605 1601/45/1
f 2255/575/364 1570/84/605 1606/84/605
f 2243/554/620 1603/50/602 1567/50/636
f 2243/554/620 1602/42/591 1603/50/602
f 2243/554/620 1566/42/591 1602/42/591
f 1565/45/42 1574/44/42 2257/569/363
f 1565/45/42 1610/44/42 1574/44/42
f 1565/45/42 1601/45/42 1610/44/42
f 1618/58/606 1577/59/637 1613/59/608
f 1618/58/606 2265/583/624 1577/59/637
f 1618/58/606 1582/58/630 2265/583/624
f 1611/49/607 1582/58/630 1618/58/606
f 1611/49/607 2259/582/623 1582/58/630
f 1611/49/607 1575/49/638 2259/582/623
f 1594/55/593 1557/32/639 1593/32/592
f 1594/55/593 2229/520/615 1557/32/639
f 1594/55/593 1558/55/627 2229/520/615
f 2227/526/321 1593/32/42 1557/32/42
f 2227/526/321 1590/24/42 1593/32/42
f 2227/526/321 1554/24/42 1590/24/42
f 1553/27/42 1562/26/42 2241/541/337
f 1553/27/42 1598/26/42 1562/26/42
f 1553/27/42 1589/27/42 1598/26/42
f 2239/547/618 1589/27/599 1553/27/640
f 2239/547/618 1591/85/597 1589/27/599
f 2239/547/618 1555/85/628 1591/85/597
f 1555/85/628 1587/73/596 1591/85/597
f 2237/534/617 1587/73/596 1555/85/628
f 2237/534/617 1551/73/641 1587/73/596
f 1561/74/612 1551/73/642 2235/540/336
f 1587/73/598 1561/74/612 1597/74/595
f 1587/73/598 1551/73/642 1561/74/612
f 1588/22/40 1556/17/40 1592/17/40
f 1588/22/40 2233/527/324 1556/17/40
f 1588/22/40 1552/22/40 2233/527/324
f 1592/17/594 1558/55/627 1594/55/593
f 1592/17/594 2231/533/616 1558/55/627
f 1592/17/594 1556/17/643 2231/533/616
f 1366/17/16 1352/19/16 1360/18/16
f 2234/527/16 1352/19/16 1366/17/16
f 1356/20/16 1352/19/16 2234/527/16
f 1702/142/16 1356/20/16 2234/527/16
f 1701/129/16 1702/142/16 2234/527/16
f 1358/21/613 1701/129/16 2234/527/16
f 2234/527/16 1362/22/644 1358/21/613
f 1844/251/16 1364/24/16 1374/23/17
f 1844/251/16 1370/25/16 1364/24/16
f 1378/30/17 1370/25/16 1844/251/16
f 2242/541/16 1372/26/17 1370/25/16
f 1378/30/17 2242/541/16 1370/25/16
f 1379/29/16 2242/541/16 1378/30/17
f 1379/29/16 1363/27/16 2242/541/16
f 1828/236/17 1363/27/16 1379/29/16
f 1828/236/17 1373/28/17 1363/27/16
f 1392/31/16 2228/526/16 1367/32/16
f 2250/555/16 2228/526/16 1392/31/16
f 2250/555/16 1364/24/16 2228/526/16
f 1374/23/17 1364/24/16 2250/555/16
f 1842/257/17 1374/23/17 2250/555/16
f 1841/244/17 1842/257/17 2250/555/16
f 1375/33/17 1841/244/17 2250/555/16
f 2250/555/16 1388/34/16 1375/33/17
f 1395/40/16 1375/33/17 1388/34/16
f 1395/40/16 1838/250/17 1375/33/17
f 1395/40/16 1377/35/17 1838/250/17
f 2252/568/16 1377/35/17 1395/40/16
f 2252/568/16 1380/36/16 1377/35/17
f 1387/38/16 1380/36/16 2252/568/16
f 1387/38/16 1834/649/16 1380/36/16
f 1387/38/16 1376/37/16 1834/649/16
f 1395/40/16 1396/39/24 2252/568/16
f 1984/354/16 1390/42/16 1400/41/16
f 1984/354/16 1397/43/16 1390/42/16
f 1404/48/16 1397/43/16 1984/354/16
f 2258/569/16 1398/44/24 1397/43/16
f 1404/48/16 2258/569/16 1397/43/16
f 1406/47/16 2258/569/16 1404/48/16
f 1406/47/16 1389/45/16 2258/569/16
f 1968/339/16 1389/45/16 1406/47/16
f 1968/339/16 1399/46/17 1389/45/16
f 1413/49/16 2244/554/17 1391/50/16
f 2262/576/16 2244/554/17 1413/49/16
f 2262/576/16 1390/42/16 2244/554/17
f 1400/41/16 1390/42/16 2262/576/16
f 1982/360/16 1400/41/16 2262/576/16
f 1981/347/16 1982/360/16 2262/576/16
f 1401/51/17 1981/347/16 2262/576/16
f 2262/576/16 1414/52/16 1401/51/17
f 1414/52/16 1978/353/16 1401/51/17
f 1421/65/17 1978/353/16 1414/52/16
f 1421/65/17 1403/60/16 1978/353/16
f 2268/596/16 1403/60/16 1421/65/17
f 2268/596/16 1405/61/16 1403/60/16
f 1418/63/16 1405/61/16 2268/596/16
f 1418/63/16 1974/340/16 1405/61/16
f 1418/63/16 1402/62/17 1974/340/16
f 1421/65/17 1423/64/24 2268/596/16
f 1359/53/16 2264/589/16 1415/59/16
f 1351/90/16 2264/589/16 1359/53/16
f 1429/88/17 1416/87/16 2264/589/16
f 2121/650/17 1429/88/17 2264/589/16
f 2121/650/17 2122/496/17 1429/88/17
f 1432/89/17 2121/650/17 2264/589/16
f 2264/589/16 1351/90/16 1432/89/17
f 2124/467/16 1416/87/16 1429/88/17
f 2124/467/16 1422/91/17 1416/87/16
f 1434/94/16 1422/91/17 2124/467/16
f 2274/597/16 1424/92/24 1422/91/17
f 1434/94/16 2274/597/16 1422/91/17
f 1435/93/16 2274/597/16 1434/94/16
f 1435/93/16 1417/80/16 2274/597/16
f 2108/452/16 1417/80/16 1435/93/16
f 2108/452/16 1430/79/16 1417/80/16
f 1384/281/1 1816/202/152 1815/202/152
f 2406/281/1 1486/281/1 1816/202/152
f 2405/281/1 2406/281/1 1816/202/152
f 1816/202/152 1384/281/1 2405/281/1
f 1817/209/163 2401/282/1 1385/282/1
f 1817/209/163 2404/282/1 2401/282/1
f 1817/209/163 1487/282/1 2404/282/1
f 1817/209/163 1818/209/166 1487/282/1
f 2403/283/231 1386/283/231 2402/283/231
f 2403/283/231 1819/216/174 1386/283/231
f 1820/216/174 2403/283/231 1488/283/408
f 1820/216/174 1819/216/174 2403/283/231
f 1822/223/181 1382/284/2 1821/223/181
f 2399/284/2 1382/284/2 1822/223/181
f 2400/284/2 2399/284/2 1822/223/181
f 1822/223/181 1484/284/2 2400/284/2
f 1477/29/149 1818/209/149 1479/258/148
f 1477/29/149 1487/282/148 1818/209/149
f 1477/29/149 2396/652/148 1487/282/148
f 1477/29/149 2395/651/148 2396/652/148
f 1477/29/149 1486/281/148 2395/651/148
f 1477/29/149 1816/202/148 1486/281/148
f 1477/29/149 1482/268/148 1816/202/148
f 1477/29/149 1478/99/149 1482/268/148
f 1477/29/149 1474/37/572 1478/99/149
f 1477/29/149 1471/28/569 1474/37/572
f 1476/30/149 1473/33/149 1472/23/149
f 1820/216/148 1475/35/148 1473/33/149
f 1820/216/148 1481/263/148 1475/35/148
f 1822/223/148 1481/263/148 1820/216/148
f 1484/284/148 1822/223/148 1820/216/148
f 2398/654/148 1484/284/148 1820/216/148
f 2397/653/148 2398/654/148 1820/216/148
f 1820/216/148 1488/283/148 2397/653/148
f 1480/261/148 1820/216/148 1473/33/149
f 1473/33/149 1476/30/149 1480/261/148
f 1408/394/1 1956/305/152 1955/305/152
f 2418/394/1 1514/394/1 1956/305/152
f 2417/394/1 2418/394/1 1956/305/152
f 1956/305/152 1408/394/1 2417/394/1
f 1957/312/238 2413/395/1 1411/395/1
f 1957/312/238 2416/395/1 2413/395/1
f 1957/312/238 1517/395/1 2416/395/1
f 1957/312/238 1958/312/238 1517/395/1
f 2415/396/2 1412/396/2 2414/396/2
f 2415/396/2 1959/319/246 1412/396/2
f 1960/319/246 2415/396/2 1518/396/2
f 1960/319/246 1959/319/246 2415/396/2
f 1962/326/181 1410/397/2 1961/326/181
f 2411/397/2 1410/397/2 1962/326/181
f 2412/397/2 2411/397/2 1962/326/181
f 1962/326/181 1516/397/2 2412/397/2
f 1508/47/149 1958/312/148 1512/361/148
f 1508/47/149 1517/395/148 1958/312/148
f 1508/47/149 2408/656/148 1517/395/148
f 1508/47/149 2407/655/148 2408/656/148
f 1508/47/149 1514/394/148 2407/655/148
f 1508/47/149 1956/305/148 1514/394/148
f 1508/47/149 1510/376/148 1956/305/148
f 1508/47/149 1507/61/149 1510/376/148
f 1508/47/149 1504/62/572 1507/61/149
f 1508/47/149 1501/46/573 1504/62/572
f 1506/48/149 1503/51/149 1502/41/148
f 1509/370/148 1505/60/149 1503/51/149
f 1962/326/149 1509/370/148 1503/51/149
f 1516/397/148 1962/326/149 1503/51/149
f 2410/658/148 1516/397/148 1503/51/149
f 2409/657/148 2410/658/148 1503/51/149
f 1518/396/148 2409/657/148 1503/51/149
f 1960/319/149 1518/396/148 1503/51/149
f 1511/369/149 1960/319/149 1503/51/149
f 1503/51/149 1506/48/149 1511/369/149
f 1692/114/17 1355/86/16 1691/660/17
f 1692/114/17 1354/66/16 1355/86/16
f 1692/114/17 1342/76/646 1354/66/16
f 2420/659/647 1357/72/613 1361/73/645
f 2420/659/647 1692/114/17 1357/72/613
f 2420/659/647 1342/76/646 1692/114/17
f 2421/661/649 1376/37/16 1387/38/16
f 2421/661/649 1832/243/16 1376/37/16
f 2421/661/649 1831/230/17 1832/243/16
f 2421/661/649 1373/28/17 1831/230/17
f 2421/661/649 1363/27/16 1373/28/17
f 2421/661/649 2419/662/648 1363/27/16
f 2423/663/649 1402/83/17 1418/82/16
f 2423/663/649 1972/346/16 1402/83/17
f 2423/663/649 1971/333/16 1972/346/16
f 2423/663/649 1399/46/17 1971/333/16
f 2423/663/649 1389/45/16 1399/46/17
f 2423/663/649 2422/664/649 1389/45/16
f 1339/14/646 1431/78/16 1353/77/16
f 1339/14/646 2112/459/16 1431/78/16
f 1339/14/646 2111/446/16 2112/459/16
f 1339/14/646 1430/79/16 2111/446/16
f 1339/14/646 1417/80/16 1430/79/16
f 1339/14/646 2424/665/647 1417/80/16
f 1350/16/568 1339/14/646 1349/13/568
f 1350/16/568 2424/671/647 1339/14/646
f 1350/16/568 2423/670/649 2424/671/647
f 1350/16/568 2422/669/649 2423/670/649
f 1350/16/568 2421/668/649 2422/669/649
f 1350/16/568 2419/667/648 2421/668/649
f 1350/16/568 2420/666/647 2419/667/648
f 1350/16/568 1342/15/646 2420/666/647
f 2428/14/1 2433/672/1 2429/4/1
f 2428/14/1 2431/673/1 2433/672/1
f 2503/673/2 2502/4/2 2505/672/2
f 2503/673/2 2501/14/2 2502/4/2
f 1095/2/3 2434/674/651 1098/7/3
f 1095/2/3 2432/675/650 2434/674/651
f 2447/676/655 2430/15/653 2448/677/652
f 2447/676/655 2427/3/654 2430/15/653
f 2445/679/656 2448/677/652 2446/678/657
f 2445/679/656 2447/676/655 2448/677/652
f 2518/680/40 2504/673/40 2517/681/658
f 2447/683/661 2451/685/659 2452/682/662
f 2447/683/661 2445/684/660 2451/685/659
f 2427/14/663 2452/682/662 2453/686/664
f 2427/14/663 2447/683/661 2452/682/662
f 2516/687/40 2514/688/40 2518/680/40
f 2511/689/666 2510/690/40 2515/691/665
f 2459/692/667 1096/6/42 2458/694/42
f 2459/692/667 1101/693/432 1096/6/42
f 2456/695/668 2458/694/42 2431/675/669
f 2456/695/668 2459/692/667 2458/694/42
f 2431/673/1 1097/1/1 2433/672/1
f 2458/696/1 1096/6/1 1097/1/1
f 1097/1/1 2431/673/1 2458/696/1
f 1105/6/2 2505/672/2 1106/1/2
f 2525/696/2 2503/673/2 2505/672/2
f 2505/672/2 1105/6/2 2525/696/2
f 1108/698/40 2527/700/40 1109/697/40
f 1108/698/40 2528/699/40 2527/700/40
f 2504/673/40 2518/680/40 2528/699/40
f 2514/688/40 2520/701/40 2527/700/40
f 2518/680/40 2514/688/40 2527/700/40
f 2527/700/40 2528/699/40 2518/680/40
f 1104/2/40 2504/673/40 2528/699/40
f 2528/699/40 1108/698/40 1104/2/40
f 2519/702/40 1109/697/40 2527/700/40
f 2527/700/40 2520/701/40 2519/702/40
f 2460/703/671 1099/702/437 1102/704/438
f 2460/703/671 2455/701/670 1099/702/437
f 2529/704/40 2520/701/40 2530/703/40
f 2529/704/40 2519/702/40 2520/701/40
f 2462/705/672 2455/701/670 2460/703/671
f 2530/703/40 2520/701/40 2532/705/440
f 2510/690/40 2531/706/673 2515/691/665
f 2510/690/40 2532/705/440 2531/706/673
f 2520/701/40 2514/688/40 2516/687/40
f 2520/701/40 2516/687/40 2531/706/673
f 2531/706/673 2532/705/440 2520/701/40
f 2459/692/667 2456/695/668 2457/707/674
f 2523/707/40 2521/695/675 2526/692/40
f 2524/693/40 2523/707/40 2526/692/40
f 2524/693/40 2522/708/40 2523/707/40
f 2436/709/677 2457/707/674 2456/695/668
f 2436/709/677 2439/710/676 2457/707/674
f 2523/707/40 2507/709/678 2521/695/675
f 2523/707/40 2509/710/679 2507/709/678
f 2530/703/40 2509/710/679 2523/707/40
f 2530/703/40 2511/689/666 2509/710/679
f 2530/703/40 2510/690/40 2511/689/666
f 2530/703/40 2532/705/440 2510/690/40
f 2437/711/680 2436/709/677 2456/695/668
f 2432/675/650 2463/712/682 2434/674/651
f 2432/675/650 2449/713/681 2463/712/682
f 2465/100/40 2430/76/40 2464/100/40
f 2465/100/40 2448/677/40 2430/76/40
f 2467/100/40 2448/677/40 2466/100/40
f 2467/100/40 2446/678/40 2448/677/40
f 2469/100/40 2446/678/40 2468/100/40
f 2469/100/40 2463/712/40 2446/678/40
f 2471/100/440 2463/712/40 2470/100/40
f 2471/100/440 2434/674/40 2463/712/40
f 1103/100/440 2434/674/40 2472/100/40
f 1103/100/440 1098/7/40 2434/674/40
f 2427/14/663 2461/715/683 2475/714/683
f 2427/14/663 2453/686/664 2461/715/683
f 2473/720/16 2428/719/16 2429/54/16
f 2479/717/16 2474/718/16 2428/719/16
f 2478/716/16 2479/717/16 2428/719/16
f 2428/719/16 2473/720/16 2478/716/16
f 2483/723/16 2490/721/684 2488/722/16
f 2483/723/16 2489/726/684 2490/721/684
f 2481/724/16 2489/726/684 2483/723/16
f 2481/724/16 2486/725/16 2489/726/684
f 2488/722/16 2474/718/16 2479/717/16
f 2490/727/684 2487/728/685 2474/718/16
f 2474/718/16 2488/722/16 2490/727/684
f 2544/728/148 2537/717/148 2501/718/148
f 2547/727/148 2545/722/148 2537/717/148
f 2537/717/148 2544/728/148 2547/727/148
f 2496/729/16 2482/731/16 2495/732/16
f 2496/729/16 2492/730/16 2482/731/16
f 2549/730/148 2552/732/148 2540/731/148
f 2549/730/148 2553/729/148 2552/732/148
f 2491/734/16 2495/732/16 2493/733/16
f 2491/734/16 2496/729/16 2495/732/16
f 2553/729/148 2550/733/148 2552/732/148
f 2553/729/148 2548/734/148 2550/733/148
f 2496/729/16 2477/736/16 2492/730/16
f 2476/735/16 2496/729/16 2491/734/16
f 2476/735/16 2477/736/16 2496/729/16
f 2549/730/148 2548/734/148 2553/729/148
f 2549/730/148 2534/735/148 2548/734/148
f 2549/730/148 2535/736/148 2534/735/148
f 2495/732/16 2484/737/16 2497/738/16
f 2495/732/16 2482/731/16 2484/737/16
f 2540/731/148 2554/738/148 2542/737/148
f 2540/731/148 2552/732/148 2554/738/148
f 2493/733/16 2497/738/16 2494/739/16
f 2493/733/16 2495/732/16 2497/738/16
f 2552/732/148 2551/739/148 2554/738/148
f 2552/732/148 2550/733/148 2551/739/148
f 2499/740/17 2484/737/16 2498/741/16
f 2499/740/17 2497/738/16 2484/737/16
f 2555/741/148 2554/738/148 2556/740/149
f 2555/741/148 2542/737/148 2554/738/148
f 2500/742/16 2478/716/16 2473/720/16
f 2499/740/17 2498/741/16 2478/716/16
f 2478/716/16 2500/742/16 2499/740/17
f 2555/741/148 2533/720/148 2536/716/148
f 2556/740/149 2557/742/148 2533/720/148
f 2533/720/148 2555/741/148 2556/740/149
f 2500/742/16 2497/738/16 2499/740/17
f 2500/742/16 2494/739/16 2497/738/16
f 2556/740/149 2551/739/148 2557/742/148
f 2556/740/149 2554/738/148 2551/739/148
f 2521/695/42 2524/693/42 2526/692/42
f 2521/695/42 1105/6/42 2524/693/42
f 2525/696/42 1105/6/42 2521/695/42
f 2521/695/42 2503/675/42 2525/696/42
f 2558/743/688 2444/744/687 2441/745/686
f 2559/746/148 2545/722/148 2547/721/148
f 2559/746/148 2541/723/148 2545/722/148
f 2559/746/148 2539/724/148 2541/723/148
f 2559/746/148 2543/725/148 2539/724/148
f 2559/746/148 2546/726/149 2543/725/148
f 2544/728/148 2559/746/148 2547/727/148
f 2506/747/148 2559/746/148 2544/728/148
f 2508/748/148 2559/746/148 2506/747/148
f 2508/748/148 2512/744/148 2559/746/148
f 2515/691/665 2512/744/689 2511/689/666
f 2515/691/665 2454/749/690 2512/744/689
f 2480/752/16 2489/726/684 2486/725/16
f 2480/752/16 2485/751/691 2489/726/684
f 2480/752/16 2561/750/16 2485/751/691
f 2476/735/16 2480/752/16 2477/736/16
f 2476/735/16 2561/750/16 2480/752/16
f 2476/735/16 2475/714/16 2561/750/16
f 2476/735/16 2427/3/654 2475/714/16
f 2476/735/16 2430/15/653 2427/3/654
f 2513/684/693 2563/100/694 2562/100/694
f 2513/684/693 2517/713/692 2563/100/694
f 2504/675/560 1111/100/1 2564/100/695
f 2504/675/560 1104/2/1 1111/100/1
f 2517/713/692 2565/100/696 2566/100/696
f 2517/713/692 2504/675/560 2565/100/696
f 2567/753/148 2543/725/148 2546/726/149
f 2567/753/148 2538/752/148 2543/725/148
f 2454/749/148 2559/746/148 2512/744/148
f 2454/749/148 2546/726/149 2559/746/148
f 2454/749/148 2568/754/148 2546/726/149
f 2568/754/148 2567/753/148 2546/726/149
f 2568/754/148 2560/755/148 2567/753/148
f 2571/756/697 2569/100/699 2570/100/698
f 2571/756/697 2513/684/693 2569/100/699
f 2572/100/700 2571/756/697 2573/100/701
f 2572/100/700 2574/757/702 2571/756/697
f 2574/757/702 2567/753/148 2560/755/148
f 2574/757/702 2538/752/148 2567/753/148
f 2574/757/702 2535/736/148 2538/752/148
f 2574/757/702 2534/735/148 2535/736/148
f 2574/757/702 2575/100/148 2534/735/148
f 2516/687/40 2518/680/40 2517/681/658
f 2571/756/705 2574/757/704 2560/755/703
f 2517/681/658 2513/684/706 2571/756/705
f 2531/706/673 2516/687/40 2517/681/658
f 2571/756/705 2560/755/703 2531/706/673
f 2531/706/673 2517/681/658 2571/756/705
f 2477/736/475 2579/752/707 2576/736/707
f 2477/736/475 2480/752/475 2579/752/707
f 2580/724/40 2483/723/40 2582/723/40
f 2580/724/40 2481/724/40 2483/723/40
f 2484/737/42 2581/731/42 2583/737/42
f 2484/737/42 2482/731/42 2581/731/42
f 2584/725/40 2481/724/40 2580/724/40
f 2584/725/40 2486/725/40 2481/724/40
f 2579/752/40 2486/725/40 2584/725/40
f 2579/752/40 2480/752/40 2486/725/40
f 2492/730/42 2576/736/42 2586/730/42
f 2492/730/42 2477/736/42 2576/736/42
f 2482/731/42 2586/730/42 2581/731/42
f 2482/731/42 2492/730/42 2586/730/42
f 2498/741/42 2583/737/42 2587/741/42
f 2498/741/42 2484/737/42 2583/737/42
f 2478/716/42 2587/741/42 2577/716/42
f 2478/716/42 2498/741/42 2587/741/42
f 2578/717/2 2478/716/2 2577/716/2
f 2578/717/2 2479/717/2 2478/716/2
f 2585/722/40 2479/717/40 2578/717/40
f 2585/722/40 2488/722/40 2479/717/40
f 2582/723/40 2488/722/40 2585/722/40
f 2582/723/40 2483/723/40 2488/722/40
f 2591/752/708 2535/736/1 2588/736/708
f 2591/752/708 2538/752/1 2535/736/1
f 2541/723/40 2592/724/40 2594/723/40
f 2541/723/40 2539/724/40 2592/724/40
f 2593/731/42 2542/737/42 2595/737/42
f 2593/731/42 2540/731/42 2542/737/42
f 2543/725/40 2591/752/40 2596/725/440
f 2543/725/40 2538/752/40 2591/752/40
f 2539/724/40 2596/725/440 2592/724/40
f 2539/724/40 2543/725/40 2596/725/440
f 2598/730/42 2540/731/42 2593/731/42
f 2598/730/42 2549/730/42 2540/731/42
f 2588/736/42 2549/730/42 2598/730/42
f 2588/736/42 2535/736/42 2549/730/42
f 2545/722/40 2594/723/40 2597/722/40
f 2545/722/40 2541/723/40 2594/723/40
f 2537/717/40 2597/722/40 2590/717/40
f 2537/717/40 2545/722/40 2597/722/40
f 2536/716/2 2590/717/2 2589/716/2
f 2536/716/2 2537/717/2 2590/717/2
f 2599/741/42 2536/716/42 2589/716/42
f 2599/741/42 2555/741/42 2536/716/42
f 2595/737/42 2555/741/42 2599/741/42
f 2595/737/42 2542/737/42 2555/741/42
f 2590/717/2 2577/716/2 2589/716/2
f 2590/717/2 2578/717/2 2577/716/2
f 2597/722/40 2578/717/40 2590/717/40
f 2597/722/40 2585/722/40 2578/717/40
f 2594/723/40 2585/722/40 2597/722/40
f 2594/723/40 2582/723/40 2585/722/40
f 2592/724/40 2582/723/40 2594/723/40
f 2592/724/40 2580/724/40 2582/723/40
f 2596/725/440 2580/724/40 2592/724/40
f 2596/725/440 2584/725/40 2580/724/40
f 2596/725/440 2579/752/40 2584/725/40
f 2596/725/440 2591/752/40 2579/752/40
f 2579/752/707 2588/736/708 2576/736/707
f 2579/752/707 2591/752/708 2588/736/708
f 2576/736/42 2598/730/42 2586/730/42
f 2576/736/42 2588/736/42 2598/730/42
f 2581/731/42 2598/730/42 2593/731/42
f 2581/731/42 2586/730/42 2598/730/42
f 2581/731/42 2595/737/42 2583/737/42
f 2581/731/42 2593/731/42 2595/737/42
f 2583/737/42 2599/741/42 2587/741/42
f 2583/737/42 2595/737/42 2599/741/42
f 2587/741/42 2589/716/42 2577/716/42
f 2587/741/42 2599/741/42 2589/716/42
f 2489/726/684 2487/728/685 2490/721/684
f 2441/758/686 2487/728/685 2489/726/684
f 2444/759/687 2487/728/685 2441/758/686
f 2600/760/711 2487/728/685 2444/759/687
f 2600/760/711 2435/762/709 2487/728/685
f 2600/760/711 2438/761/710 2435/762/709
f 2489/726/684 2485/751/691 2441/758/686
f 2439/710/676 2460/703/671 2457/707/674
f 2601/763/712 2460/703/671 2439/710/676
f 2443/689/712 2460/703/671 2601/763/712
f 2442/690/712 2460/703/671 2443/689/712
f 2442/690/712 2462/705/672 2460/703/671
f 2437/711/680 2439/710/676 2436/709/677
f 2437/711/680 2602/765/713 2439/710/676
f 2437/711/680 2440/764/714 2602/765/713
f 2435/747/717 2440/764/714 2437/711/680
f 2435/747/717 2603/766/715 2440/764/714
f 2435/747/717 2438/748/716 2603/766/715
f 2457/707/674 1101/693/432 2459/692/667
f 2607/770/718 1100/708/488 1101/693/432
f 2606/769/718 2607/770/718 1101/693/432
f 2605/768/718 2606/769/718 1101/693/432
f 2604/767/718 2605/768/718 1101/693/432
f 1101/693/432 2457/707/674 2604/767/718
f 2614/771/722 2624/772/720 2613/771/719
f 2614/771/722 2625/772/721 2624/772/720
f 2625/772/721 2626/773/723 2624/772/720
f 2625/772/721 2627/773/724 2626/773/723
f 2626/773/723 2611/774/726 2608/774/725
f 2626/773/723 2627/773/724 2611/774/726
f 2618/775/730 2628/776/728 2617/775/727
f 2618/775/730 2629/776/729 2628/776/728
f 2629/776/729 2630/777/731 2628/776/728
f 2629/776/729 2631/777/732 2630/777/731
f 2631/777/732 2612/778/733 2630/777/731
f 2631/777/732 2615/778/734 2612/778/733
f 2621/779/735 2633/780/737 2632/780/736
f 2621/779/735 2622/779/738 2633/780/737
f 2632/780/736 2635/781/740 2634/781/739
f 2632/780/736 2633/780/737 2635/781/740
f 2635/781/740 2616/782/741 2634/781/739
f 2635/781/740 2619/782/742 2616/782/741
f 2637/784/745 2623/783/743 2620/783/746
f 2637/784/745 2636/785/744 2623/783/743
f 2639/786/748 2636/785/744 2637/784/745
f 2639/786/748 2638/787/747 2636/785/744
f 2609/788/750 2638/787/747 2639/786/748
f 2609/788/750 2610/788/749 2638/787/747
f 2608/774/725 2610/788/749 2609/788/750
f 2608/774/725 2611/774/726 2610/788/749
f 2615/778/734 2613/771/719 2612/778/733
f 2615/778/734 2614/771/722 2613/771/719
f 2619/782/742 2617/775/727 2616/782/741
f 2619/782/742 2618/775/730 2617/775/727
f 2620/783/746 2622/779/738 2621/779/735
f 2620/783/746 2623/783/743 2622/779/738
f 2621/789/754 2637/799/752 2620/783/751
f 2621/789/754 2639/798/753 2637/799/752
f 2621/789/754 2609/788/754 2639/798/753
f 2621/789/754 2608/797/754 2609/788/754
f 2632/790/752 2608/797/754 2621/789/754
f 2634/791/754 2608/797/754 2632/790/752
f 2634/791/754 2626/796/753 2608/797/754
f 2616/782/758 2626/796/753 2634/791/754
f 2616/782/758 2624/795/754 2626/796/753
f 2617/792/757 2624/795/754 2616/782/758
f 2617/792/757 2613/771/755 2624/795/754
f 2617/792/757 2612/778/754 2613/771/755
f 2628/793/756 2612/778/754 2617/792/757
f 2628/793/756 2630/794/753 2612/778/754
f 2457/707/759 2530/703/760 2523/707/759
f 2457/707/759 2460/703/760 2530/703/760
f 1100/708/530 2523/707/762 2425/708/761
f 2604/767/764 2457/707/763 2523/707/762
f 2607/770/763 2604/767/764 2523/707/762
f 2607/770/763 2605/768/764 2604/767/764
f 2607/770/763 2606/769/764 2605/768/764
f 2523/707/762 1100/708/530 2607/770/763
f 2530/703/767 1102/704/535 2426/704/765
f 2530/703/767 2460/703/766 1102/704/535
f 2445/684/660 2450/800/769 2451/685/659
f 2445/684/660 2640/801/768 2450/800/769
f 2449/713/681 2446/678/657 2463/712/682
f 2640/802/770 2445/679/656 2446/678/657
f 2446/678/657 2449/713/681 2640/802/770
f 2641/804/771 2456/695/668 2642/803/772
f 2641/804/771 2437/711/680 2456/695/668
f 2643/806/773 2456/695/668 2431/805/669
f 2643/806/773 2642/803/772 2456/695/668
f 2428/807/775 2643/806/773 2431/805/669
f 2428/807/775 2644/808/774 2643/806/773
f 2645/809/776 2644/808/774 2428/807/775
f 2428/807/775 2474/718/777 2645/809/776
f 2474/718/777 2646/810/778 2645/809/776
f 2474/718/777 2487/728/779 2646/810/778
f 2487/728/779 2647/812/780 2646/810/778
f 2487/728/779 2435/811/717 2647/812/780
f 2647/812/780 2437/711/680 2641/804/771
f 2647/812/780 2435/811/717 2437/711/680
f 2304/539/16 2648/813/781 2236/540/782
f 2302/538/16 2648/813/781 2304/539/16
f 2302/538/16 1361/73/645 2648/813/781
f 2300/537/16 1361/73/645 2302/538/16
f 2298/536/16 1361/73/645 2300/537/16
f 2296/535/16 1361/73/645 2298/536/16
f 2296/535/16 2238/534/16 1361/73/645
f 1428/70/40 1651/71/40 1654/70/40
f 2652/814/40 1651/71/40 1428/70/40
f 2650/815/40 1651/71/40 2652/814/40
f 2649/816/40 1651/71/40 2650/815/40
f 2649/816/40 1425/71/40 1651/71/40
f 1561/74/612 1369/75/590 1559/75/589
f 1561/74/612 2653/818/783 1369/75/590
f 1561/74/612 2651/817/783 2653/818/783
f 1561/74/612 1371/74/784 2651/817/783
f 1362/22/644 1698/174/614 1358/21/613
f 1369/75/786 1698/174/614 1362/22/644
f 1369/75/786 1428/70/786 1698/174/614
f 2653/818/786 1428/70/786 1369/75/786
f 2653/818/786 2652/814/786 1428/70/786
f 2653/818/786 2650/815/786 2652/814/786
f 2651/817/786 2650/815/786 2653/818/786
f 2651/817/786 2649/816/786 2650/815/786
f 2236/540/782 2649/816/786 2651/817/786
f 2236/540/782 1425/71/786 2649/816/786
f 2648/813/781 1425/71/786 2236/540/782
f 2648/813/781 1694/108/614 1425/71/786
f 1361/73/645 1694/108/614 2648/813/781
f 1361/73/645 1357/72/613 1694/108/614
f 1371/74/785 2236/540/782 2651/817/786
f 1371/74/785 2235/540/785 2236/540/782
f 1371/74/785 1561/74/785 2235/540/785
f 2537/717/24 2502/54/24 2501/719/24
f 2537/717/24 2533/720/24 2502/54/24
f 2537/717/24 2536/716/24 2533/720/24
f 2507/709/678 2503/805/789 2521/695/675
f 2507/709/678 2501/807/790 2503/805/789
f 2507/709/678 2544/728/787 2501/807/790
f 2509/710/679 2544/728/787 2507/709/678
f 2511/689/666 2544/728/787 2509/710/679
f 2511/689/666 2506/747/788 2544/728/787
f 2511/689/666 2508/748/787 2506/747/788
f 2511/689/666 2512/744/689 2508/748/787
g obj5
s 1
f 2655/820/792 2657/822/791 2656/821/793
f 2655/820/792 2658/823/794 2657/822/791
f 2655/820/792 2659/824/793 2658/823/794
f 2654/819/791 2659/824/793 2655/820/792
f 2654/819/791 2660/825/793 2659/824/793
f 2677/832/795 2670/827/795 2661/826/795
f 2677/832/795 2663/828/795 2670/827/795
f 2663/828/795 2662/830/795 2671/829/795
f 2663/828/795 2676/831/795 2662/830/795
f 2663/828/795 2677/832/795 2676/831/795
f 2678/834/795 2672/836/795 2664/835/795
f 2678/834/795 2666/837/795 2672/836/795
f 2678/834/795 2673/838/795 2666/837/795
f 2678/834/795 2665/839/795 2673/838/795
f 2678/834/795 2679/833/795 2665/839/795
f 2680/841/795 2674/843/795 2668/842/795
f 2680/841/795 2669/844/796 2674/843/795
f 2680/841/795 2675/845/795 2669/844/796
f 2680/841/795 2667/846/795 2675/845/795
f 2680/841/795 2681/840/795 2667/846/795
f 2690/849/799 2686/848/798 2689/847/797
f 2690/849/799 2691/851/801 2688/850/800
f 2690/849/799 2689/847/797 2691/851/801
f 2688/850/800 2687/852/802 2690/849/799
f 2686/848/798 2690/849/799 2694/853/803
f 2687/852/802 2692/855/805 2693/854/804
f 2690/849/799 2687/852/802 2693/854/804
f 2682/856/806 2686/848/798 2694/853/803
f 2683/858/808 2685/857/807 2693/854/804
f 2693/854/804 2692/855/805 2683/858/808
f 2692/855/805 2687/852/802 2688/850/800
f 2691/851/801 2689/847/797 2695/859/809
f 2696/860/810 2698/860/812 2697/860/811
f 2706/860/817 2698/860/812 2696/860/810
f 2706/860/817 2699/860/813 2698/860/812
f 2706/860/817 2700/860/814 2699/860/813
f 2706/860/817 2701/860/814 2700/860/814
f 2706/860/817 2702/860/815 2701/860/814
f 2706/860/817 2703/860/814 2702/860/815
f 2706/860/817 2704/860/816 2703/860/814
f 2706/860/817 2705/860/814 2704/860/816
f 2709/860/818 2707/860/818 2708/860/818
f 2709/860/818 2716/860/818 2707/860/818
f 2710/860/818 2716/860/818 2709/860/818
f 2711/860/818 2716/860/818 2710/860/818
f 2712/860/818 2716/860/818 2711/860/818
f 2713/860/818 2716/860/818 2712/860/818
f 2714/860/818 2716/860/818 2713/860/818
f 2714/860/818 2715/860/819 2716/860/818
f 2738/862/821 2727/861/820 2739/862/821
f 2738/862/821 2726/861/820 2727/861/820
f 2740/863/822 2739/862/821 2741/863/822
f 2740/863/822 2738/862/821 2739/862/821
f 2742/864/823 2741/863/822 2743/864/823
f 2742/864/823 2740/863/822 2741/863/822
f 2744/865/824 2743/864/823 2745/865/824
f 2744/865/824 2742/864/823 2743/864/823
f 2746/866/825 2745/865/824 2747/866/825
f 2746/866/825 2744/865/824 2745/865/824
f 2724/867/826 2747/866/825 2723/867/826
f 2724/867/826 2746/866/825 2747/866/825
f 2731/868/827 2748/869/828 2730/868/827
f 2731/868/827 2749/869/828 2748/869/828
f 2749/869/828 2750/870/829 2748/869/828
f 2749/869/828 2751/870/829 2750/870/829
f 2751/870/829 2752/871/830 2750/870/829
f 2751/870/829 2753/871/830 2752/871/830
f 2753/871/830 2754/872/831 2752/871/830
f 2753/871/830 2755/872/831 2754/872/831
f 2755/872/831 2756/873/832 2754/872/831
f 2755/872/831 2757/873/832 2756/873/832
f 2757/873/832 2722/874/833 2756/873/832
f 2757/873/832 2725/874/833 2722/874/833
f 2758/876/835 2735/875/834 2759/877/835
f 2758/876/835 2734/875/834 2735/875/834
f 2760/878/836 2759/877/835 2761/879/836
f 2760/878/836 2758/876/835 2759/877/835
f 2762/880/837 2761/879/836 2763/881/838
f 2762/880/837 2760/878/836 2761/879/836
f 2764/882/839 2763/881/838 2765/883/839
f 2764/882/839 2762/880/837 2763/881/838
f 2766/884/840 2765/883/839 2767/885/840
f 2766/884/840 2764/882/839 2765/883/839
f 2729/886/841 2767/885/840 2728/887/842
f 2729/886/841 2766/884/840 2767/885/840
f 2737/888/843 2768/889/844 2736/888/843
f 2737/888/843 2769/890/844 2768/889/844
f 2769/890/844 2770/891/845 2768/889/844
f 2769/890/844 2771/892/845 2770/891/845
f 2771/892/845 2772/893/846 2770/891/845
f 2771/892/845 2773/894/847 2772/893/846
f 2773/894/847 2774/895/848 2772/893/846
f 2773/894/847 2775/896/848 2774/895/848
f 2775/896/848 2776/897/849 2774/895/848
f 2775/896/848 2777/898/849 2776/897/849
f 2777/898/849 2733/899/850 2776/897/849
f 2777/898/849 2732/900/851 2733/899/850
f 2722/874/833 2724/867/826 2723/867/826
f 2722/874/833 2725/874/833 2724/867/826
f 2726/861/820 2728/887/842 2727/861/820
f 2726/861/820 2729/887/841 2728/887/842
f 2726/861/820 2717/857/852 2729/887/841
f 2737/888/843 2735/875/834 2734/875/834
f 2737/888/843 2736/888/843 2735/875/834
f 2725/874/853 2694/853/803 2690/849/799
f 2690/849/799 2724/867/853 2725/874/853
f 2690/849/799 2693/854/804 2724/867/853
f 2728/924/858 2739/902/855 2727/901/854
f 2767/923/855 2739/902/855 2728/924/858
f 2767/923/855 2741/903/856 2739/902/855
f 2765/922/855 2741/903/856 2767/923/855
f 2765/922/855 2743/904/857 2741/903/856
f 2763/921/856 2743/904/857 2765/922/855
f 2763/921/856 2745/905/856 2743/904/857
f 2761/920/854 2745/905/856 2763/921/856
f 2761/920/854 2747/906/854 2745/905/856
f 2759/919/855 2747/906/854 2761/920/854
f 2759/919/855 2723/867/854 2747/906/854
f 2735/875/854 2723/867/854 2759/919/855
f 2735/875/854 2722/874/854 2723/867/854
f 2736/888/854 2722/874/854 2735/875/854
f 2736/888/854 2756/907/854 2722/874/854
f 2768/918/855 2756/907/854 2736/888/854
f 2768/918/855 2754/908/856 2756/907/854
f 2770/917/854 2754/908/856 2768/918/855
f 2770/917/854 2752/909/857 2754/908/856
f 2772/916/856 2752/909/857 2770/917/854
f 2772/916/856 2750/910/856 2752/909/857
f 2774/915/855 2750/910/856 2772/916/856
f 2774/915/855 2748/911/855 2750/910/856
f 2776/914/855 2748/911/855 2774/915/855
f 2776/914/855 2730/912/854 2748/911/855
f 2776/914/855 2733/913/858 2730/912/854
f 2684/900/860 2778/926/859 2779/925/859
f 2684/900/860 2694/853/803 2778/926/859
f 2684/900/860 2682/856/806 2694/853/803
f 2684/900/861 2720/900/861 2718/900/861
f 2684/900/861 2779/925/861 2720/900/861
f 2779/925/861 2732/900/851 2720/900/861
f 2779/925/861 2778/926/862 2732/900/851
f 2732/900/851 2730/868/827 2733/899/850
f 2732/900/851 2731/868/827 2730/868/827
f 2732/900/851 2778/926/862 2731/868/827
f 2757/873/863 2694/853/803 2725/874/853
f 2755/872/863 2694/853/803 2757/873/863
f 2753/871/863 2694/853/803 2755/872/863
f 2751/870/863 2694/853/803 2753/871/863
f 2749/869/864 2694/853/803 2751/870/863
f 2749/869/864 2731/868/863 2694/853/803
f 2746/866/863 2724/867/853 2693/854/804
f 2693/854/804 2744/865/863 2746/866/863
f 2693/854/804 2742/864/863 2744/865/863
f 2693/854/804 2740/863/863 2742/864/863
f 2693/854/804 2738/862/864 2740/863/863
f 2693/854/804 2726/861/863 2738/862/864
f 2717/857/852 2721/857/865 2729/927/841
f 2717/857/852 2780/857/865 2721/857/865
f 2780/857/865 2719/857/865 2721/857/865
f 2780/857/865 2685/857/865 2719/857/865
f 2784/822/869 2782/820/870 2783/821/866
f 2785/823/868 2782/820/870 2784/822/869
f 2786/824/867 2782/820/870 2785/823/868
f 2786/824/867 2781/819/869 2782/820/870
f 2786/824/867 2787/825/866 2781/819/869
f 2803/831/871 2798/829/871 2789/830/871
f 2803/831/871 2790/828/871 2798/829/871
f 2790/828/871 2788/826/871 2797/827/871
f 2790/828/871 2804/832/871 2788/826/871
f 2790/828/871 2803/831/871 2804/832/871
f 2806/833/871 2800/838/871 2792/839/871
f 2806/833/871 2793/837/871 2800/838/871
f 2806/833/871 2799/836/871 2793/837/871
f 2806/833/871 2791/835/871 2799/836/871
f 2806/833/871 2805/834/871 2791/835/871
f 2808/840/871 2802/845/871 2794/846/871
f 2808/840/871 2796/844/871 2802/845/871
f 2808/840/871 2801/843/871 2796/844/871
f 2808/840/871 2795/842/871 2801/843/871
f 2808/840/871 2807/841/871 2795/842/871
f 2812/847/874 2809/848/873 2813/849/872
f 2814/851/875 2813/849/872 2811/850/876
f 2814/851/875 2812/847/874 2813/849/872
f 2813/849/872 2810/852/877 2811/850/876
f 2817/853/878 2813/849/872 2809/848/873
f 2816/854/880 2815/855/879 2810/852/877
f 2816/854/880 2810/852/877 2813/849/872
f 2817/853/878 2809/848/873 2682/856/806
f 2816/854/880 2685/857/807 2683/858/808
f 2683/858/808 2815/855/879 2816/854/880
f 2811/850/876 2810/852/877 2815/855/879
f 2818/859/881 2812/847/874 2814/851/875
f 2820/860/887 2696/860/810 2819/860/884
f 2820/860/887 2706/860/817 2696/860/810
f 2821/860/884 2706/860/817 2820/860/887
f 2822/860/884 2706/860/817 2821/860/884
f 2823/860/886 2706/860/817 2822/860/884
f 2824/860/885 2706/860/817 2823/860/886
f 2825/860/884 2706/860/817 2824/860/885
f 2826/860/883 2706/860/817 2825/860/884
f 2826/860/883 2827/860/882 2706/860/817
f 2716/860/818 2828/860/818 2707/860/818
f 2716/860/818 2829/860/818 2828/860/818
f 2716/860/818 2830/860/818 2829/860/818
f 2716/860/818 2831/860/818 2830/860/818
f 2716/860/818 2832/860/818 2831/860/818
f 2716/860/818 2833/860/818 2832/860/818
f 2716/860/818 2834/860/818 2833/860/818
f 2716/860/818 2835/860/819 2834/860/818
f 2843/861/888 2856/862/889 2844/861/888
f 2843/861/888 2855/862/889 2856/862/889
f 2855/862/889 2858/863/890 2856/862/889
f 2855/862/889 2857/863/890 2858/863/890
f 2857/863/890 2860/864/891 2858/863/890
f 2857/863/890 2859/864/891 2860/864/891
f 2859/864/891 2862/865/892 2860/864/891
f 2859/864/891 2861/865/892 2862/865/892
f 2861/865/892 2864/866/893 2862/865/892
f 2861/865/892 2863/866/893 2864/866/893
f 2863/866/893 2840/867/894 2864/866/893
f 2863/866/893 2841/867/894 2840/867/894
f 2866/869/896 2847/868/895 2865/869/896
f 2866/869/896 2848/868/895 2847/868/895
f 2868/870/897 2865/869/896 2867/870/897
f 2868/870/897 2866/869/896 2865/869/896
f 2870/871/898 2867/870/897 2869/871/898
f 2870/871/898 2868/870/897 2867/870/897
f 2872/872/899 2869/871/898 2871/872/899
f 2872/872/899 2870/871/898 2869/871/898
f 2874/873/900 2871/872/899 2873/873/900
f 2874/873/900 2872/872/899 2871/872/899
f 2842/874/901 2873/873/900 2839/874/901
f 2842/874/901 2874/873/900 2873/873/900
f 2851/875/902 2876/877/903 2852/875/902
f 2851/875/902 2875/876/903 2876/877/903
f 2875/876/903 2878/879/904 2876/877/903
f 2875/876/903 2877/878/904 2878/879/904
f 2877/878/904 2880/881/905 2878/879/904
f 2877/878/904 2879/880/906 2880/881/905
f 2879/880/906 2882/883/907 2880/881/905
f 2879/880/906 2881/882/907 2882/883/907
f 2881/882/907 2884/885/908 2882/883/907
f 2881/882/907 2883/884/908 2884/885/908
f 2883/884/908 2845/887/909 2884/885/908
f 2883/884/908 2846/886/910 2845/887/909
f 2886/890/912 2853/888/911 2885/889/912
f 2886/890/912 2854/888/911 2853/888/911
f 2888/892/913 2885/889/912 2887/891/913
f 2888/892/913 2886/890/912 2885/889/912
f 2890/894/914 2887/891/913 2889/893/915
f 2890/894/914 2888/892/913 2887/891/913
f 2892/896/916 2889/893/915 2891/895/916
f 2892/896/916 2890/894/914 2889/893/915
f 2894/898/917 2891/895/916 2893/897/917
f 2894/898/917 2892/896/916 2891/895/916
f 2849/900/918 2893/897/917 2850/899/919
f 2849/900/918 2894/898/917 2893/897/917
f 2842/874/901 2840/867/894 2841/867/894
f 2842/874/901 2839/874/901 2840/867/894
f 2846/887/910 2844/861/888 2845/887/909
f 2846/887/910 2843/861/888 2844/861/888
f 2846/887/910 2836/857/852 2843/861/888
f 2853/888/911 2851/875/902 2852/875/902
f 2853/888/911 2854/888/911 2851/875/902
f 2841/867/920 2816/854/880 2813/849/872
f 2842/874/920 2841/867/920 2813/849/872
f 2813/849/872 2817/853/878 2842/874/920
f 2844/901/921 2884/923/922 2845/924/921
f 2856/902/924 2884/923/922 2844/901/921
f 2856/902/924 2882/922/923 2884/923/922
f 2858/903/921 2882/922/923 2856/902/924
f 2858/903/921 2880/921/921 2882/922/923
f 2860/904/921 2880/921/921 2858/903/921
f 2860/904/921 2878/920/921 2880/921/921
f 2862/905/925 2878/920/921 2860/904/921
f 2862/905/925 2876/919/924 2878/920/921
f 2864/906/921 2876/919/924 2862/905/925
f 2864/906/921 2852/875/921 2876/919/924
f 2840/867/921 2852/875/921 2864/906/921
f 2840/867/921 2853/888/921 2852/875/921
f 2839/874/921 2853/888/921 2840/867/921
f 2839/874/921 2885/918/924 2853/888/921
f 2873/907/921 2885/918/924 2839/874/921
f 2873/907/921 2887/917/921 2885/918/924
f 2871/908/925 2887/917/921 2873/907/921
f 2871/908/925 2889/916/921 2887/917/921
f 2869/909/921 2889/916/921 2871/908/925
f 2869/909/921 2891/915/923 2889/916/921
f 2867/910/921 2891/915/923 2869/909/921
f 2867/910/921 2893/914/922 2891/915/923
f 2865/911/924 2893/914/922 2867/910/921
f 2865/911/924 2850/913/921 2893/914/922
f 2865/911/924 2847/912/921 2850/913/921
f 2896/925/926 2682/856/806 2684/900/860
f 2682/856/806 2895/926/926 2817/853/878
f 2682/856/806 2896/925/926 2895/926/926
f 2896/925/861 2718/900/861 2837/900/861
f 2896/925/861 2684/900/861 2718/900/861
f 2895/926/862 2837/900/861 2849/900/918
f 2895/926/862 2896/925/861 2837/900/861
f 2848/868/895 2850/899/919 2847/868/895
f 2848/868/895 2849/900/918 2850/899/919
f 2848/868/895 2895/926/862 2849/900/918
f 2817/853/878 2874/873/863 2842/874/920
f 2817/853/878 2872/872/863 2874/873/863
f 2817/853/878 2870/871/863 2872/872/863
f 2817/853/878 2868/870/863 2870/871/863
f 2817/853/878 2866/869/864 2868/870/863
f 2817/853/878 2848/868/863 2866/869/864
f 2816/854/880 2855/862/864 2843/861/863
f 2857/863/863 2855/862/864 2816/854/880
f 2859/864/863 2857/863/863 2816/854/880
f 2861/865/863 2859/864/863 2816/854/880
f 2863/866/863 2861/865/863 2816/854/880
f 2816/854/880 2841/867/920 2863/866/863
f 2897/857/865 2846/927/910 2838/857/865
f 2897/857/865 2836/857/852 2846/927/910
f 2685/857/865 2838/857/865 2719/857/865
f 2685/857/865 2897/857/865 2838/857/865
g obj6
s 1
f 2910/928/927 2902/934/927 2901/934/927
f 2909/929/928 2910/928/927 2901/934/927
f 2908/930/927 2909/929/928 2901/934/927
f 2907/931/927 2908/930/927 2901/934/927
f 2906/932/928 2907/931/927 2901/934/927
f 2901/934/927 2904/933/927 2906/932/928
f 2900/935/927 2911/937/928 2905/936/927
f 2900/935/927 2912/938/927 2911/937/928
f 2900/935/927 2913/939/927 2912/938/927
f 2900/935/927 2914/940/928 2913/939/927
f 2900/935/927 2915/941/927 2914/940/928
f 2900/935/927 2903/935/927 2915/941/927
f 2899/934/927 2904/942/927 2901/934/927
f 2898/935/927 2904/942/927 2899/934/927
f 2898/935/927 2905/936/927 2904/942/927
f 2898/935/927 2900/935/927 2905/936/927
f 2921/945/931 2920/944/930 2923/943/929
f 2920/944/930 2932/947/933 2923/943/929
f 2920/944/930 2933/946/932 2932/947/933
f 2923/943/935 2937/947/935 2936/943/934
f 2923/943/935 2932/947/936 2937/947/935
f 2930/949/930 2924/948/937 2932/947/933
f 2932/947/933 2933/946/932 2930/949/930
f 2938/952/938 2929/951/938 2919/950/938
f 2923/943/929 2922/953/939 2921/945/931
f 2923/943/929 2938/952/940 2922/953/939
f 2932/947/933 2928/955/942 2931/954/941
f 2924/948/937 2928/955/942 2932/947/933
f 2925/958/945 2928/955/942 2924/948/937
f 2925/958/945 2927/956/943 2928/955/942
f 2925/958/945 2926/957/944 2927/956/943
f 2939/961/948 2934/960/946 2940/959/946
f 2939/961/948 2931/954/947 2934/960/946
f 2937/947/949 2931/954/947 2939/961/948
f 2937/947/949 2932/947/949 2931/954/947
f 2938/952/938 2936/943/938 2929/951/938
f 2938/952/938 2923/943/938 2936/943/938
f 2929/951/950 2935/963/953 2919/950/952
f 2941/962/951 2935/963/953 2929/951/950
f 2941/962/951 2940/959/950 2935/963/953
f 2941/962/951 2939/961/950 2940/959/950
f 2964/967/957 2957/966/956 2948/965/955
f 2965/968/958 2964/967/957 2948/965/955
f 2948/965/955 2950/964/954 2965/968/958
f 2945/973/963 2959/970/960 2951/969/959
f 2945/973/963 2958/971/961 2959/970/960
f 2945/973/963 2952/972/962 2958/971/961
f 2960/976/965 2947/978/967 2954/977/966
f 2961/975/965 2947/978/967 2960/976/965
f 2961/975/965 2953/974/964 2947/978/967
f 2962/981/970 2949/983/972 2956/982/971
f 2963/980/969 2955/979/968 2949/983/972
f 2949/983/972 2962/981/970 2963/980/969
f 2921/945/931 2945/973/963 2943/986/974
f 2921/945/931 2952/972/962 2945/973/963
f 2921/945/931 2953/984/964 2952/972/962
f 2921/945/931 2947/978/967 2953/984/964
f 2921/945/931 2942/985/973 2947/978/967
f 2921/945/931 2922/953/939 2942/985/973
f 2948/965/955 2918/989/976 2944/988/975
f 2948/965/955 2946/990/977 2918/989/976
f 2957/987/956 2946/990/977 2948/965/955
f 2956/982/971 2946/990/977 2957/987/956
f 2956/982/971 2949/983/972 2946/990/977
f 2943/986/974 2944/988/975 2917/991/978
f 2943/986/974 2948/965/955 2944/988/975
f 2943/986/974 2950/964/954 2948/965/955
f 2943/986/974 2951/969/959 2950/964/954
f 2943/986/974 2945/973/963 2951/969/959
f 2949/983/972 2916/992/979 2946/990/977
f 2949/983/972 2942/985/973 2916/992/979
f 2955/979/968 2942/985/973 2949/983/972
f 2954/993/966 2942/985/973 2955/979/968
f 2954/993/966 2947/978/967 2942/985/973
f 2968/994/980 3006/995/927 2966/995/980
f 2968/994/980 3008/994/927 3006/995/927
f 2972/996/981 3014/997/927 2974/997/981
f 2972/996/981 3012/996/927 3014/997/927
f 3047/999/983 3030/1001/982 3046/1000/983
f 3047/999/983 3031/998/982 3030/1001/982
f 3049/1002/984 3046/1000/983 3048/1003/984
f 3049/1002/984 3047/999/983 3046/1000/983
f 3018/1004/985 3048/1003/984 3019/1005/986
f 3018/1004/985 3049/1002/984 3048/1003/984
f 3032/998/987 3051/1000/988 3033/1001/987
f 3032/998/987 3050/999/988 3051/1000/988
f 3050/999/988 3053/1003/989 3051/1000/988
f 3050/999/988 3052/1002/989 3053/1003/989
f 3052/1002/989 3028/1005/990 3053/1003/989
f 3052/1002/989 3029/1004/991 3028/1005/990
f 3034/1009/992 3055/1007/993 3035/1006/992
f 3034/1009/992 3054/1008/993 3055/1007/993
f 3054/1008/993 3057/1010/994 3055/1007/993
f 3054/1008/993 3056/1011/994 3057/1010/994
f 3056/1011/994 3020/1012/995 3057/1010/994
f 3056/1011/994 3021/1013/995 3020/1012/995
f 3059/1008/997 3036/1006/996 3058/1007/997
f 3059/1008/997 3037/1009/996 3036/1006/996
f 3061/1011/998 3058/1007/997 3060/1010/998
f 3061/1011/998 3059/1008/997 3058/1007/997
f 3026/1013/999 3060/1010/998 3027/1012/999
f 3026/1013/999 3061/1011/998 3060/1010/998
f 3063/1015/983 3038/1017/982 3062/1016/983
f 3063/1015/983 3039/1014/982 3038/1017/982
f 3065/1018/984 3062/1016/983 3064/1019/984
f 3065/1018/984 3063/1015/983 3062/1016/983
f 3022/1020/1000 3064/1019/984 3023/1021/985
f 3022/1020/1000 3065/1018/984 3064/1019/984
f 3040/1014/987 3067/1016/988 3041/1017/987
f 3040/1014/987 3066/1015/988 3067/1016/988
f 3066/1015/988 3069/1019/989 3067/1016/988
f 3066/1015/988 3068/1018/989 3069/1019/989
f 3068/1018/989 3024/1021/991 3069/1019/989
f 3068/1018/989 3025/1020/990 3024/1021/991
f 3071/1016/983 3042/998/982 3070/999/983
f 3071/1016/983 3043/1017/982 3042/998/982
f 3073/1019/984 3070/999/983 3072/1002/984
f 3073/1019/984 3071/1016/983 3070/999/983
f 3023/1021/985 3072/1002/984 3018/1004/985
f 3023/1021/985 3073/1019/984 3072/1002/984
f 3044/1017/987 3075/999/988 3045/998/987
f 3044/1017/987 3074/1016/988 3075/999/988
f 3074/1016/988 3077/1002/989 3075/999/988
f 3074/1016/988 3076/1019/989 3077/1002/989
f 3076/1019/989 3029/1004/991 3077/1002/989
f 3076/1019/989 3024/1021/991 3029/1004/991
f 3047/999/946 3042/998/1001 3031/998/1001
f 3047/999/946 3070/999/946 3042/998/1001
f 3047/999/946 3072/1023/946 3070/999/946
f 3049/1022/946 3072/1023/946 3047/999/946
f 3049/1022/946 3018/1004/1001 3072/1023/946
f 3046/1000/938 3030/1001/938 2967/1001/938
f 3048/1003/938 3046/1000/938 2967/1001/938
f 2967/1001/938 3019/1005/1002 3048/1003/938
f 2971/1025/938 3057/1024/938 3020/1012/1002
f 2971/1025/938 3055/1007/938 3057/1024/938
f 2971/1025/938 3035/1006/938 3055/1007/938
f 3056/1027/946 2970/1009/946 3021/1026/1003
f 3054/1008/946 2970/1009/946 3056/1027/946
f 3054/1008/946 3034/1009/946 2970/1009/946
f 3063/1015/946 2969/1014/946 3039/1014/946
f 3065/1018/946 3022/1020/1003 2969/1014/946
f 2969/1014/946 3063/1015/946 3065/1018/946
f 3071/1016/946 3038/1017/1001 3043/1017/1001
f 3071/1016/946 3062/1016/946 3038/1017/1001
f 3071/1016/946 3064/1028/946 3062/1016/946
f 3073/1028/946 3064/1028/946 3071/1016/946
f 3073/1028/946 3023/1021/1001 3064/1028/946
f 3067/1016/938 3044/1017/1001 3041/1017/1001
f 3067/1016/938 3074/1016/938 3044/1017/1001
f 3067/1016/938 3076/1028/938 3074/1016/938
f 3069/1028/938 3076/1028/938 3067/1016/938
f 3069/1028/938 3024/1021/1001 3076/1028/938
f 3066/1015/946 3040/1014/946 2981/1014/946
f 3068/1018/946 3066/1015/946 2981/1014/946
f 2981/1014/946 3025/1020/946 3068/1018/946
f 2982/1009/946 3061/1011/946 3026/1026/946
f 2982/1009/946 3059/1008/946 3061/1011/946
f 2982/1009/946 3037/1009/946 3059/1008/946
f 3060/1010/938 2983/1025/938 3027/1012/938
f 3058/1007/938 2983/1025/938 3060/1010/938
f 3058/1007/938 3036/1006/938 2983/1025/938
f 3051/1029/938 2979/1001/938 3033/1001/938
f 3053/1003/938 3028/1005/938 2979/1001/938
f 2979/1001/938 3051/1029/938 3053/1003/938
f 3075/999/938 3032/998/1001 3045/998/1001
f 3075/999/938 3050/999/938 3032/998/1001
f 3075/999/938 3052/1023/938 3050/999/938
f 3077/1022/938 3052/1023/938 3075/999/938
f 3077/1022/938 3029/1004/1001 3052/1023/938
f 3021/1013/995 3019/1005/986 3020/1012/995
f 3021/1013/995 3018/1031/985 3019/1005/986
f 3021/1013/995 3023/1030/985 3018/1031/985
f 3021/1013/995 3022/1020/1000 3023/1030/985
f 3029/998/991 3027/1012/999 3028/1005/990
f 3029/998/991 3026/1013/999 3027/1012/999
f 3024/998/991 3026/1013/999 3029/998/991
f 3024/998/991 3025/1020/990 3026/1013/999
f 3030/1001/982 3032/998/987 3033/1001/987
f 3030/1001/982 3031/998/982 3032/998/987
f 3037/1009/996 3035/1006/992 3036/1006/996
f 3037/1009/996 3034/1009/992 3035/1006/992
f 3038/1017/982 3040/1014/987 3041/1017/987
f 3038/1017/982 3039/1014/982 3040/1014/987
f 3022/1020/1003 3009/1014/946 2969/1014/946
f 3022/1020/1003 3010/1009/946 3009/1014/946
f 3021/1013/1003 3010/1009/946 3022/1020/1003
f 3021/1013/1003 2970/1009/946 3010/1009/946
f 3007/1001/938 3019/1005/1002 2967/1001/938
f 3011/1025/938 3019/1005/1002 3007/1001/938
f 3011/1025/938 3020/1032/1002 3019/1005/1002
f 3011/1025/938 2971/1025/938 3020/1032/1002
f 3095/1033/1005 3087/994/1004 3094/1034/1005
f 3095/1033/1005 3088/1017/1004 3087/994/1004
f 3097/1035/1006 3094/1034/1005 3096/1036/1006
f 3097/1035/1006 3095/1033/1005 3094/1034/1005
f 3078/1037/1007 3096/1036/1006 3079/1038/1007
f 3078/1037/1007 3097/1035/1006 3096/1036/1006
f 3089/1017/1008 3099/1034/1009 3086/994/1008
f 3089/1017/1008 3098/1033/1009 3099/1034/1009
f 3098/1033/1009 3101/1036/1010 3099/1034/1009
f 3098/1033/1009 3100/1035/1010 3101/1036/1010
f 3100/1035/1010 3084/1038/1011 3101/1036/1010
f 3100/1035/1010 3085/1037/1011 3084/1038/1011
f 3103/1039/1013 3091/995/1012 3102/1040/1013
f 3103/1039/1013 3092/998/1012 3091/995/1012
f 3105/1041/1014 3102/1040/1013 3104/1042/1014
f 3105/1041/1014 3103/1039/1013 3102/1040/1013
f 3082/1043/1015 3104/1042/1014 3083/1044/1015
f 3082/1043/1015 3105/1041/1014 3104/1042/1014
f 3093/998/1016 3107/1040/1017 3090/995/1016
f 3093/998/1016 3106/1039/1017 3107/1040/1017
f 3106/1039/1017 3109/1042/1018 3107/1040/1017
f 3106/1039/1017 3108/1041/1018 3109/1042/1018
f 3108/1041/1018 3080/1044/1019 3109/1042/1018
f 3108/1041/1018 3081/1043/1019 3080/1044/1019
f 2993/1017/1021 3097/1045/1021 3078/1037/1020
f 2993/1017/1021 3095/1033/1021 3097/1045/1021
f 2993/1017/1021 3088/1017/1021 3095/1033/1021
f 3096/1036/927 2992/994/980 3079/1038/1022
f 3094/1034/927 2992/994/980 3096/1036/927
f 3094/1034/927 3087/994/927 2992/994/980
f 3107/1040/927 2990/995/980 3090/995/927
f 3109/1047/927 3080/1046/1022 2990/995/980
f 2990/995/980 3107/1040/927 3109/1047/927
f 3106/1039/1021 3093/998/1021 2991/998/1021
f 3108/1041/1021 3106/1039/1021 2991/998/1021
f 2991/998/1021 3081/1043/1020 3108/1041/1021
f 3103/1039/1021 2999/998/1021 3092/998/1021
f 3105/1041/1021 3082/1043/1020 2999/998/1021
f 2999/998/1021 3103/1039/1021 3105/1041/1021
f 3102/1040/927 3091/995/927 2998/995/1024
f 3104/1047/927 3102/1040/927 2998/995/1024
f 2998/995/1024 3083/1046/1023 3104/1047/927
f 3000/994/1024 3101/1036/927 3084/1038/1023
f 3000/994/1024 3099/1034/927 3101/1036/927
f 3000/994/1024 3086/994/927 3099/1034/927
f 3100/1045/1021 3001/1017/1021 3085/1037/1020
f 3098/1033/1021 3001/1017/1021 3100/1045/1021
f 3098/1033/1021 3089/1017/1021 3001/1017/1021
f 3078/1037/1007 3080/1044/1019 3081/1043/1019
f 3078/1037/1007 3079/1038/1007 3080/1044/1019
f 3084/1038/1011 3082/1043/1015 3083/1044/1015
f 3084/1038/1011 3085/1037/1011 3082/1043/1015
f 3088/1017/1004 3086/994/1008 3087/994/1004
f 3088/1017/1004 3089/1017/1008 3086/994/1008
f 3092/998/1012 3090/995/1016 3091/995/1012
f 3092/998/1012 3093/998/1016 3090/995/1016
f 2990/995/980 2968/994/980 2966/995/980
f 3080/1044/1022 2968/994/980 2990/995/980
f 3079/1038/1022 2968/994/980 3080/1044/1022
f 3079/1038/1022 2992/994/980 2968/994/980
f 2980/994/1025 2998/995/1024 2978/995/1025
f 2980/994/1025 3083/1044/1023 2998/995/1024
f 2980/994/1025 3084/1038/1023 3083/1044/1023
f 2980/994/1025 3000/994/1024 3084/1038/1023
f 2998/995/1001 2966/995/1001 2978/995/1001
f 2998/995/1001 2990/995/1001 2966/995/1001
f 2998/995/1001 3090/995/1001 2990/995/1001
f 2998/995/1001 3091/995/1001 3090/995/1001
f 2992/994/1001 2980/994/1001 2968/994/1001
f 2992/994/1001 3000/994/1001 2980/994/1001
f 2992/994/1001 3086/994/1001 3000/994/1001
f 2992/994/1001 3087/994/1001 3086/994/1001
f 3043/1017/982 2991/998/1021 3042/998/982
f 3043/1017/982 3081/1043/1020 2991/998/1021
f 3043/1017/982 3078/1037/1020 3081/1043/1020
f 3043/1017/982 2993/1017/1021 3078/1037/1020
f 2999/998/1021 3044/1017/987 3045/998/987
f 3082/1043/1020 3044/1017/987 2999/998/1021
f 3085/1037/1020 3044/1017/987 3082/1043/1020
f 3085/1037/1020 3001/1017/1021 3044/1017/987
f 3041/1017/1001 3043/1017/1001 3038/1017/1001
f 3041/1017/1001 2993/1017/1001 3043/1017/1001
f 3041/1017/1001 3088/1017/1001 2993/1017/1001
f 3041/1017/1001 3089/1017/1001 3088/1017/1001
f 3041/1017/1001 3001/1017/1001 3089/1017/1001
f 3041/1017/1001 3044/1017/1001 3001/1017/1001
f 2991/998/1001 3031/998/1001 3042/998/1001
f 2991/998/1001 3032/998/1001 3031/998/1001
f 2991/998/1001 3045/998/1001 3032/998/1001
f 2991/998/1001 2999/998/1001 3045/998/1001
f 2991/998/1001 3092/998/1001 2999/998/1001
f 2991/998/1001 3093/998/1001 3092/998/1001
f 3155/1049/983 3122/1051/982 3154/1050/983
f 3155/1049/983 3123/1048/982 3122/1051/982
f 3157/1052/984 3154/1050/983 3156/1053/984
f 3157/1052/984 3155/1049/983 3154/1050/983
f 3110/1054/985 3156/1053/984 3111/1055/1026
f 3110/1054/985 3157/1052/984 3156/1053/984
f 3124/1048/987 3159/1050/988 3125/1051/987
f 3124/1048/987 3158/1049/988 3159/1050/988
f 3158/1049/988 3161/1053/989 3159/1050/988
f 3158/1049/988 3160/1052/989 3161/1053/989
f 3160/1052/989 3120/1055/990 3161/1053/989
f 3160/1052/989 3121/1054/991 3120/1055/990
f 3126/1059/1027 3163/1057/993 3127/1056/1027
f 3126/1059/1027 3162/1058/993 3163/1057/993
f 3162/1058/993 3165/1060/994 3163/1057/993
f 3162/1058/993 3164/1061/994 3165/1060/994
f 3164/1061/994 3112/1062/995 3165/1060/994
f 3164/1061/994 3113/1063/995 3112/1062/995
f 3167/1058/997 3128/1056/1028 3166/1057/997
f 3167/1058/997 3129/1059/1028 3128/1056/1028
f 3169/1061/998 3166/1057/997 3168/1060/998
f 3169/1061/998 3167/1058/997 3166/1057/997
f 3118/1063/1029 3168/1060/998 3119/1062/1029
f 3118/1063/1029 3169/1061/998 3168/1060/998
f 3171/1065/983 3130/1067/982 3170/1066/983
f 3171/1065/983 3131/1064/982 3130/1067/982
f 3173/1068/984 3170/1066/983 3172/1069/984
f 3173/1068/984 3171/1065/983 3170/1066/983
f 3114/1070/1026 3172/1069/984 3115/1071/985
f 3114/1070/1026 3173/1068/984 3172/1069/984
f 3132/1064/987 3175/1066/988 3133/1067/987
f 3132/1064/987 3174/1065/988 3175/1066/988
f 3174/1065/988 3177/1069/989 3175/1066/988
f 3174/1065/988 3176/1068/989 3177/1069/989
f 3176/1068/989 3116/1071/991 3177/1069/989
f 3176/1068/989 3117/1070/990 3116/1071/991
f 3179/1066/983 3134/1073/982 3178/1049/983
f 3179/1066/983 3135/1072/982 3134/1073/982
f 3181/1069/984 3178/1049/983 3180/1052/984
f 3181/1069/984 3179/1066/983 3178/1049/983
f 3115/1071/985 3180/1052/984 3110/1054/985
f 3115/1071/985 3181/1069/984 3180/1052/984
f 3140/1072/987 3183/1049/988 3141/1073/987
f 3140/1072/987 3182/1066/988 3183/1049/988
f 3182/1066/988 3185/1052/989 3183/1049/988
f 3182/1066/988 3184/1069/989 3185/1052/989
f 3184/1069/989 3121/1054/991 3185/1052/989
f 3184/1069/989 3116/1071/991 3121/1054/991
f 3147/1072/1008 3187/1074/1030 3148/996/1008
f 3147/1072/1008 3186/1075/1030 3187/1074/1030
f 3186/1075/1030 3189/1076/1031 3187/1074/1030
f 3186/1075/1030 3188/1077/1031 3189/1076/1031
f 3188/1077/1031 3144/1078/1011 3189/1076/1031
f 3188/1077/1031 3145/1079/1011 3144/1078/1011
f 3191/1075/1032 3149/996/1004 3190/1074/1032
f 3191/1075/1032 3146/1072/1004 3149/996/1004
f 3193/1077/1033 3190/1074/1032 3192/1076/1033
f 3193/1077/1033 3191/1075/1032 3190/1074/1032
f 3136/1079/1007 3192/1076/1033 3137/1078/1007
f 3136/1079/1007 3193/1077/1033 3192/1076/1033
f 3151/1073/1016 3195/1080/1034 3152/997/1016
f 3151/1073/1016 3194/1081/1034 3195/1080/1034
f 3194/1081/1034 3197/1082/1035 3195/1080/1034
f 3194/1081/1034 3196/1083/1035 3197/1082/1035
f 3196/1083/1035 3138/1084/1019 3197/1082/1035
f 3196/1083/1035 3139/1085/1019 3138/1084/1019
f 3199/1081/1036 3153/997/1012 3198/1080/1036
f 3199/1081/1036 3150/1073/1012 3153/997/1012
f 3201/1083/1037 3198/1080/1036 3200/1082/1037
f 3201/1083/1037 3199/1081/1036 3198/1080/1036
f 3142/1085/1015 3200/1082/1037 3143/1084/1015
f 3142/1085/1015 3201/1083/1037 3200/1082/1037
f 3155/1049/946 3134/1073/1001 3123/1073/1001
f 3155/1049/946 3178/1049/946 3134/1073/1001
f 3155/1049/946 3180/1087/946 3178/1049/946
f 3157/1086/946 3180/1087/946 3155/1049/946
f 3157/1086/946 3110/1054/1001 3180/1087/946
f 3154/1089/938 3122/1051/938 2975/1051/938
f 3156/1090/938 3154/1089/938 2975/1051/938
f 2975/1051/938 3111/1088/1002 3156/1090/938
f 2977/1056/938 3165/1060/938 3112/1062/1002
f 2977/1056/938 3163/1091/938 3165/1060/938
f 2977/1056/938 3127/1056/938 3163/1091/938
f 3164/1061/946 2976/1059/946 3113/1092/1003
f 3162/1058/946 2976/1059/946 3164/1061/946
f 3162/1058/946 3126/1059/946 2976/1059/946
f 3171/1065/946 2973/1064/946 3131/1064/946
f 3173/1068/946 3114/1070/1003 2973/1064/946
f 2973/1064/946 3171/1065/946 3173/1068/946
f 3179/1094/946 3130/1072/1001 3135/1072/1001
f 3179/1094/946 3170/1066/946 3130/1072/1001
f 3179/1094/946 3172/1093/946 3170/1066/946
f 3181/1093/946 3172/1093/946 3179/1094/946
f 3181/1093/946 3115/1071/1001 3172/1093/946
f 3175/1094/938 3140/1072/1001 3133/1072/1001
f 3175/1094/938 3182/1066/938 3140/1072/1001
f 3175/1094/938 3184/1093/938 3182/1066/938
f 3177/1093/938 3184/1093/938 3175/1094/938
f 3177/1093/938 3116/1071/1001 3184/1093/938
f 3174/1095/946 3132/1064/946 2985/1064/946
f 3176/1068/946 3174/1095/946 2985/1064/946
f 2985/1064/946 3117/1070/946 3176/1068/946
f 2988/1059/946 3169/1061/946 3118/1092/946
f 2988/1059/946 3167/1058/946 3169/1061/946
f 2988/1059/946 3129/1059/946 3167/1058/946
f 3168/1060/938 2989/1056/938 3119/1062/938
f 3166/1057/938 2989/1056/938 3168/1060/938
f 3166/1057/938 3128/1056/938 2989/1056/938
f 3159/1089/938 2987/1051/938 3125/1051/938
f 3161/1096/938 3120/1088/938 2987/1051/938
f 2987/1051/938 3159/1089/938 3161/1096/938
f 3183/1049/1038 3124/1073/1001 3141/1073/1001
f 3183/1049/1038 3158/1049/1038 3124/1073/1001
f 3183/1049/1038 3160/1087/1038 3158/1049/1038
f 3185/1086/1038 3160/1087/1038 3183/1049/1038
f 3185/1086/1038 3121/1054/1001 3160/1087/1038
f 2995/1072/1040 3193/1097/1039 3136/1079/1039
f 2995/1072/1040 3191/1075/1039 3193/1097/1039
f 2995/1072/1040 3146/1072/1039 3191/1075/1039
f 3192/1076/1044 2994/996/1042 3137/1078/1041
f 3190/1098/1044 2994/996/1042 3192/1076/1044
f 3190/1098/1044 3149/996/1043 2994/996/1042
f 3195/1080/1046 2996/997/1048 3152/997/1047
f 3197/1082/1046 3138/1084/1045 2996/997/1048
f 2996/997/1048 3195/1080/1046 3197/1082/1046
f 3194/1099/1051 3151/1073/1049 2997/1073/1050
f 3196/1100/1051 3194/1099/1051 2997/1073/1050
f 2997/1073/1050 3139/1085/1049 3196/1100/1051
f 3199/1099/1053 3005/1073/1054 3150/1073/1052
f 3201/1100/1053 3142/1085/1052 3005/1073/1054
f 3005/1073/1054 3199/1099/1053 3201/1100/1053
f 3198/1080/1058 3153/997/1057 3004/997/1056
f 3200/1082/1058 3198/1080/1058 3004/997/1056
f 3004/997/1056 3143/1084/1055 3200/1082/1058
f 3002/996/1062 3189/1076/1060 3144/1078/1059
f 3002/996/1062 3187/1098/1060 3189/1076/1060
f 3002/996/1062 3148/996/1061 3187/1098/1060
f 3188/1077/1063 3003/1072/1064 3145/1079/1063
f 3186/1075/1063 3003/1072/1064 3188/1077/1063
f 3186/1075/1063 3147/1072/1063 3003/1072/1064
f 3113/1063/995 3111/1055/1026 3112/1062/995
f 3113/1063/995 3110/1102/985 3111/1055/1026
f 3113/1063/995 3115/1101/985 3110/1102/985
f 3113/1063/995 3114/1070/1026 3115/1101/985
f 3121/1073/991 3119/1062/1029 3120/1055/990
f 3121/1073/991 3118/1063/1029 3119/1062/1029
f 3116/1073/991 3118/1063/1029 3121/1073/991
f 3116/1073/991 3117/1070/990 3118/1063/1029
f 3122/1051/982 3124/1048/987 3125/1051/987
f 3122/1051/982 3123/1048/982 3124/1048/987
f 3129/1059/1028 3127/1056/1027 3128/1056/1028
f 3129/1059/1028 3126/1059/1027 3127/1056/1027
f 3130/1067/982 3132/1064/987 3133/1067/987
f 3130/1067/982 3131/1064/982 3132/1064/987
f 3135/1072/982 2997/1073/1050 3134/1073/982
f 3135/1072/982 2995/1072/1040 2997/1073/1050
f 3136/1079/1007 3138/1084/1019 3139/1085/1019
f 3136/1079/1007 3137/1078/1007 3138/1084/1019
f 3005/1073/1054 3140/1072/987 3141/1073/987
f 3005/1073/1054 3003/1072/1064 3140/1072/987
f 3144/1078/1011 3142/1085/1015 3143/1084/1015
f 3144/1078/1011 3145/1079/1011 3142/1085/1015
f 3146/1072/1004 3148/996/1008 3149/996/1004
f 3146/1072/1004 3147/1072/1008 3148/996/1008
f 3150/1073/1012 3152/997/1016 3153/997/1012
f 3150/1073/1012 3151/1073/1016 3152/997/1016
f 2996/997/1048 2972/996/981 2974/997/981
f 3138/1084/1045 2972/996/981 2996/997/1048
f 3137/1078/1041 2972/996/981 3138/1084/1045
f 3137/1078/1041 2994/996/1042 2972/996/981
f 2984/996/1065 3004/997/1056 2986/997/1065
f 2984/996/1065 3143/1084/1055 3004/997/1056
f 2984/996/1065 3144/1078/1059 3143/1084/1055
f 2984/996/1065 3002/996/1062 3144/1078/1059
f 3135/1072/1001 3146/1072/1001 2995/1072/1001
f 3135/1072/1001 3147/1072/1001 3146/1072/1001
f 3135/1072/1001 3003/1072/1001 3147/1072/1001
f 3135/1072/1001 3140/1072/1001 3003/1072/1001
f 3135/1072/1001 3133/1067/1001 3140/1072/1001
f 3135/1072/1001 3130/1067/1001 3133/1067/1001
f 2997/1073/1001 3123/1048/1001 3134/1073/1001
f 2997/1073/1001 3124/1048/1001 3123/1048/1001
f 2997/1073/1001 3141/1073/1001 3124/1048/1001
f 2997/1073/1001 3005/1073/1001 3141/1073/1001
f 2997/1073/1001 3150/1073/1001 3005/1073/1001
f 2997/1073/1001 3151/1073/1001 3150/1073/1001
f 3004/997/1001 2974/997/1001 2986/997/1001
f 3004/997/1001 2996/997/1001 2974/997/1001
f 3004/997/1001 3152/997/1001 2996/997/1001
f 3004/997/1001 3153/997/1001 3152/997/1001
f 2984/996/1001 3148/996/1001 3002/996/1001
f 2984/996/1001 3149/996/1001 3148/996/1001
f 2984/996/1001 2994/996/1001 3149/996/1001
f 2984/996/1001 2972/996/1001 2994/996/1001
f 3114/1070/1003 3013/1064/946 2973/1064/946
f 3114/1070/1003 3016/1059/946 3013/1064/946
f 3113/1063/1003 3016/1059/946 3114/1070/1003
f 3113/1063/1003 2976/1059/946 3016/1059/946
f 3015/1051/938 3111/1055/1002 2975/1051/938
f 3017/1056/938 3111/1055/1002 3015/1051/938
f 3017/1056/938 3112/1062/1002 3111/1055/1002
f 3017/1056/938 2977/1056/938 3112/1062/1002
f 3212/928/927 3203/934/927 3204/934/927
f 3208/932/928 3206/933/927 3203/934/927
f 3203/934/927 3209/931/927 3208/932/928
f 3203/934/927 3210/930/927 3209/931/927
f 3203/934/927 3211/929/927 3210/930/927
f 3203/934/927 3212/928/927 3211/929/927
f 3213/937/928 3202/935/927 3207/936/927
f 3214/938/927 3202/935/927 3213/937/928
f 3215/939/927 3202/935/927 3214/938/927
f 3216/940/928 3202/935/927 3215/939/927
f 3217/941/927 3202/935/927 3216/940/928
f 3217/941/927 3205/935/927 3202/935/927
f 3203/934/927 2898/935/927 2899/934/927
f 3206/942/927 2898/935/927 3203/934/927
f 3207/936/927 2898/935/927 3206/942/927
f 3207/936/927 3202/935/927 2898/935/927
f 3225/943/1068 3222/944/1067 3223/945/1066
f 3234/947/1069 3222/944/1067 3225/943/1068
f 3234/947/1069 3235/946/1070 3222/944/1067
f 3238/943/1073 3234/947/1072 3225/943/1071
f 3238/943/1073 3239/947/1071 3234/947/1072
f 3234/947/1069 3226/948/1074 3232/949/1067
f 3232/949/1067 3235/946/1070 3234/947/1069
f 3221/950/938 3231/951/938 3240/952/938
f 3224/953/1076 3225/943/1068 3223/945/1066
f 3224/953/1076 3240/952/1075 3225/943/1068
f 3230/955/1080 3234/947/1069 3233/954/1080
f 3230/955/1080 3226/948/1074 3234/947/1069
f 3230/955/1080 3227/958/1077 3226/948/1074
f 3229/956/1079 3227/958/1077 3230/955/1080
f 3229/956/1079 3228/957/1078 3227/958/1077
f 3236/960/946 3241/961/1081 3242/959/946
f 3236/960/946 3233/954/1082 3241/961/1081
f 3233/954/1082 3239/947/1083 3241/961/1081
f 3233/954/1082 3234/947/1083 3239/947/1083
f 3238/943/938 3240/952/938 3231/951/938
f 3238/943/938 3225/943/938 3240/952/938
f 3237/963/1085 3231/951/1084 3221/950/1086
f 3237/963/1085 3243/962/1087 3231/951/1084
f 3242/959/1084 3243/962/1087 3237/963/1085
f 3242/959/1084 3241/961/1084 3243/962/1087
f 3267/968/1088 3252/964/1092 3250/965/1091
f 3250/965/1091 3266/967/1089 3267/968/1088
f 3250/965/1091 3259/966/1090 3266/967/1089
f 3261/970/1096 3247/973/1093 3253/969/1097
f 3260/971/1095 3247/973/1093 3261/970/1096
f 3260/971/1095 3254/972/1094 3247/973/1093
f 3249/978/1098 3262/976/1100 3256/977/1099
f 3249/978/1098 3263/975/1101 3262/976/1100
f 3249/978/1098 3255/974/1102 3263/975/1101
f 3251/983/1103 3264/981/1105 3258/982/1104
f 3265/980/1106 3264/981/1105 3251/983/1103
f 3251/983/1103 3257/979/1107 3265/980/1106
f 3247/973/1093 3223/945/1066 3245/986/1108
f 3254/972/1094 3223/945/1066 3247/973/1093
f 3255/984/1102 3223/945/1066 3254/972/1094
f 3249/978/1098 3223/945/1066 3255/984/1102
f 3244/985/1109 3223/945/1066 3249/978/1098
f 3244/985/1109 3224/953/1076 3223/945/1066
f 3220/989/1111 3250/965/1091 3246/988/1112
f 3248/990/1110 3250/965/1091 3220/989/1111
f 3248/990/1110 3259/987/1090 3250/965/1091
f 3248/990/1110 3258/982/1104 3259/987/1090
f 3248/990/1110 3251/983/1103 3258/982/1104
f 3246/988/1112 3245/986/1108 3219/991/1113
f 3250/965/1091 3245/986/1108 3246/988/1112
f 3252/964/1092 3245/986/1108 3250/965/1091
f 3253/969/1097 3245/986/1108 3252/964/1092
f 3253/969/1097 3247/973/1093 3245/986/1108
f 3218/992/1114 3251/983/1103 3248/990/1110
f 3244/985/1109 3251/983/1103 3218/992/1114
f 3244/985/1109 3257/979/1107 3251/983/1103
f 3244/985/1109 3256/993/1099 3257/979/1107
f 3244/985/1109 3249/978/1098 3256/993/1099
f 3310/994/927 3268/995/1024 3308/995/927
f 3310/994/927 3270/994/1024 3268/995/1024
f 3314/996/927 3276/997/1115 3316/997/927
f 3314/996/927 3274/996/1115 3276/997/1115
f 3333/998/987 3348/1000/988 3332/1001/987
f 3333/998/987 3349/999/988 3348/1000/988
f 3349/999/988 3350/1003/989 3348/1000/988
f 3349/999/988 3351/1002/989 3350/1003/989
f 3351/1002/989 3321/1005/990 3350/1003/989
f 3351/1002/989 3320/1004/991 3321/1005/990
f 3352/999/983 3335/1001/982 3353/1000/983
f 3352/999/983 3334/998/982 3335/1001/982
f 3354/1002/984 3353/1000/983 3355/1003/984
f 3354/1002/984 3352/999/983 3353/1000/983
f 3331/1004/985 3355/1003/984 3330/1005/986
f 3331/1004/985 3354/1002/984 3355/1003/984
f 3356/1008/997 3337/1006/996 3357/1007/997
f 3356/1008/997 3336/1009/996 3337/1006/996
f 3358/1011/998 3357/1007/997 3359/1010/998
f 3358/1011/998 3356/1008/997 3357/1007/997
f 3323/1013/999 3359/1010/998 3322/1012/999
f 3323/1013/999 3358/1011/998 3359/1010/998
f 3339/1009/992 3360/1007/993 3338/1006/992
f 3339/1009/992 3361/1008/993 3360/1007/993
f 3361/1008/993 3362/1010/994 3360/1007/993
f 3361/1008/993 3363/1011/994 3362/1010/994
f 3363/1011/994 3329/1012/995 3362/1010/994
f 3363/1011/994 3328/1013/995 3329/1012/995
f 3341/1014/987 3364/1016/988 3340/1017/987
f 3341/1014/987 3365/1015/988 3364/1016/988
f 3365/1015/988 3366/1019/989 3364/1016/988
f 3365/1015/988 3367/1018/989 3366/1019/989
f 3367/1018/989 3325/1021/991 3366/1019/989
f 3367/1018/989 3324/1020/990 3325/1021/991
f 3368/1015/983 3343/1017/982 3369/1016/983
f 3368/1015/983 3342/1014/982 3343/1017/982
f 3370/1018/984 3369/1016/983 3371/1019/984
f 3370/1018/984 3368/1015/983 3369/1016/983
f 3327/1020/1000 3371/1019/984 3326/1021/985
f 3327/1020/1000 3370/1018/984 3371/1019/984
f 3345/1017/987 3372/999/988 3344/998/987
f 3345/1017/987 3373/1016/988 3372/999/988
f 3373/1016/988 3374/1002/989 3372/999/988
f 3373/1016/988 3375/1019/989 3374/1002/989
f 3375/1019/989 3320/1004/991 3374/1002/989
f 3375/1019/989 3325/1021/991 3320/1004/991
f 3376/1016/983 3347/998/982 3377/999/983
f 3376/1016/983 3346/1017/982 3347/998/982
f 3378/1019/984 3377/999/983 3379/1002/984
f 3378/1019/984 3376/1016/983 3377/999/983
f 3326/1021/985 3379/1002/984 3331/1004/985
f 3326/1021/985 3378/1019/984 3379/1002/984
f 3372/999/1001 3333/998/1001 3344/998/1001
f 3372/999/1001 3349/999/1001 3333/998/1001
f 3372/999/1001 3351/1022/1001 3349/999/1001
f 3374/1023/1001 3351/1022/1001 3372/999/1001
f 3374/1023/1001 3320/1004/1001 3351/1022/1001
f 3348/1000/938 3269/1001/938 3332/1001/938
f 3350/1003/938 3321/1005/1002 3269/1001/938
f 3269/1001/938 3348/1000/938 3350/1003/938
f 3359/1024/938 3273/1025/938 3322/1012/1002
f 3357/1007/938 3273/1025/938 3359/1024/938
f 3357/1007/938 3337/1006/938 3273/1025/938
f 3272/1009/946 3358/1027/946 3323/1026/1003
f 3272/1009/946 3356/1008/946 3358/1027/946
f 3272/1009/946 3336/1009/946 3356/1008/946
f 3365/1015/946 3341/1014/946 3271/1014/946
f 3367/1018/946 3365/1015/946 3271/1014/946
f 3271/1014/946 3324/1020/1003 3367/1018/946
f 3364/1016/1001 3345/1017/1001 3340/1017/1001
f 3364/1016/1001 3373/1016/1001 3345/1017/1001
f 3364/1016/1001 3375/1028/1001 3373/1016/1001
f 3366/1028/1001 3375/1028/1001 3364/1016/1001
f 3366/1028/1001 3325/1021/1001 3375/1028/1001
f 3376/1016/946 3343/1017/1001 3346/1017/1001
f 3376/1016/946 3369/1016/946 3343/1017/1001
f 3376/1016/946 3371/1028/946 3369/1016/946
f 3378/1028/946 3371/1028/946 3376/1016/946
f 3378/1028/946 3326/1021/1001 3371/1028/946
f 3368/1015/946 3283/1014/946 3342/1014/946
f 3370/1018/946 3327/1020/946 3283/1014/946
f 3283/1014/946 3368/1015/946 3370/1018/946
f 3363/1011/946 3284/1009/946 3328/1026/946
f 3361/1008/946 3284/1009/946 3363/1011/946
f 3361/1008/946 3339/1009/946 3284/1009/946
f 3285/1025/938 3362/1010/938 3329/1012/938
f 3285/1025/938 3360/1007/938 3362/1010/938
f 3285/1025/938 3338/1006/938 3360/1007/938
f 3353/1029/938 3335/1001/938 3281/1001/938
f 3355/1003/938 3353/1029/938 3281/1001/938
f 3281/1001/938 3330/1005/938 3355/1003/938
f 3352/999/946 3347/998/1001 3334/998/1001
f 3352/999/946 3377/999/946 3347/998/1001
f 3352/999/946 3379/1022/946 3377/999/946
f 3354/1023/946 3379/1022/946 3352/999/946
f 3354/1023/946 3331/1004/1001 3379/1022/946
f 3320/1031/991 3322/1012/999 3321/1005/990
f 3320/1031/991 3323/1013/999 3322/1012/999
f 3325/1030/991 3323/1013/999 3320/1031/991
f 3325/1030/991 3324/1020/990 3323/1013/999
f 3328/1013/995 3330/1005/986 3329/1012/995
f 3328/1013/995 3331/998/985 3330/1005/986
f 3328/1013/995 3326/998/985 3331/998/985
f 3328/1013/995 3327/1020/1000 3326/998/985
f 3335/1001/982 3333/998/987 3332/1001/987
f 3335/1001/982 3334/998/982 3333/998/987
f 3336/1009/996 3338/1006/992 3337/1006/996
f 3336/1009/996 3339/1009/992 3338/1006/992
f 3343/1017/982 3341/1014/987 3340/1017/987
f 3343/1017/982 3342/1014/982 3341/1014/987
f 3312/1009/946 3271/1014/946 3311/1014/946
f 3312/1009/946 3324/1020/1003 3271/1014/946
f 3312/1009/946 3323/1013/1003 3324/1020/1003
f 3312/1009/946 3272/1009/946 3323/1013/1003
f 3269/1001/938 3313/1025/938 3309/1001/938
f 3321/1005/1002 3313/1025/938 3269/1001/938
f 3322/1032/1002 3313/1025/938 3321/1005/1002
f 3322/1032/1002 3273/1025/938 3313/1025/938
f 3390/1017/1008 3396/1034/1009 3389/994/1008
f 3390/1017/1008 3397/1033/1009 3396/1034/1009
f 3397/1033/1009 3398/1036/1010 3396/1034/1009
f 3397/1033/1009 3399/1035/1010 3398/1036/1010
f 3399/1035/1010 3381/1038/1011 3398/1036/1010
f 3399/1035/1010 3380/1037/1011 3381/1038/1011
f 3400/1033/1005 3388/994/1004 3401/1034/1005
f 3400/1033/1005 3391/1017/1004 3388/994/1004
f 3402/1035/1006 3401/1034/1005 3403/1036/1006
f 3402/1035/1006 3400/1033/1005 3401/1034/1005
f 3387/1037/1007 3403/1036/1006 3386/1038/1007
f 3387/1037/1007 3402/1035/1006 3403/1036/1006
f 3394/998/1016 3404/1040/1017 3393/995/1016
f 3394/998/1016 3405/1039/1017 3404/1040/1017
f 3405/1039/1017 3406/1042/1018 3404/1040/1017
f 3405/1039/1017 3407/1041/1018 3406/1042/1018
f 3407/1041/1018 3385/1044/1019 3406/1042/1018
f 3407/1041/1018 3384/1043/1019 3385/1044/1019
f 3408/1039/1013 3392/995/1012 3409/1040/1013
f 3408/1039/1013 3395/998/1012 3392/995/1012
f 3410/1041/1014 3409/1040/1013 3411/1042/1014
f 3410/1041/1014 3408/1039/1013 3409/1040/1013
f 3383/1043/1015 3411/1042/1014 3382/1044/1015
f 3383/1043/1015 3410/1041/1014 3411/1042/1014
f 3399/1045/1021 3295/1017/1021 3380/1037/1020
f 3397/1033/1021 3295/1017/1021 3399/1045/1021
f 3397/1033/1021 3390/1017/1021 3295/1017/1021
f 3294/994/1024 3398/1036/927 3381/1038/1023
f 3294/994/1024 3396/1034/927 3398/1036/927
f 3294/994/1024 3389/994/927 3396/1034/927
f 3409/1040/927 3392/995/927 3292/995/1024
f 3411/1047/927 3409/1040/927 3292/995/1024
f 3292/995/1024 3382/1046/1023 3411/1047/927
f 3408/1039/1021 3293/998/1021 3395/998/1021
f 3410/1041/1021 3383/1043/1020 3293/998/1021
f 3293/998/1021 3408/1039/1021 3410/1041/1021
f 3405/1039/1021 3394/998/1021 3301/998/1021
f 3407/1041/1021 3405/1039/1021 3301/998/1021
f 3301/998/1021 3384/1043/1020 3407/1041/1021
f 3404/1040/927 3300/995/1116 3393/995/927
f 3406/1047/927 3385/1046/1117 3300/995/1116
f 3300/995/1116 3404/1040/927 3406/1047/927
f 3403/1036/927 3302/994/1116 3386/1038/1117
f 3401/1034/927 3302/994/1116 3403/1036/927
f 3401/1034/927 3388/994/927 3302/994/1116
f 3303/1017/1021 3402/1045/1021 3387/1037/1020
f 3303/1017/1021 3400/1033/1021 3402/1045/1021
f 3303/1017/1021 3391/1017/1021 3400/1033/1021
f 3381/1038/1011 3383/1043/1015 3382/1044/1015
f 3381/1038/1011 3380/1037/1011 3383/1043/1015
f 3387/1037/1007 3385/1044/1019 3384/1043/1019
f 3387/1037/1007 3386/1038/1007 3385/1044/1019
f 3391/1017/1004 3389/994/1008 3388/994/1004
f 3391/1017/1004 3390/1017/1008 3389/994/1008
f 3395/998/1012 3393/995/1016 3392/995/1012
f 3395/998/1012 3394/998/1016 3393/995/1016
f 3268/995/1024 3382/1044/1023 3292/995/1024
f 3270/994/1024 3382/1044/1023 3268/995/1024
f 3270/994/1024 3381/1038/1023 3382/1044/1023
f 3270/994/1024 3294/994/1024 3381/1038/1023
f 3385/1044/1117 3280/995/1118 3300/995/1116
f 3385/1044/1117 3282/994/1118 3280/995/1118
f 3386/1038/1117 3282/994/1118 3385/1044/1117
f 3386/1038/1117 3302/994/1116 3282/994/1118
f 3280/995/1001 3393/995/1001 3300/995/1001
f 3280/995/1001 3392/995/1001 3393/995/1001
f 3280/995/1001 3292/995/1001 3392/995/1001
f 3280/995/1001 3268/995/1001 3292/995/1001
f 3270/994/1001 3389/994/1001 3294/994/1001
f 3270/994/1001 3388/994/1001 3389/994/1001
f 3270/994/1001 3302/994/1001 3388/994/1001
f 3270/994/1001 3282/994/1001 3302/994/1001
f 3383/1043/1020 3344/998/987 3293/998/1021
f 3383/1043/1020 3345/1017/987 3344/998/987
f 3380/1037/1020 3345/1017/987 3383/1043/1020
f 3380/1037/1020 3295/1017/1021 3345/1017/987
f 3347/998/982 3384/1043/1020 3301/998/1021
f 3346/1017/982 3384/1043/1020 3347/998/982
f 3346/1017/982 3387/1037/1020 3384/1043/1020
f 3346/1017/982 3303/1017/1021 3387/1037/1020
f 3340/1017/1001 3346/1017/1001 3343/1017/1001
f 3340/1017/1001 3303/1017/1001 3346/1017/1001
f 3340/1017/1001 3391/1017/1001 3303/1017/1001
f 3340/1017/1001 3390/1017/1001 3391/1017/1001
f 3340/1017/1001 3295/1017/1001 3390/1017/1001
f 3340/1017/1001 3345/1017/1001 3295/1017/1001
f 3344/998/1001 3395/998/1001 3293/998/1001
f 3344/998/1001 3394/998/1001 3395/998/1001
f 3344/998/1001 3301/998/1001 3394/998/1001
f 3344/998/1001 3347/998/1001 3301/998/1001
f 3344/998/1001 3334/998/1001 3347/998/1001
f 3344/998/1001 3333/998/1001 3334/998/1001
f 3425/1048/987 3456/1050/988 3424/1051/987
f 3425/1048/987 3457/1049/988 3456/1050/988
f 3457/1049/988 3458/1053/989 3456/1050/988
f 3457/1049/988 3459/1052/989 3458/1053/989
f 3459/1052/989 3413/1055/990 3458/1053/989
f 3459/1052/989 3412/1054/991 3413/1055/990
f 3460/1049/983 3427/1051/982 3461/1050/983
f 3460/1049/983 3426/1048/982 3427/1051/982
f 3462/1052/984 3461/1050/983 3463/1053/984
f 3462/1052/984 3460/1049/983 3461/1050/983
f 3423/1054/985 3463/1053/984 3422/1055/1026
f 3423/1054/985 3462/1052/984 3463/1053/984
f 3464/1058/997 3429/1056/1028 3465/1057/997
f 3464/1058/997 3428/1059/1028 3429/1056/1028
f 3466/1061/998 3465/1057/997 3467/1060/998
f 3466/1061/998 3464/1058/997 3465/1057/997
f 3415/1063/1029 3467/1060/998 3414/1062/1029
f 3415/1063/1029 3466/1061/998 3467/1060/998
f 3431/1059/1027 3468/1057/993 3430/1056/1027
f 3431/1059/1027 3469/1058/993 3468/1057/993
f 3469/1058/993 3470/1060/994 3468/1057/993
f 3469/1058/993 3471/1061/994 3470/1060/994
f 3471/1061/994 3421/1062/995 3470/1060/994
f 3471/1061/994 3420/1063/995 3421/1062/995
f 3433/1064/987 3472/1066/988 3432/1067/987
f 3433/1064/987 3473/1065/988 3472/1066/988
f 3473/1065/988 3474/1069/989 3472/1066/988
f 3473/1065/988 3475/1068/989 3474/1069/989
f 3475/1068/989 3417/1071/991 3474/1069/989
f 3475/1068/989 3416/1070/990 3417/1071/991
f 3476/1065/983 3435/1067/982 3477/1066/983
f 3476/1065/983 3434/1064/982 3435/1067/982
f 3478/1068/984 3477/1066/983 3479/1069/984
f 3478/1068/984 3476/1065/983 3477/1066/983
f 3419/1070/1026 3479/1069/984 3418/1071/985
f 3419/1070/1026 3478/1068/984 3479/1069/984
f 3437/1072/987 3480/1049/988 3436/1073/987
f 3437/1072/987 3481/1066/988 3480/1049/988
f 3481/1066/988 3482/1052/989 3480/1049/988
f 3481/1066/988 3483/1069/989 3482/1052/989
f 3483/1069/989 3412/1054/991 3482/1052/989
f 3483/1069/989 3417/1071/991 3412/1054/991
f 3484/1066/983 3443/1073/982 3485/1049/983
f 3484/1066/983 3442/1072/982 3443/1073/982
f 3486/1069/984 3485/1049/983 3487/1052/984
f 3486/1069/984 3484/1066/983 3485/1049/983
f 3418/1071/985 3487/1052/984 3423/1054/985
f 3418/1071/985 3486/1069/984 3487/1052/984
f 3488/1075/1032 3450/996/1004 3489/1074/1032
f 3488/1075/1032 3449/1072/1004 3450/996/1004
f 3490/1077/1033 3489/1074/1032 3491/1076/1033
f 3490/1077/1033 3488/1075/1032 3489/1074/1032
f 3447/1079/1007 3491/1076/1033 3446/1078/1007
f 3447/1079/1007 3490/1077/1033 3491/1076/1033
f 3448/1072/1008 3492/1074/1030 3451/996/1008
f 3448/1072/1008 3493/1075/1030 3492/1074/1030
f 3493/1075/1030 3494/1076/1031 3492/1074/1030
f 3493/1075/1030 3495/1077/1031 3494/1076/1031
f 3495/1077/1031 3439/1078/1011 3494/1076/1031
f 3495/1077/1031 3438/1079/1011 3439/1078/1011
f 3496/1081/1036 3454/997/1012 3497/1080/1036
f 3496/1081/1036 3453/1073/1012 3454/997/1012
f 3498/1083/1037 3497/1080/1036 3499/1082/1037
f 3498/1083/1037 3496/1081/1036 3497/1080/1036
f 3441/1085/1015 3499/1082/1037 3440/1084/1015
f 3441/1085/1015 3498/1083/1037 3499/1082/1037
f 3452/1073/1016 3500/1080/1034 3455/997/1016
f 3452/1073/1016 3501/1081/1034 3500/1080/1034
f 3501/1081/1034 3502/1082/1035 3500/1080/1034
f 3501/1081/1034 3503/1083/1035 3502/1082/1035
f 3503/1083/1035 3445/1084/1019 3502/1082/1035
f 3503/1083/1035 3444/1085/1019 3445/1084/1019
f 3480/1049/1119 3425/1073/1001 3436/1073/1001
f 3480/1049/1119 3457/1049/1119 3425/1073/1001
f 3480/1049/1119 3459/1086/1119 3457/1049/1119
f 3482/1087/1119 3459/1086/1119 3480/1049/1119
f 3482/1087/1119 3412/1054/1001 3459/1086/1119
f 3456/1089/938 3277/1051/938 3424/1051/938
f 3458/1090/938 3413/1088/1002 3277/1051/938
f 3277/1051/938 3456/1089/938 3458/1090/938
f 3467/1060/938 3279/1056/938 3414/1062/1002
f 3465/1091/938 3279/1056/938 3467/1060/938
f 3465/1091/938 3429/1056/938 3279/1056/938
f 3278/1059/946 3466/1061/946 3415/1092/1003
f 3278/1059/946 3464/1058/946 3466/1061/946
f 3278/1059/946 3428/1059/946 3464/1058/946
f 3473/1065/946 3433/1064/946 3275/1064/946
f 3475/1068/946 3473/1065/946 3275/1064/946
f 3275/1064/946 3416/1070/1003 3475/1068/946
f 3472/1066/938 3437/1072/1001 3432/1072/1001
f 3472/1066/938 3481/1094/938 3437/1072/1001
f 3472/1066/938 3483/1093/938 3481/1094/938
f 3474/1093/938 3483/1093/938 3472/1066/938
f 3474/1093/938 3417/1071/1001 3483/1093/938
f 3484/1066/938 3435/1072/1001 3442/1072/1001
f 3484/1066/938 3477/1094/938 3435/1072/1001
f 3484/1066/938 3479/1093/938 3477/1094/938
f 3486/1093/938 3479/1093/938 3484/1066/938
f 3486/1093/938 3418/1071/1001 3479/1093/938
f 3476/1095/946 3287/1064/946 3434/1064/946
f 3478/1068/946 3419/1070/946 3287/1064/946
f 3287/1064/946 3476/1095/946 3478/1068/946
f 3471/1061/946 3290/1059/946 3420/1092/946
f 3469/1058/946 3290/1059/946 3471/1061/946
f 3469/1058/946 3431/1059/946 3290/1059/946
f 3291/1056/938 3470/1060/938 3421/1062/938
f 3291/1056/938 3468/1057/938 3470/1060/938
f 3291/1056/938 3430/1056/938 3468/1057/938
f 3461/1089/938 3427/1051/938 3289/1051/938
f 3463/1096/938 3461/1089/938 3289/1051/938
f 3289/1051/938 3422/1088/938 3463/1096/938
f 3460/1049/1120 3443/1073/1001 3426/1073/1001
f 3460/1049/1120 3485/1049/1120 3443/1073/1001
f 3460/1049/1120 3487/1086/1120 3485/1049/1120
f 3462/1087/1120 3487/1086/1120 3460/1049/1120
f 3462/1087/1120 3423/1054/1001 3487/1086/1120
f 3495/1097/1063 3297/1072/1064 3438/1079/1063
f 3493/1075/1063 3297/1072/1064 3495/1097/1063
f 3493/1075/1063 3448/1072/1063 3297/1072/1064
f 3296/996/1062 3494/1076/1060 3439/1078/1121
f 3296/996/1062 3492/1098/1060 3494/1076/1060
f 3296/996/1062 3451/996/1061 3492/1098/1060
f 3497/1080/1058 3454/997/1057 3298/997/1056
f 3499/1082/1058 3497/1080/1058 3298/997/1056
f 3298/997/1056 3440/1084/1122 3499/1082/1058
f 3496/1099/1053 3299/1073/1054 3453/1073/1052
f 3498/1100/1053 3441/1085/1052 3299/1073/1054
f 3299/1073/1054 3496/1099/1053 3498/1100/1053
f 3501/1099/1051 3452/1073/1049 3307/1073/1050
f 3503/1100/1051 3501/1099/1051 3307/1073/1050
f 3307/1073/1050 3444/1085/1049 3503/1100/1051
f 3500/1080/1046 3306/997/1048 3455/997/1047
f 3502/1082/1046 3445/1084/1123 3306/997/1048
f 3306/997/1048 3500/1080/1046 3502/1082/1046
f 3491/1076/1044 3304/996/1042 3446/1078/1124
f 3489/1098/1044 3304/996/1042 3491/1076/1044
f 3489/1098/1044 3450/996/1043 3304/996/1042
f 3305/1072/1040 3490/1077/1039 3447/1079/1039
f 3305/1072/1040 3488/1075/1039 3490/1077/1039
f 3305/1072/1040 3449/1072/1039 3488/1075/1039
f 3412/1102/991 3414/1062/1029 3413/1055/990
f 3412/1102/991 3415/1063/1029 3414/1062/1029
f 3417/1101/991 3415/1063/1029 3412/1102/991
f 3417/1101/991 3416/1070/990 3415/1063/1029
f 3420/1063/995 3422/1055/1026 3421/1062/995
f 3420/1063/995 3423/1073/985 3422/1055/1026
f 3420/1063/995 3418/1073/985 3423/1073/985
f 3420/1063/995 3419/1070/1026 3418/1073/985
f 3427/1051/982 3425/1048/987 3424/1051/987
f 3427/1051/982 3426/1048/982 3425/1048/987
f 3428/1059/1028 3430/1056/1027 3429/1056/1028
f 3428/1059/1028 3431/1059/1027 3430/1056/1027
f 3435/1067/982 3433/1064/987 3432/1067/987
f 3435/1067/982 3434/1064/982 3433/1064/987
f 3297/1072/1064 3436/1073/987 3299/1073/1054
f 3297/1072/1064 3437/1072/987 3436/1073/987
f 3439/1078/1011 3441/1085/1015 3440/1084/1015
f 3439/1078/1011 3438/1079/1011 3441/1085/1015
f 3443/1073/982 3305/1072/1040 3307/1073/1050
f 3443/1073/982 3442/1072/982 3305/1072/1040
f 3447/1079/1007 3445/1084/1019 3444/1085/1019
f 3447/1079/1007 3446/1078/1007 3445/1084/1019
f 3449/1072/1004 3451/996/1008 3450/996/1004
f 3449/1072/1004 3448/1072/1008 3451/996/1008
f 3453/1073/1012 3455/997/1016 3454/997/1012
f 3453/1073/1012 3452/1073/1016 3455/997/1016
f 3276/997/1115 3440/1084/1122 3298/997/1056
f 3274/996/1115 3440/1084/1122 3276/997/1115
f 3274/996/1115 3439/1078/1121 3440/1084/1122
f 3274/996/1115 3296/996/1062 3439/1078/1121
f 3445/1084/1123 3288/997/1125 3306/997/1048
f 3445/1084/1123 3286/996/1125 3288/997/1125
f 3446/1078/1124 3286/996/1125 3445/1084/1123
f 3446/1078/1124 3304/996/1042 3286/996/1125
f 3297/1072/1001 3432/1067/1001 3437/1072/1001
f 3297/1072/1001 3435/1067/1001 3432/1067/1001
f 3297/1072/1001 3442/1072/1001 3435/1067/1001
f 3297/1072/1001 3305/1072/1001 3442/1072/1001
f 3297/1072/1001 3449/1072/1001 3305/1072/1001
f 3297/1072/1001 3448/1072/1001 3449/1072/1001
f 3436/1073/1001 3453/1073/1001 3299/1073/1001
f 3436/1073/1001 3452/1073/1001 3453/1073/1001
f 3436/1073/1001 3307/1073/1001 3452/1073/1001
f 3436/1073/1001 3443/1073/1001 3307/1073/1001
f 3436/1073/1001 3426/1048/1001 3443/1073/1001
f 3436/1073/1001 3425/1048/1001 3426/1048/1001
f 3288/997/1001 3455/997/1001 3306/997/1001
f 3288/997/1001 3454/997/1001 3455/997/1001
f 3288/997/1001 3298/997/1001 3454/997/1001
f 3288/997/1001 3276/997/1001 3298/997/1001
f 3304/996/1001 3274/996/1001 3286/996/1001
f 3304/996/1001 3296/996/1001 3274/996/1001
f 3304/996/1001 3451/996/1001 3296/996/1001
f 3304/996/1001 3450/996/1001 3451/996/1001
f 3318/1059/946 3275/1064/946 3315/1064/946
f 3318/1059/946 3416/1070/1003 3275/1064/946
f 3318/1059/946 3415/1063/1003 3416/1070/1003
f 3318/1059/946 3278/1059/946 3415/1063/1003
f 3277/1051/938 3319/1056/938 3317/1051/938
f 3413/1055/1002 3319/1056/938 3277/1051/938
f 3414/1062/1002 3319/1056/938 3413/1055/1002
f 3414/1062/1002 3279/1056/938 3319/1056/938
# 6242 elements

